s1_id,candidate_id,candidate_source,label,stratum,rule_score,s1_name_raw,cand_name_raw,s1_address_raw,cand_address_raw,s1_phone_raw,cand_phone_raw,s1_category_raw,cand_category_raw,name_jw_core,name_substring,phone10_equal,phone7_equal,zip5_equal,zip3_equal,city_equal,state_equal,house_number_equal,geo_dist_km,category_equal,blk_n_keys
B000087,R000050-479,source2,,certain_nonmatch,0.0,Havenwood Pet Inc,Meridian Coffee Corp,"2869 Maple Rd, Raleigh, NC 276175","9434 Broadway St, Raleigh, NC 276175",(835) 899-3945,607-932-3249,pet,coffee,0.5255189255189255,0.0,0.0,0.0,1.0,1.0,0.0,1.0,0.0,,0.0,1.0
B000054,L000431-114,source3,,ambiguous,0.2642857142857143,Ironwood Landscaping,Glenmore Landscapig,"7614 Poplar Ct, Seattle, WA 981505",null,(545) 229-8098,(777) 695-3985,landscaping,gardener,0.7408521303258144,0.0,0.0,0.0,1.0,1.0,,1.0,,0.3677363987283368,1.0,1.0
B001120,R001120-644,source2,,certain_match,1.0,Brookfield Optometry,Brookfield Optometry Ltd,"7099 Sycamore St Ste 721, Raleigh, NC 276175","7099 Sycamore St Ste 721, Raleigh, NC 276175",(811) 696-9434,411-726-9434,optometry,optometry,1.0,1.0,0.0,0.0,1.0,1.0,1.0,1.0,1.0,,1.0,2.0
B001273,R001194-145,source2,,probable_match,0.7785714285714287,Fernwood Printing,Fernwood Printing LLC,"4745 Franklin Ave, Charlotte, NC 282276","3087 Franklin Ave, Charlotte, NC 282276",(223) 789-4104,762-428-0300,printing,,1.0,1.0,0.0,0.0,1.0,1.0,1.0,1.0,0.0,,,2.0
B001026,L001268-132,source3,,certain_match,0.8285714285714285,Willowbrook Automotive Ltd,Willowbrook Auto,"6365 Washington Blvd, Boulder, CO 803721","5134 Washington Blvd, Boulder, CO 803721",(553) 339-6627,(825) 844-3030,auto,tire,0.9454545454545455,1.0,0.0,0.0,1.0,1.0,1.0,1.0,0.0,1.4276941281832354,1.0,2.0
B000673,L001130-624,source3,,certain_nonmatch,0.0,Bramblewood Storage,Thistledon Childcare,"2214 Main Ave Ste 935, Eugene, OR 974099","8318 Lake Way, Eugene, OR 974099",(913) 392-0439,(622) 898-9022,storage,child care services,0.5421052631578948,0.0,0.0,0.0,1.0,1.0,0.0,1.0,0.0,0.34597787799812485,0.0,2.0
B000858,R001171-891,source2,,probable_match,0.2942857142857142,Maple Hill Furniture,Maple Hill Restaurant LP,"1206 Birch St, Rochester, MN 559936","2105 Washington Rd, Rochester, MN 559658",(416) 903-6879,null,restaurant,restaurant,0.908375350140056,0.0,,,0.0,1.0,1.0,1.0,0.0,,1.0,1.0
B000568,L000649-268,source3,,certain_nonmatch,0.0,Blue Ridge Siding,N/A,"2797 Monroe Ave, Eugene, OR 974099","Walnut Blvd, Eugene, OR 974352",(317) 709-9748,(785) 429-0339,restaurant,storage units,,0.0,0.0,0.0,0.0,1.0,0.0,1.0,,0.46126837238719753,0.0,1.0
B000866,R000430-602,source2,,probable_match,0.24428571428571422,Brookfield Childcare,Brookfield Electrical Co,"6910 Broadway Ave, Charlotte, NC 282473","6691 Poplar Blvd Ste 279, Charlotte, NC 282388",(528) 402-3229,719-309-9152,childcare,electrical,0.9180952380952381,0.0,0.0,0.0,0.0,1.0,1.0,1.0,0.0,,0.0,1.0
B000106,L000979-115,source3,,ambiguous,0.2142857142857143,Eastgate Roofing,Sunset Pools,"1769 Birch Way, Denver, CO 802906",,(276) 282-5277,430-7250,roofing,pool and spa services,0.5694444444444445,0.0,,0.0,0.0,1.0,,1.0,,0.5887903295791672,0.0,1.0
B000288,R001166-966,source2,,ambiguous,0.1642857142857143,Blue Ridge Hardware,Lakeside Restaurant LP,"6569 Maple Pl, Nashville, TN 372348","3288 Mpale Ln, Nashville, TN 372348",(519) 535-1415,553-900-5402,restaurant,restaurant,0.5980861244019139,0.0,0.0,0.0,1.0,1.0,1.0,1.0,0.0,,1.0,1.0
B001070,R001070-834,source2,,certain_match,1.0,Fernwood Accounting,Fernwood Accounting LLC,"7818 Franklin Rd Ste 240, Rochester, MN 559936","7818 Franklin Rd Ste 240, Rochester, MN 559936",null,542-707-7120,accounting,accounting,1.0,1.0,,,1.0,1.0,1.0,1.0,1.0,,1.0,2.0
B000600,R000600-283,source2,,certain_match,1.0,Copperfield Automotive Ltd,Copperfield Automotive Ltd,"8626 Lake Blvd, Charlotte, NC 282473","8662 Lake Blvd, Charlotte, NC 282473",(401) 223-1369,401-223-1369,auto,,1.0,1.0,1.0,1.0,1.0,1.0,1.0,1.0,0.0,,,3.0
B000223,L001163-312,source3,,ambiguous,0.2142857142857143,Fernwood Bicycle,Meridian Dental,"6740 Main Pl Ste 839, Springfield, IL 627025",-,(749) 493-0280,(249) 831-6672,bike,dentist,0.5944444444444444,0.0,0.0,0.0,,,,1.0,,0.5385863447815843,0.0,1.0
B000534,L000534-982,source3,,probable_match,0.6392857142857145,Sunset Gym,Sunset Gym,"1753 Chestnut Way, Naperville, IL 605030","4971 Main Ave, Naperville, IL 605030",(510) 745-7552,745-7552,fitness,pilates,1.0,1.0,,1.0,,,0.0,1.0,0.0,0.384809259460345,1.0,1.0
B000743,L000743-611,source3,,probable_match,0.24285714285714277,Bramblewood Printing,Bramblewood Prinitng,"5389 Poplar Blvd, Rochester, MN 559146","6539 Broadway Ct, Rochester, MN 559146",(674) 789-0640,N/A,printing,print shop,0.99,0.0,,,1.0,1.0,0.0,1.0,0.0,0.3595876983297713,1.0,3.0
B000453,L000433-356,source3,,ambiguous,0.2285714285714286,Clearwater Dental,Copperfield Pet,"2552 Park Way Ste 635, Tucson, AZ 857944",null,(553) 493-7687,N/A,dental,pets,0.6357298474945533,0.0,,,1.0,1.0,,1.0,,0.3564767194733863,0.0,2.0
B001110,R000600-708,source2,,ambiguous,0.24428571428571422,Copperfield Plumbing,Copperfield Automotive Ltd,"3107 Liberty Pl, Charlotte, NC 282167","8626 Lake Blvd, Charlotte, NC 282473",(330) 612-0161,401-223-1369,plumbing,auto,0.8863636363636364,0.0,0.0,0.0,0.0,1.0,1.0,1.0,0.0,,0.0,1.0
B000585,R000800-445,source2,,ambiguous,0.1642857142857143,Silver Lake Floral,Quarry Hill Childcare Co,"6642 Pine Rd, Austin, TX 787296","5800A Franklin Rd, Austin, TX 787296",(842) 675-0022,483-638-8529,restaurant,restaurant,0.5772486772486772,0.0,0.0,0.0,1.0,1.0,1.0,1.0,0.0,,1.0,1.0
B001171,R001231-629,source2,,probable_match,0.2942857142857142,Maple Hill Restaurant LP,Maple Hill Furniture LLC,"2105 Washington Rd, Rochester, MN 559658","5197 Birch St, Rochester, MN 559936",(278) 470-2726,305-587-0575,restaurant,restaurant,0.908375350140056,0.0,0.0,0.0,0.0,1.0,1.0,1.0,0.0,,1.0,1.0
B000709,L000709-328,source3,,probable_match,0.7285714285714284,Clearwater Landscaping,Clearwater Landscaping,"3451 Willow Ln, Nashville, TN 372348","3451 Willow Ln, Nashville, TN 372348",(217) 908-2190,null,landscaping,pest control,1.0,1.0,,,1.0,1.0,0.0,1.0,1.0,0.38092753164343646,1.0,2.0
B000492,L000731-854,source3,,ambiguous,0.2142857142857143,Bramblewood Salon,Thistledown Cleaners,"5766 Walnut St, Cleveland, OH 441429",-,null,,beauty,dry cleaner,0.5627450980392158,0.0,,,0.0,1.0,,,,0.16906379979422564,0.0,1.0
B000095,L000337-806,source3,,ambiguous,0.2142857142857143,N/A,Fairview Printing,"4333 Cherry Way Ste 477, Rochester, MN 559142",-,(967) 888-4295,,restaurant,print shop,,0.0,,,0.0,1.0,,1.0,,0.244441447605211,0.0,1.0
B001104,R001104-606,source2,,probable_match,0.7285714285714284,Foxglove Landscaping,Foxglove Landscaping LLC,"3222 Willow Dr Ste 581, Seattle, WA 981773","3222 Willow Dr Ste 581, Seattle, WA 981773",null,721-402-5931,landscaping,landscaping,1.0,1.0,,,1.0,1.0,0.0,1.0,1.0,,1.0,2.0
B000597,L000597-791,source3,,certain_match,1.0,Northstar Optometry,Northstar Optometry,-,"6110 Willow Ln, Phoenix, AZ 850044",(747) 508-1990,(747) 508-1990,optometry,opticians and ophthalmologists,1.0,1.0,1.0,1.0,1.0,1.0,0.0,1.0,,0.42359306656230433,1.0,4.0
B000258,L000258-702,source3,,probable_match,0.547857142857143,Silver Lake Storage,Silver Storage,"536 Highland Blvd Ste 395, Minneapolis, MN 554217","Highland Blvd, Minneapolis, MN 554217",(669) 779-8115,779-8115,restaurant,eating places,0.9045112781954887,0.0,,1.0,1.0,1.0,0.0,1.0,,0.24366666051030922,1.0,3.0
B000912,R000947-621,source2,,ambiguous,0.24428571428571422,Windward Pharmacy,Windward Moving Ltd,"6863 Lake Blvd, Dallas, TX 752103","5978 Cedar Ln, Dallas, TX 752284",(751) 450-6678,362-306-6282,pharmacy,moving,0.8509803921568627,0.0,0.0,0.0,0.0,1.0,1.0,1.0,0.0,,0.0,1.0
B000582,R000210-406,source2,,ambiguous,0.24428571428571422,Kensington Siding,Kensington Electric Ltd,"84 Jefferson Rd, Spokane, WA 992048","9797 Liberty Ln, Spokane, WA 992112",(682) 951-8261,569-449-2347,siding,electric,0.8674922600619195,0.0,0.0,0.0,0.0,1.0,1.0,1.0,0.0,,0.0,1.0
B000161,R000747-623,source2,,probable_match,0.2942857142857142,Cedar Grove Barber,Cedar Grove Restaurant LP,"2581 Market Dr, Savannah, GA 314663","7172 Elm Blvd, Savannah, GA 314718",(854) 378-5922,366-374-0295,restaurant,restaurant,0.9107323232323231,0.0,0.0,0.0,0.0,1.0,1.0,1.0,0.0,,1.0,1.0
B000983,L000856-376,source3,,ambiguous,0.2142857142857143,Thistledown Storage LP,Ironwood Bicycle,"7773 Elm Way, Boulder, CO 803196",,(299) 518-5818,785-6265,storage,bicycle dealers,0.5570175438596491,0.0,,0.0,0.0,1.0,,1.0,,0.05721920336155616,0.0,1.0
B001286,L001286-222,source3,,probable_match,0.7428571428571429,Silver Lake Bicycle,Silver Lake Bicyclei Shop,"8977 Chestnut St, Spokane, WA 992112","8977 Chestnut St, Spokane, WA 992112",(295) 833-1886,N/A,restaurant,cafe,0.99,1.0,,,1.0,1.0,0.0,1.0,1.0,0.2817253091924313,1.0,3.0
B001159,R000100-351,source2,,ambiguous,0.24428571428571422,Foxglove Gym,Foxglove Automotive Inc,"3543 Lincoln Ct Ste 250, Denver, CO 802849","2002 Monroe Dr, Denver, CO 802370",(399) 965-6921,418-857-9783,fitness,auto,0.8719298245614036,0.0,0.0,0.0,0.0,1.0,1.0,1.0,0.0,,0.0,1.0
B001135,L000746-908,source3,,ambiguous,0.2142857142857143,Riverbend Salon,Deepford Insurance,"6527 Hickory Ln Ste 647, Phoenix, AZ 850747",null,(523) 669-4616,(340) 534-7606,beauty,insurance agency,0.6602693602693602,0.0,0.0,0.0,,,,1.0,,0.5019417209845874,0.0,1.0
B000438,R000303-566,source2,,ambiguous,0.1642857142857143,Amberly Furniture,Foxglove Furnitur Corp,"5690 Lincoln St, Savannah, GA 314273","9268 Spruce Ct Ste 376, Savannah, GA 314273",(669) 323-8490,227-526-9783,furniture,furniture,0.6131907308377896,0.0,0.0,0.0,1.0,1.0,1.0,1.0,0.0,,1.0,1.0
B000168,R000396-841,source2,,probable_match,0.4585714285714286,Northstar Electric LLC,Northstar Childcare Corp,"745 Sycamore St, New Orleans, LA 701919","8239 Cedar Ave Ste 802, New Orleans, LA 701919",(867) 415-9373,822-288-4612,electric,childcare,0.9086988304093567,0.0,0.0,0.0,1.0,1.0,1.0,1.0,0.0,,0.0,2.0
B000469,R000747-623,source2,,ambiguous,0.2942857142857142,Cedar Grove Optometry Inc,Cedar Grove Restaurant LP,"8587 Broadway Way, Savannah, GA 314699","7172 Elm Blvd, Savannah, GA 314718",(358) 827-4638,366-374-0295,restaurant,restaurant,0.8853354978354979,0.0,0.0,0.0,0.0,1.0,1.0,1.0,0.0,,1.0,1.0
B001216,L001216-672,source3,,probable_match,0.6928571428571428,Grandview Dental,Grandview Dental Shop,"654 Birch Way, Boston, MA 021410","654 Birh Way, Boston, MA 021410",null,872-6858,dental,,1.0,1.0,,,1.0,1.0,0.0,1.0,1.0,0.5644437249499455,,3.0
B001044,R001044-341,source2,,certain_match,1.0,Northstar Legal,Northstar Legal Ltdo,"7432 Lincoln Ave, Columbus, OH 432665","7432 Lincolna Ave, Columbus, OH 432665",(447) 947-1675,447-947-1675,legal,legal,0.95,1.0,1.0,1.0,1.0,1.0,1.0,1.0,1.0,,1.0,3.0
B000296,L000296-155,source3,,probable_match,0.7392857142857141,,Stonegate Roofing,"4985 Monroe Ave, Naperville, IL 605517","4985 Monroe Ave, Naperville, IL 605517",(242) 420-5370,(242) 420-5370,roofing,roofing contractors,,0.0,1.0,1.0,,,0.0,1.0,1.0,0.41103316769271436,1.0,1.0
B000694,R000785-806,source2,,ambiguous,0.4585714285714286,Lakeside Childcare,Lakeside Insurance LLC,"1512 Oak Way, Boulder, CO 803196","1547 Wanlut Rd, Boulder, CO 803196",(688) 419-7309,,-,insurance,0.8968253968253969,0.0,,,1.0,1.0,1.0,1.0,0.0,,,2.0
B000097,L001072-500,source3,,certain_nonmatch,0.0,Meridian Pharmacy,Brookfield Siding,"743 Oak Ave Ste 604, Boulder, CO 803591","8616 Liberty Dr, Boulder, CO 803677",(300) 440-8807,(917) 774-2807,pharmacy,siding contractors,0.45751633986928103,0.0,0.0,0.0,0.0,1.0,0.0,1.0,0.0,0.24489354278652373,0.0,1.0
B000401,L000401-317,source3,,certain_match,1.0,Foxglove Bakery,Foxglove Bakery Shop,"4672 Hickory Blvd Ste 298, Pittsburgh, PA 152794","4672 Hickory Blvd #298, Pittsburgh, PA 152794",(698) 661-5379,(698) 661-5379,bakery,bakeries,1.0,1.0,1.0,1.0,1.0,1.0,0.0,1.0,1.0,0.4378801146528724,1.0,3.0
B000162,L000432-259,source3,,certain_nonmatch,0.0,Glenmore Electrical,Silver Lake Furniture,"3879 Franklin Blvd, Naperville, IL 605223","6207 Sycaomre Dr, Naperville, IL 605095",(768) 786-6044,,electrical,cafes,0.6100098731677679,0.0,,,0.0,1.0,0.0,1.0,0.0,0.45228012838244513,0.0,1.0
B000778,R000778-711,source2,,probable_match,0.3785714285714286,Stonegate Coffee,StonegateCoffee LLC,"1461 Chestnut Ave, Eugene, OR 974367","1461 Chestnut Ave, Eugene, OR 974367",(963) 318-9385,626-293-9385,coffee,coffee,0.9874999999999999,0.0,0.0,0.0,1.0,1.0,0.0,1.0,1.0,,1.0,2.0
B000408,L000727-904,source3,,certain_nonmatch,0.0,Sunset Floral,Stonegat Salon,"9271 Broadway Rd, Cleveland, OH 441429","4030 Pine Ln #280, Cleveland, OH 441225",(954) 949-7921,(304) 221-2248,floral,N/A,0.6672771672771672,0.0,0.0,0.0,,,0.0,1.0,0.0,0.4035415730680787,,1.0
B000418,L000418-251,source3,,probable_match,0.6035714285714286,Stonegate Hardware,Stonegat eHardware,"9774 Poplar Ln Ste 487, Worcester, MA 016580","9774 Poplar Ln #487, Worcester, MA 016580",(336) 311-0271,311-0271,hardware,home improvement,0.9888888888888889,0.0,,1.0,1.0,1.0,0.0,1.0,1.0,0.39709640935055374,1.0,2.0
B000483,R001047-263-D,source2,,probable_match,0.2942857142857142,Blue Ridge Barber,Blue Ridge Pet Ltd,"6530 Spruce Dr, Denver, CO 802370","9167 Spruce Ct, Denver, CO 802785",(334) 980-2209,980-332-9815,restaurant,restaurant,0.9126050420168067,0.0,0.0,0.0,0.0,1.0,1.0,1.0,0.0,,1.0,1.0
B000862,R000862-809,source2,,certain_match,1.0,Grandview Landscaping,Grandview Landscaping LP,"4606 Lincoln Blvd Ste 912, Cleveland, OH 441603","4606 Lincoln Blvd Ste 912, Cleveland, OH 441603",(520) 369-3372,281-603-3372,landscaping,landscaping,1.0,1.0,0.0,0.0,1.0,1.0,1.0,1.0,1.0,,1.0,2.0
B000543,R001217-419,source2,,certain_match,0.8285714285714285,Acme Restaurant,Acme Restaurant Co,"7975 Broadway St, Philadelphia, PA 191704","2200 Broadway St Ste 971, Philadelphia, PA 191704",(287) 340-6813,540-503-8956,restaurant,restaurant,1.0,1.0,0.0,0.0,1.0,1.0,1.0,1.0,0.0,,1.0,2.0
B000489,R000564-633,source2,,probable_match,0.24428571428571422,Grandview Storage,Grandview Dental LLC,"7618 Sycamore Dr, Boston, MA 021032","5878 Bicrh Way Ste 747, Boston, MA 021410",N/A,953-394-2292,storage,dental,0.9000565610859729,0.0,,,0.0,1.0,1.0,1.0,0.0,,0.0,1.0
B000108,L001273-606,source3,,ambiguous,0.2142857142857143,Deepford Gym,Ferwood Printing,"1875 Sycamore Way, Charlotte, NC 282276",N/A,(939) 420-7046,(223) 789-4104,fitness,sign shop,0.5972222222222222,0.0,0.0,0.0,1.0,1.0,,1.0,,1.8369163940216615,0.0,1.0
B001125,L000200-386,source3,,certain_nonmatch,0.07285714285714284,Willowbrook Plumbing,Willowbrook Optometry,"6960 Sycamore St Ste 867, Minneapolis, MN 554322","7320 Spruce Ave, Minneapolis, MN 554322",(789) 943-9586,(778) 314-1011,plumbing,opticians and ophthalmologists,0.8733333333333333,0.0,0.0,0.0,1.0,1.0,0.0,1.0,0.0,0.3180090628923201,0.0,3.0
B000179,L001277-685,source3,,probable_match,0.42857142857142877,Lakeside Printing,Lakeside Printing Shop,"5374 Hickory Pl Ste 502, Seattle, WA 981093","4958 Hickory Pl, Seattle, WA 981093",(958) 506-9727,(948) 438-4292,printing,sign shop,1.0,1.0,0.0,0.0,1.0,1.0,0.0,1.0,0.0,2.4013892479435466,1.0,2.0
B000753,L000753-396,source3,,probable_match,0.34428571428571425,Maple Hill Accounting LLC,Maple Accountinge,"6589 Sycamore Rd Ste 498, Phoenix, AZ 850044","6589 Sycamore Rd, Phoenix, AZ 850044",(670) 425-1081,,restaurant,-,0.9031162464985995,0.0,,,,,0.0,1.0,1.0,0.13558085208088502,,1.0
B000047,R001155-353,source2,,certain_nonmatch,0.0,Quarry Hill Landscaping Co,Stonegate Coffee LP,"318 Union Ave, Kansas City, MO 641574","9019 Highland Blvd Ste 196, Kansas City, MO 641574",(430) 865-1124,982-399-0863,restaurant,coffee,0.4393115942028986,0.0,0.0,0.0,1.0,1.0,1.0,1.0,0.0,,0.0,1.0
B001226,L000852-482,source3,,probable_match,0.3785714285714287,Amberly Accounting,Amberly Accounting,"5379 Cherry Pl, Cleveland, OH 441225","2665 Cherry Pl, Cleveland, OH 441225",(646) 386-7433,(876) 905-7167,accounting,N/A,1.0,1.0,0.0,0.0,1.0,1.0,0.0,1.0,0.0,3.586192574937116,,2.0
B000474,L000546-917-U,source3,,certain_nonmatch,0.0,Quarry Hill Salon,Quarry Hill Salon,"7516 Market Ln, Naperville, IL 605030","2753 Birch Ln, Chicago, IL 606104",(371) 384-9010,(788) 951-5431,restaurant,beauty salons,1.0,1.0,0.0,0.0,0.0,0.0,0.0,1.0,0.0,46.00064763441371,0.0,1.0
B000003,L001274-816,source3,,certain_nonmatch,0.0,Fairview Gym,Fairview Floral Shop,"4890 Monroe Ave, Spokane, WA 992642","636 Walnut Pl, Spokane, WA 992163",(404) 356-6126,N/A,fitness,florist,0.87,0.0,,,0.0,1.0,0.0,1.0,0.0,1.432941403367857,0.0,1.0
B000984,R000888-894,source2,,certain_nonmatch,0.11428571428571432,Harborview Accounting,Bramblewod Siding Corp,"6131 Poplar Rd Ste 551, Naperville, IL 605616","9782 Prak Dr Ste 546, Naperville, IL 605616",(382) 719-2438,313-271-2280,accounting,siding,0.6024106612341907,0.0,0.0,0.0,1.0,1.0,1.0,1.0,0.0,,0.0,1.0
B000396,L000396-568,source3,,probable_match,0.7285714285714284,Northstar Childcare,Northstar Childcare,"8239 Cedar Ave Ste 802, New Orleans, LA 701919","8239 Cedar Ave, New Orleans, LA 701919",(822) 288-4612,,childcare,child care services,1.0,1.0,,,1.0,1.0,0.0,1.0,1.0,0.7235841561739011,1.0,2.0
B000181,L000181-926,source3,,probable_match,0.7285714285714284,Riverbend Pet,Riverbend Pet,"437 Hickory Dr, Raleigh, NC 276746","437 Hickory Dr, Raleigh, NC 276746",(793) 791-3728,,pet,pet store,1.0,1.0,,,1.0,1.0,0.0,1.0,1.0,0.38642723902155035,1.0,2.0
B000345,R000373-603,source2,,probable_match,0.24428571428571422,Grandview Gym,Grandview Plumbing Inc,"4889 Jefferson Way Ste 974, Naperville, IL 605095","7489 Monroe Way, Naperville, IL 605616",(341) 405-5614,547-310-6790,fitness,plumbing,0.9012820512820513,0.0,0.0,0.0,0.0,1.0,1.0,1.0,0.0,,0.0,1.0
B000245,R000245-413-D,source2,,probable_match,0.2392857142857141,Northstar Cleaners,Northstar Cleaners Corp,"7053 Cedar Way Ste 364, Philadelphia, PA 191704","9354 Pine St, Nashville, TN 372331",(723) 964-8499,723-964-8499,cleaning,cleaning,1.0,1.0,1.0,1.0,0.0,0.0,0.0,0.0,0.0,,1.0,1.0
B000788,R000788-444,source2,,certain_match,0.9142857142857141,Riverbend Furniture Inc,Riverbend Furnitrue Inc,"378 Poplar Pl, Philadelphia, PA 191701","378 Poplar Pl, Philadelphia, PA 191701",(692) 480-1549,936-398-1549,furniture,furniture,0.9894736842105263,0.0,0.0,0.0,1.0,1.0,1.0,1.0,1.0,,1.0,1.0
B001252,R001101-872,source2,,probable_match,0.4785714285714286,Bramblewood Floral,Brambelwood Floral LLC,"6904 Walnut Blvd, Aurora, IL 605558","7891 Walnut Blvd Ste 510, Aurora, IL 605558",(493) 609-7540,634-480-7757,floral,floral,0.9888888888888889,0.0,0.0,0.0,1.0,1.0,1.0,1.0,0.0,,1.0,2.0
B001207,L000032-993,source3,,certain_nonmatch,0.0,Copperfield Siding,Quaryr Hill Legal,"79 Broadway Dr, Denver, CO 802370","2086 Washington Dr, Denver, CO 802906",(528) 551-8133,-,siding,food services,0.5065359477124183,0.0,,,0.0,1.0,0.0,1.0,0.0,1.2151816167005802,0.0,1.0
B000580,L000580-159,source3,,certain_match,1.0,Elmhurst Electrical,Elmhurst Electrical,"2569 Franklin Dr, Seattle, WA 981093","2569 Franklini Dr, Seattle, WA 981093",(375) 791-9056,null,electrical,electrical contractors,1.0,1.0,,,1.0,1.0,1.0,1.0,1.0,0.2676621668608953,1.0,2.0
B000040,R000145-751,source2,,probable_match,0.24428571428571422,Willowbrook Electric,Willowbrook Pet LLC,"7940 Sycamore Dr Ste 550, Philadelphia, PA 191655","1817 Monroe Ct, Philadelphia, PA 191701",,749-216-8443,null,pet,0.9266666666666666,0.0,,,0.0,1.0,1.0,1.0,0.0,,,1.0
B000866,R000878-711,source2,,ambiguous,0.24428571428571422,Brookfield Childcare,Brookfield Gym Ltd,"6910 Broadway Ave, Charlotte, NC 282473","7104 Cedar Ct, Charlotte, NC 282947",(528) 402-3229,544-568-3597,childcare,fitness,0.8671428571428571,0.0,0.0,0.0,0.0,1.0,1.0,1.0,0.0,,0.0,1.0
B000115,L000150-442,source3,,ambiguous,0.24428571428571427,Fairview Roofing,Fairview Storage,"2325 Union Way, Columbus, OH 432027","Oak Ave, Columbus, OH 432574",(294) 964-8691,523-5080,roofing,storage units,0.8833333333333333,0.0,,0.0,0.0,1.0,0.0,1.0,,0.26605740873573175,0.0,1.0
B000027,L000027-694,source3,,probable_match,0.7428571428571429,Brookfield Hardware,Brookfield Hardware,"635 Birch Ave Ste 936, Rochester, MN 559146","635 Birch Ave #936, Rochester, MN 559146",(559) 512-3728,null,hardware,home improvement,1.0,1.0,,,1.0,1.0,0.0,1.0,1.0,0.474995675390426,1.0,3.0
B000038,R000038-542,source2,,certain_match,1.0,Willowbrook Pools,Willowbrook Pools Co,"2185 Franklin Ave, New Orleans, LA 701408","2185 Franklin Ave, New Orleans, LA 701408",(773) 809-5198,773-809-5198,pool,pool,1.0,1.0,1.0,1.0,1.0,1.0,1.0,1.0,1.0,,1.0,3.0
B000402,L001003-890,source3,,certain_nonmatch,0.0,Lakeside Cleaners,Harborview Siding,"7018 Pine Ln Ste 352, Raleigh, NC 276623","7599 Oak Dr, Raleigh, NC 276623",(930) 957-7145,458-3552,cleaning,siding contractors,0.5126050420168067,0.0,,0.0,1.0,1.0,0.0,1.0,0.0,0.16151097019297272,0.0,1.0
B000524,L000524-509,source3,,certain_match,0.9178571428571431,Riverbend Accounting,Riverbend Accounting,"1518 Willow St, Rochester, MN 559146","1518 Willow St, Rochester, MN 559146",(713) 357-3116,357-3116,accounting,-,1.0,1.0,,1.0,1.0,1.0,0.0,1.0,1.0,0.5116812512201114,,3.0
B000045,R000045-350,source2,,certain_match,1.0,Deepford Pools,Deepfrd Pools LLC,"6456 Poplar Pl, Columbus, OH 432027","6456 Polpar Pl, Columbus, OH 432027",(286) 858-7022,286-858-7022,pool,pool,0.9549450549450549,0.0,1.0,1.0,1.0,1.0,1.0,1.0,1.0,,1.0,3.0
B000821,L001210-634,source3,,probable_match,0.42857142857142877,Bramblewood Optometry,Bramblewood Optometry,"2352 Maple Blvd, Charlotte, NC 282388","5825 Maple Blvd, Charlotte, NC 282388",(861) 612-1642,538-0439,optometry,opticians and ophthalmologists,1.0,1.0,,0.0,1.0,1.0,0.0,1.0,0.0,2.5135236676759507,1.0,2.0
B000063,L000063-389,source3,,probable_match,0.42857142857142877,Eastgate Coffee Co,Eastgate Coffee,"8057 Maple Ave, Kansas City, MO 641764","6841 Park Pl, Kansas City, MO 641764",(255) 355-2444,,coffee,coffeehouse,1.0,1.0,,,1.0,1.0,0.0,1.0,0.0,0.4348039749534475,1.0,2.0
B001044,R001044-541,source2,,certain_match,1.0,Northstar Legal,Northstar Legal Ltd,"7432 Lincoln Ave, Columbus, OH 432665","7432 Lincoln Ave, Columbus, OH 432665",(447) 947-1675,653-883-1675,legal,legal,1.0,1.0,0.0,0.0,1.0,1.0,1.0,1.0,1.0,,1.0,2.0
B000174,R000018-923,source2,,ambiguous,0.31428571428571433,N/A,Willowbrook Landscaping LP,"3945 Washington Pl, Denver, CO 802849",,(252) 488-8108,210-669-9224,restaurant,landscaping,,0.0,0.0,0.0,1.0,1.0,1.0,1.0,,,0.0,1.0
B000905,L001066-839-U,source3,,ambiguous,0.5585714285714286,Harborview Coffee,Harborview Restaurant,"3852 Market Rd, Tucson, AZ 857080",-,(317) 221-8174,891-4400,coffee,food services,0.8554621848739495,0.0,,0.0,0.0,1.0,,1.0,,0.5229118130699758,0.0,2.0
B000258,L000348-682,source3,,certain_nonmatch,0.0,Silver Lake Storage,Fernwood Storage,"536 Highland Blvd Ste 395, Minneapolis, MN 554217","7106 Sycamore Ave, Minneapolis, MN 554511",(669) 779-8115,592-0076,restaurant,storage units,0.5837719298245614,0.0,,0.0,0.0,1.0,0.0,1.0,0.0,0.30938619718174803,0.0,1.0
B000740,L000740-521,source3,,probable_match,0.7285714285714284,Thistledown Plumbing,Thistledown Plumbing,"9331 Willow Ave, Dallas, TX 752389","9331 Willow Ave, Dallas, TX 752389",(296) 375-1709,null,plumbing,plumbing contractors,1.0,1.0,,,1.0,1.0,0.0,1.0,1.0,0.1929724457822222,1.0,2.0
B000156,L000344-564,source3,,ambiguous,0.2142857142857143,Windward Gym,Meridian Peti,"2340 Hickory Rd, Rochester, MN 559146",null,(236) 329-1101,-,fitness,animal hospital,0.5982905982905983,0.0,,,0.0,1.0,,1.0,,0.2442416355429477,0.0,1.0
B000319,L000319-273,source3,,certain_match,0.9535714285714286,Windward Bicycle Corp,Windward Bike,"7870 Washington Ave Ste 311, Boulder, CO 803196",-,(854) 498-1342,498-1342,bike,bike shops,0.9346153846153846,0.0,,1.0,1.0,1.0,,1.0,,0.12960481311550998,1.0,2.0
B001164,L000219-949,source3,,ambiguous,0.2142857142857143,Fernwood Salon,-,"9118 Willow Dr, Columbus, OH 432574",,(825) 558-1447,(712) 763-5530,beauty,cafes,,0.0,0.0,0.0,1.0,1.0,,1.0,,0.4889941513720039,0.0,1.0
B001022,L000015-307,source3,,certain_nonmatch,0.0,Harborview Bakery,Blue Salon,"8698 Lincoln Pl, Phoenix, AZ 850549","9572 Birch St, Phoenix, AZ 850549",(828) 826-3222,(362) 258-8320,bakery,eating places,0.46470588235294114,0.0,0.0,0.0,1.0,1.0,0.0,1.0,0.0,0.7148990154453184,0.0,1.0
B000158,L000070-332,source3,,certain_nonmatch,0.0,Clearwater Moving,Fernwood Floral,"6013 Lincoln Rd Ste 385, Aurora, IL 605558","5281 Hickory St #193, Aurora, IL 605558",(317) 226-3048,-,moving,flower shop,0.530905695611578,0.0,,,1.0,1.0,0.0,1.0,0.0,0.5198005194379391,0.0,1.0
B001043,R001135-773,source2,,probable_match,0.24428571428571422,Riverbend Storage,Riverbend Salon Inc,"3414 Main Ln Ste 592, Phoenix, AZ 850826","6572 Hickory Ln Ste 647, Phoenix, AZ 850747",(735) 408-6974,,storage,beauty,0.9108898944193061,0.0,,,0.0,1.0,1.0,1.0,0.0,,0.0,1.0
B000778,L000289-896,source3,,certain_nonmatch,0.0,Stonegate Coffee,Windward Plumbing,"1461 Chestnut Ave, Eugene, OR 974367",null,(963) 318-9385,950-8954,coffee,N/A,0.45465686274509803,0.0,,0.0,0.0,1.0,,1.0,,0.3539312238518523,,1.0
B001260,L000344-564,source3,,ambiguous,0.5442857142857143,Meridian Storage,Meridian Peti,"874 Market Ct Ste 661, Rochester, MN 559469",null,(278) 239-8861,-,storage,animal hospital,0.888548951048951,0.0,,,0.0,1.0,,1.0,,0.991473088348634,0.0,1.0
B001164,R000082-183,source2,,ambiguous,0.24428571428571422,Fernwood Salon,Fernwood Automotive Ltd,"9118 Willow Dr, Columbus, OH 432574","5440 Cedar Pl, Columbus, OH 432733",(825) 558-1447,303-738-7486,beauty,auto,0.8729323308270677,0.0,0.0,0.0,0.0,1.0,1.0,1.0,0.0,,0.0,1.0
B000941,R001211-693,source2,,ambiguous,0.1642857142857143,Grandview Hardware,Highland Hardware Inc,"7203 Highland Dr Ste 463, Eugene, OR 974618","2993 Pine Blvd Ste 883, Eugene, OR 974618",,548-685-2381,hardware,hardware,0.7480547774665421,0.0,,,1.0,1.0,1.0,1.0,0.0,,1.0,1.0
B001216,R000489-418,source2,,probable_match,0.24428571428571422,Grandview Dental,Grandview Storage LLC,"654 Birch Way, Boston, MA 021410","7618 Sycamore Dr, Boston, MA 021032",null,598-876-4445,dental,storage,0.9000565610859729,0.0,,,0.0,1.0,1.0,1.0,0.0,,0.0,1.0
B001201,L000360-999,source3,,probable_match,0.42857142857142877,Riverbend Coffee,Riverbend Coffee,"2821 Broadway St, New Orleans, LA 701919","2268 Broadway St, New Orleans, LA 701919",(682) 573-9880,(567) 648-4395,coffee,coffeehouse,1.0,1.0,0.0,0.0,1.0,1.0,0.0,1.0,0.0,4.587393341890075,1.0,2.0
B001172,R000628-142,source2,,certain_nonmatch,0.0,Acme Pet,Riverbend Cleaners LP,"1777 Cherry Ct Ste 576, Pittsburgh, PA 152057","9074 Broadwayo Ct, Pittsburgh, PA 152057",(348) 958-9891,688-775-2560,pet,cleaning,0.40277777777777773,0.0,0.0,0.0,1.0,1.0,0.0,1.0,0.0,,0.0,1.0
B000450,R000059-592,source2,,ambiguous,0.44428571428571423,Kensington Electrical,Kensington Coffee Corp,"2072 Elm Dr, Worcester, MA 016935",,(230) 235-5846,390-396-3545,electrical,coffee,0.8837535014005603,0.0,0.0,0.0,0.0,1.0,1.0,1.0,,,0.0,1.0
B000708,R000360-923-D,source2,,ambiguous,0.24428571428571422,Riverbend Electric Corp,Riverbend Coffe LLC,"7078 Washington Pl, Columbus, OH 432203","5159 Lincoln Rd, Columbus, OH 432686",(899) 550-4282,853-242-4395,electric,coffee,0.8766666666666666,0.0,0.0,0.0,0.0,1.0,1.0,1.0,0.0,,0.0,1.0
B000762,R000422-815,source2,,ambiguous,0.2785714285714285,Acme Roofing,Acme Clenaers Ltd,"6629 Jefferson Ln, Atlanta, GA 303214","118 Linclon Ave, Atlanta, GA 303214",(583) 593-8020,524-618-5935,roofing,cleaning,0.6538461538461539,0.0,0.0,0.0,1.0,1.0,1.0,1.0,0.0,,0.0,2.0
B000616,L000616-366,source3,,probable_match,0.442857142857143,Riverbend Pools,Riverbend Pool Shop,"3278 Pine Blvd, Charlotte, NC 282250","3287 Pine Blvd, Charlotte, NC 282250",(293) 349-4544,null,pool,pool service,0.9866666666666667,1.0,,,1.0,1.0,0.0,1.0,0.0,0.48838980745511307,1.0,3.0
B000990,R000990-457,source2,,certain_match,1.0,Cedar Grove Bicycle Ltd,Cedar Grove Bicycle Ltd,"6326 Park Ct, Philadelphia, PA 191224","6326 Park Ct, Philadelphia, PA 191224",(661) 966-3893,661-966-3893,restaurant,restaurant,1.0,1.0,1.0,1.0,1.0,1.0,0.0,1.0,1.0,,1.0,3.0
B000928,L000928-714,source3,,ambiguous,0.12285714285714289,Silver Lake Dental,Silver Dental,"1634 Highland Ct, Portland, OR 972094","1643 Highland Ct, Portland, OR 972094",(683) 585-4771,null,restaurant,food services,0.8982905982905983,0.0,,,1.0,1.0,0.0,1.0,0.0,0.17493539982706713,1.0,3.0
B000349,R000349-754,source2,,certain_match,1.0,Northstar Barber,Northstar Barber LLC,"5280 Liberty Ln, Indianapolis, IN 462890","5280 Liberty Ln, Indianapolis, IN 462890",(219) 892-0067,809-649-0067,beauty,beauty,1.0,1.0,0.0,0.0,1.0,1.0,1.0,1.0,1.0,,1.0,2.0
B000569,L000524-815,source3,,ambiguous,0.2142857142857143,Kensington Restaurant,Riverbend Accounting,"5528 Franklin Blvd, Rochester, MN 559142",-,N/A,357-3116,restaurant,bookkeeping,0.584920634920635,0.0,,,,,,1.0,,0.2907522673877721,0.0,1.0
B000183,L000183-761,source3,,certain_match,1.0,Grandview Bicycle,Grandview Bicycle Shop,"2482 Jefferson Ln, Austin, TX 787081","2482 Jefferson Ln, Austin, TX 787081",(714) 993-7726,(714) 993-7726,bike,bicycle,1.0,1.0,1.0,1.0,1.0,1.0,0.0,1.0,1.0,0.330230048405105,1.0,3.0
B000443,R001084-737,source2,,ambiguous,0.2942857142857142,Maple Hill Childcare Inc,Maple Hill Restaurant LP,"4167 Birch St, Cleveland, OH 441558","3518 Lincoln Rd, Cleveland, OH 441225",(661) 962-5483,971-644-8787,restaurant,restaurant,0.8590476190476191,0.0,0.0,0.0,0.0,1.0,1.0,1.0,0.0,,1.0,1.0
B000782,L000524-815,source3,,ambiguous,0.2142857142857143,Thistledown Automotive,Riverbend Accounting,"3451 Union Ln, Rochester, MN 559658",-,(918) 953-0861,357-3116,auto,bookkeeping,0.5848484848484848,0.0,,0.0,,,,1.0,,0.2907522673877721,0.0,1.0
B000759,L000605-600,source3,,certain_nonmatch,0.0,null,Thistledown Dental,"8314 Maple Blvd, Savannah, GA 314959","4948 Monroe Ct, Savannah, GA 314959",(519) 368-3236,957-7593,cleaning,dentists,,0.0,,0.0,1.0,1.0,0.0,1.0,0.0,0.48803241426801197,0.0,1.0
B000777,R000338-103,source2,,ambiguous,0.1642857142857143,Copperfield Siding,Amberly Siding Co,"4221 Broadway Dr, Denver, CO 802370","4129 Washington Ln, Denver, CO 802370",(327) 881-2224,734-838-6506,siding,siding,0.6899470899470899,0.0,0.0,0.0,1.0,1.0,1.0,1.0,0.0,,1.0,1.0
B000692,R000802-341,source2,,certain_nonmatch,0.0,Acme Floral,Acme Pet LP,"9529 Poplar Blvd, Phoenix, AZ 850127","2236 Birch Pl, Pittsburgh, PA 152841",(882) 746-9757,963-806-2042,N/A,pet,0.6931818181818182,0.0,0.0,0.0,0.0,0.0,0.0,0.0,0.0,,,1.0
B000716,R000737-715-D,source2,,ambiguous,0.24428571428571422,Havenwood Floral,Havenwood Clenaers Co,"713 Union Ln Ste 384, Dallas, TX 752284","2223 Broadway St, Dallas, TX 752739",(746) 659-5181,344-364-6843,floral,cleaning,0.8915598290598291,0.0,0.0,0.0,0.0,1.0,1.0,1.0,0.0,,0.0,1.0
B000817,L000817-593,source3,,probable_match,0.6035714285714286,Glenmore Floral,N/A,N/A,"4927 Lake Pl #374, Atlanta, GA 303363",(322) 375-3668,(322) 375-3668,floral,N/A,,0.0,1.0,1.0,1.0,1.0,0.0,1.0,,0.7654698241758294,,2.0
B001084,R000443-190,source2,,ambiguous,0.2942857142857142,Maple Hill Restaurant LP,Maple Hill Childcare Inc,"487 Washington Blvd, Cleveland, OH 441225","4167 Birch St, Cleveland, OH 441558",(971) 644-8787,766-638-5483,restaurant,restaurant,0.8590476190476191,0.0,0.0,0.0,0.0,1.0,1.0,1.0,0.0,,1.0,1.0
B000702,L000702-481,source3,,probable_match,0.6535714285714287,Ironwood Bakery,Ironwood Bakery,"2773 Oak Way, Eugene, OR 974867","6007 Birch St, Eugene, OR 974867",(386) 227-0958,227-0958,bakery,bakeries,1.0,1.0,,1.0,1.0,1.0,0.0,1.0,0.0,0.5429701018418268,1.0,2.0
B000492,L000921-781,source3,,certain_nonmatch,0.0,Bramblewood Salon,Fernwood Electric,"5766 Walnut St, Cleveland, OH 441429","2160 Washington Ct, Cleveland, OH 441558",null,(729) 940-3509,beauty,electricians,0.5220588235294118,0.0,,,0.0,1.0,0.0,1.0,0.0,0.33648558888061725,0.0,1.0
B000589,L000265-848,source3,,ambiguous,0.2142857142857143,Foxglove Siding,Glenmore Salon,"6930 Highland Pl Ste 481, Portland, OR 972344",N/A,(664) 697-8215,(296) 948-7511,siding,barber,0.5603174603174603,0.0,0.0,0.0,0.0,1.0,,1.0,,0.08929633037132767,0.0,1.0
B000039,R000151-286,source2,,certain_nonmatch,0.11428571428571432,Clearwater Printing,Glenmroe Insurance Co,"8977 Willow Pl, Kansas City, MO 641764","4151 Oak Pl, Kansas City, MO 641762",(687) 660-4246,630-929-0783,printing,insurance,0.5939571150097466,0.0,0.0,0.0,1.0,1.0,1.0,1.0,0.0,,0.0,1.0
B000232,R000855-703,source2,,probable_match,0.4585714285714286,Thistledown Pet,Thistledown Salon Corp,"4840 Franklin Way Ste 175, Cleveland, OH 441558","8476 Pine Way, Cleveland, OH 441558",(475) 357-6225,928-329-8261,pet,beauty,0.9011764705882354,0.0,0.0,0.0,1.0,1.0,1.0,1.0,0.0,,0.0,2.0
B000049,L000049-364,source3,,probable_match,0.2892857142857143,Harborview Floral,-,"2750 Hickory Dr, Boston, MA 021067","2750 Hickory Dr, Boston, MA 021067",(936) 317-2683,317-2683,floral,flowers,,0.0,,1.0,1.0,1.0,0.0,1.0,1.0,0.28033526661234515,1.0,1.0
B001081,R000027-528,source2,,ambiguous,0.31428571428571433,Thistledown Bakery,Brookfield Hardware Co,N/A,"635 Brch Ave Ste 936, Rochester, MN 559146",(690) 340-5167,559-512-3728,bakery,hardware,0.5606237816764134,0.0,0.0,0.0,1.0,1.0,1.0,1.0,,,0.0,1.0
B000451,L000451-791,source3,,probable_match,0.7428571428571429,Eastgate Floral,Eastgate Floral,"8988 Willow Pl Ste 814, New Orleans, LA 701408","8988 Wlilow Pl #814, New Orleans, LA 701408",-,(382) 805-9790,floral,florist,1.0,1.0,,,1.0,1.0,0.0,1.0,1.0,0.12643166422621277,1.0,3.0
B000201,R000478-762,source2,,ambiguous,0.44428571428571423,Glenmore Plumbing,Glenmore Barber LLC,N/A,"619 Willow Rd, Raleigh, NC 276623",(320) 896-3365,472-575-9538,plumbing,beauty,0.8509803921568627,0.0,0.0,0.0,0.0,1.0,1.0,1.0,,,0.0,1.0
B000424,L001066-839,source3,,ambiguous,0.2142857142857143,Meridian Cleaners,Bramblewood Bicycle,"2263 Broadway Way Ste 335, Tucson, AZ 857080",-,(917) 365-1642,891-4400,cleaning,cycling,0.5715170278637771,0.0,,0.0,0.0,1.0,,1.0,,0.5229118130699758,0.0,1.0
B000465,L000664-694,source3,,certain_nonmatch,0.0,Blue Ridge Accounting LP,Blue Storage Shop,"8788 Franklin Rd Ste 599, Philadelphia, PA 191704","910 Union Dr, Philadelphia, PA 191224",(525) 771-5690,(295) 608-4180,restaurant,cafes,0.8219047619047619,0.0,0.0,0.0,0.0,1.0,0.0,1.0,0.0,0.2598605547717967,1.0,1.0
B000315,R000715-374,source2,,certain_nonmatch,0.0,Cedar Grove Storage,Brookfield Plumbing LP,"329 Chestnut St Ste 207, New Orleans, LA 701598","8732 Hickory St Ste 673, New Orleans, LA 701597",(551) 374-6151,343-623-0849,restaurant,plumbing,0.43274853801169594,0.0,0.0,0.0,1.0,1.0,1.0,1.0,0.0,,0.0,1.0
B001288,L000422-334,source3,,probable_match,0.442857142857143,Acme Cleaners,Acme Cleaners,"4464 Lincoln Ave, Atlanta, GA 303214","118 Lincoln Ave, Atlanta, GA 303214",(470) 806-6027,(524) 618-5935,cleaning,dry cleaner,1.0,1.0,0.0,0.0,1.0,1.0,0.0,1.0,0.0,4.361447252766579,1.0,3.0
B000384,L000656-990,source3,,certain_nonmatch,0.0,Stonegate Plumbing,,"6026 Liberty Ct, Charlotte, NC 282947","6467 Broadway Way, Charlotte, NC 282276",(818) 401-3170,794-2938,plumbing,fitness centers and gyms,,0.0,,0.0,0.0,1.0,0.0,1.0,0.0,0.32646565476482087,0.0,1.0
B001228,L000056-142,source3,,probable_match,0.42857142857142877,Havenwood Plumbing,Havenwood Plumbing,"4692 Birch Blvd, Aurora, IL 605558","6659 Birch Blvd, Aurora, IL 605558",null,,plumbing,plumbing contractors,1.0,1.0,,,1.0,1.0,0.0,1.0,0.0,2.1726775515435963,1.0,2.0
B001217,R000543-848,source2,,certain_match,1.0,Acme Restaurant,Acme Restaurant Inc,"2200 Broadway St Ste 971, Philadelphia, PA 191704",null,(540) 503-8956,287-340-6813,restaurant,restaurant,1.0,1.0,0.0,0.0,1.0,1.0,1.0,1.0,,,1.0,2.0
B000401,R000310-506,source2,,ambiguous,0.24428571428571422,Foxglove Bakery,Foxglove Electrical Co,"4672 Hickory Blvd Ste 298, Pittsburgh, PA 152794","5027 Unione Rd, Pittsburgh, PA 152786",(698) 661-5379,382-946-0029,bakery,electrical,0.8696491228070176,0.0,0.0,0.0,0.0,1.0,1.0,1.0,0.0,,0.0,1.0
B000678,R000871-701,source2,,ambiguous,0.24428571428571422,Amberly Bicycle,Amberly Electrical Inc,"3150 Birch Dr Ste 337, Cleveland, OH 441603","6044 Monroe Ave, Cleveland, OH 441558",,905-253-4254,bike,electrical,0.887008547008547,0.0,,,0.0,1.0,1.0,1.0,0.0,,0.0,1.0
B000611,L000611-409,source3,,probable_match,0.2892857142857143,-,Lakeside Bicycle,"6112 Liberty Pl, Columbus, OH 432203","6112 Liberty Pl, Columbus, OH 432203",(367) 304-3569,304-3569,bike,bicycle dealers,,0.0,,1.0,1.0,1.0,0.0,1.0,1.0,0.38450366358740073,1.0,1.0
B000113,R000215-255,source2,,certain_nonmatch,0.11428571428571432,Riverbend Moving,Grandview Automotive LP,"9191 Liberty Blvd, Portland, OR 972094","648 Maple Way Ste 879, Portland, OR 972094",(892) 858-9121,942-887-9156,moving,auto,0.6246212121212121,0.0,0.0,0.0,1.0,1.0,1.0,1.0,0.0,,0.0,1.0
B000216,L000216-923,source3,,probable_match,0.767857142857143,Harborview Furniture Corp,Harborivew Furniture,"252 Washington Ln, Indianapolis, IN 462163","2021 Oak Pl, Indianapolis, IN 462163",(321) 964-7846,(321) 964-7846,furniture,furniture stores,0.99,0.0,1.0,1.0,1.0,1.0,0.0,1.0,0.0,0.3403497344846894,1.0,3.0
B001078,R001036-569,source2,,probable_match,0.6142857142857143,Willowbrook Siding,Willowbrook Siding LP,"32 Walnut Blvd, Atlanta, GA 303373","9149 Liberty Rd Ste 938, Atlanta, GA 303166",(628) 830-2800,204-552-6676,siding,siding,1.0,1.0,0.0,0.0,0.0,1.0,1.0,1.0,0.0,,1.0,1.0
B000027,L000865-921,source3,,certain_nonmatch,0.0,Brookfield Hardware,Deepford Claners,"635 Birch Ave Ste 936, Rochester, MN 559146","6402 Liberty Rd, Rochester, MN 559271",(559) 512-3728,N/A,hardware,cleaners,0.5837719298245614,0.0,,,0.0,1.0,0.0,1.0,0.0,0.2224434893574565,0.0,1.0
B000473,R000412-249,source2,,ambiguous,0.24428571428571422,Kensington Barber,Kensington Gym Corpa,"8622 Broadway Blvd Ste 740, Denver, CO 802643","7977 Franklin Ln, Denver, CO 802882",null,207-713-2276,beauty,fitness,0.8675565610859728,0.0,,,0.0,1.0,1.0,1.0,0.0,,0.0,1.0
B000775,R000160-942,source2,,ambiguous,0.4585714285714286,Grandview Childcare,Grandview Coffee Co,"8268 Oak Pl Ste 915, Columbus, OH 432027","2829 Market Ave, Columbus, OH 432027",(509) 889-8990,899-527-5692,childcare,coffee,0.8763157894736843,0.0,0.0,0.0,1.0,1.0,1.0,1.0,0.0,,0.0,2.0
B000693,L000979-115,source3,,ambiguous,0.37857142857142856,Sunset Childcare,Sunset Pools,"4058 Cedar Pl Ste 696, Denver, CO 802643",,null,430-7250,childcare,pool and spa services,0.8333333333333334,0.0,,,0.0,1.0,,1.0,,0.5887903295791672,0.0,2.0
B001182,L001039-139,source3,,ambiguous,0.2142857142857143,Clearwater Floral Corp,Fernwood Electrical,"3111 Broadway Ave Ste 532, Seattle, WA 981224",null,(718) 243-9713,(586) 753-2353,floral,electrician,0.6510929730743972,0.0,0.0,0.0,1.0,1.0,,1.0,,0.4577917725955863,0.0,1.0
B000300,L000431-114,source3,,ambiguous,0.2142857142857143,null,Glenmore Landscapig,"700 Willow Ln Ste 687, Seattle, WA 981505",null,(942) 604-8128,(777) 695-3985,restaurant,gardener,,0.0,0.0,0.0,1.0,1.0,,1.0,,0.3677363987283368,0.0,1.0
B000237,R000791-423,source2,,certain_nonmatch,0.0,Brookfield Pet,Riverbend Gym Ltd,"5917 Highland Ct, Eugene, OR 974270","2812 Jefferson Ln, Eugene, OR 974270",(841) 707-9728,201-454-4925,-,fitness,0.5366300366300366,0.0,0.0,0.0,1.0,1.0,1.0,1.0,0.0,,,1.0
B001261,R000653-237,source2,,ambiguous,0.24428571428571422,Highland Gym,Highland Salon Co,"3387 Broadway Ln, Pittsburgh, PA 152786","2956 Jefferson Blvd, Pittsburgh, PA 152863",(403) 533-6614,326-335-3858,fitness,beauty,0.8785714285714286,0.0,0.0,0.0,0.0,1.0,1.0,1.0,0.0,,0.0,1.0
B000554,L000554-507,source3,,probable_match,0.7285714285714284,Brookfield Storage,Brookfield Storage,"9572 Lincoln Dr, Naperville, IL 605616","9572 Lincoln Dr, Naperville, IL 605616",-,-,storage,storage units,1.0,1.0,,,1.0,1.0,0.0,1.0,1.0,0.4354448418077166,1.0,2.0
B000658,L000433-356,source3,,ambiguous,0.2142857142857143,Brookfield Salon,Copperfield Pet,"4313 Hickory Way, Tucson, AZ 857387",null,(730) 520-7139,N/A,beauty,pets,0.5944444444444444,0.0,,,0.0,1.0,,1.0,,0.3564767194733863,0.0,1.0
B000871,R001226-997,source2,,ambiguous,0.24428571428571422,Amberly Electrical,Amberly Accounting LP,"6044 Monroe Ave, Cleveland, OH 441558","5379 Cherry Pl, Cleveland, OH 441225",(905) 253-4254,566-736-7433,electrical,accounting,0.8581196581196581,0.0,0.0,0.0,0.0,1.0,1.0,1.0,0.0,,0.0,1.0
B000575,L000546-325,source3,,ambiguous,0.2142857142857143,Harborview Landscaping,Meridian Printing,"2445 Broadway Blvd, Chicago, IL 606104",,(710) 380-2617,-,landscaping,sign shop,0.6393345216874629,0.0,,,,,,1.0,,0.504929452333895,0.0,1.0
B000394,R000550-829,source2,,ambiguous,0.24428571428571422,Northstar Restaurant,Northstar Legal Ltd,"4128 Cherry St Ste 941, Aurora, IL 605558","2526 Monroe Rd, Aurora, IL 605604",(465) 617-6357,593-443-7211,-,legal,0.88,0.0,0.0,0.0,0.0,1.0,1.0,1.0,0.0,,,1.0
B000006,R001248-426,source2,,ambiguous,0.24428571428571422,Havenwood Roofing,Havenwood Accounting Corp,"8836 Liberty Way, Charlotte, NC 282167","8696 Liberty Ct, Charlotte, NC 282276",(931) 519-6537,799-681-3577,roofing,accounting,0.8904201680672269,0.0,0.0,0.0,0.0,1.0,1.0,1.0,0.0,,0.0,1.0
B000793,R001025-129,source2,,ambiguous,0.24428571428571422,Meridian Roofing,Meridian Barber Corp,"9046 Washington Blvd, Kansas City, MO 641574","638 Cedar Way Ste 407, Kansas City, MO 641764",(332) 946-6914,N/A,N/A,beauty,0.8583333333333333,0.0,,,0.0,1.0,1.0,1.0,0.0,,,1.0
B000529,L001066-839,source3,,ambiguous,0.2142857142857143,Harborview Barber,Bramblewood Bicycle,"4441 Elm Pl, Tucson, AZ 857387",-,(788) 450-2806,891-4400,beauty,cycling,0.6510929730743972,0.0,,0.0,0.0,1.0,,1.0,,0.5229118130699758,0.0,1.0
B000161,L000748-451,source3,,certain_nonmatch,0.0,Cedar Grove Barber,Highland Coffee,"2581 Market Dr, Savannah, GA 314663","1272 Broadway Way, Savannah, GA 314663",(854) 378-5922,357-7219,restaurant,coffee and tea shops,0.5708994708994709,0.0,,0.0,1.0,1.0,0.0,1.0,0.0,0.8601543678718082,0.0,1.0
B000954,R000954-794,source2,,probable_match,0.6785714285714286,Lakeside Roofing,Lakeide Roofing LP,"2769 Walnut Ave, Portland, OR 972344",null,N/A,346-448-7906,roofing,roofing,0.9874999999999999,0.0,,,1.0,1.0,1.0,1.0,,,1.0,2.0
B000012,R000213-267,source2,,ambiguous,0.1642857142857143,Deepford Electrical,Eastgate Electrical Corp,"9017 Cedar Ave Ste 653, New Orleans, LA 701598","2366 Frankln Blvd, New Orleans, LA 701598",(296) 971-3872,null,electrical,electrical,0.7638326585695007,0.0,,,1.0,1.0,1.0,1.0,0.0,,1.0,1.0
B001206,L001206-477,source3,,probable_match,0.7285714285714284,Stonegate Automotive,Stonegate Automotive,"9396 Main Blvd, Tucson, AZ 857944","9396 Main Blvd, Tucson, AZ 857944",(904) 822-7328,-,auto,automotive,1.0,1.0,,,1.0,1.0,0.0,1.0,1.0,0.2772441652798283,1.0,2.0
B001083,R000990-457-D,source2,,ambiguous,0.2942857142857142,Cedar Grove Dental,Cedar Grove Bicycle Ltd,"2238 Poplar Blvd, Nashville, TN 372348","6916 Chestnut Way, Nashville, TN 372192",(586) 844-7045,661-966-3893,restaurant,restaurant,0.8886382623224728,0.0,0.0,0.0,0.0,1.0,1.0,1.0,0.0,,1.0,1.0
B000390,L001215-751,source3,,probable_match,0.2585714285714286,Clearwater Electrical,Clearwater Floral,"5259 Lincoln Blvd, Seattle, WA 981224","Broadway Ave, Seattle, WA 981224",N/A,(665) 940-3253,electrical,flower shop,0.919327731092437,0.0,,,1.0,1.0,0.0,1.0,,0.4378060069119482,0.0,2.0
B001038,R001038-319-D,source2,,probable_match,0.18928571428571428,Thistledown Coffee,Thistledown Coffee Inc,"8410 Broadway Way Ste 578, Nashville, TN 372284","9609 Walnut Ct, Cleveland, OH 441603",(760) 787-5651,760-787-5651,coffee,-,1.0,1.0,1.0,1.0,0.0,0.0,0.0,0.0,0.0,,,1.0
B000866,L000866-159,source3,,probable_match,0.4892857142857144,Brookfield Childcare,BrookfieldC hildcare,"6910 Broadway Ave, Charlotte, NC 282473","Broadway Ave, Charlotte, NC 282473",(528) 402-3229,402-3229,childcare,daycare,0.99,0.0,,1.0,,,0.0,1.0,,0.3812962658255846,1.0,1.0
B001231,L000344-828,source3,,certain_nonmatch,0.11428571428571432,Maple Hill Furniture,Meridian Pet,"5179 Birch St, Rochester, MN 559936","4270 Poplar Ln #971, Rochester, MN 559936",(305) 587-0575,254-9561,restaurant,pet supplies,0.5851851851851851,0.0,,0.0,1.0,1.0,1.0,1.0,0.0,1.5377845361466451,0.0,1.0
B001283,R000619-450,source2,,probable_match,0.42857142857142877,Foxglove Insurance,Foxglove Insurance Ltd,"9377 Jefferson Blvd Ste 689, Boulder, CO 803591","3729 Jefferson Blvd Ste 421, Boulder, CO 803591",(805) 236-8407,767-372-8515,insurance,insurance,1.0,1.0,0.0,0.0,1.0,1.0,0.0,1.0,0.0,,1.0,2.0
B000847,R000589-118,source2,,certain_nonmatch,0.0,Amberly Landscaping,Foxglove Sidnig LP,"2323 Maple Rd Ste 183, Portland, OR 972344","6930 Hghland Pl Ste 481, Portland, OR 972344",(930) 662-6876,664-697-8215,landscaping,siding,0.5264619883040935,0.0,0.0,0.0,1.0,1.0,1.0,1.0,0.0,,0.0,1.0
B001269,R000536-373,source2,,ambiguous,0.44428571428571423,Willowbrook Automotive,Willowbrook Hardware LP,N/A,"9408 Monroe Ave, Pittsburgh, PA 152234",(528) 352-0983,811-674-5330,auto,hardware,0.8672727272727273,0.0,0.0,0.0,0.0,1.0,1.0,1.0,,,0.0,1.0
B000348,R000665-932,source2,,certain_nonmatch,0.11428571428571432,Fernwood Storage,Fairview Electrical LLC,"7106 Sycamore Ave, Minneapolis, MN 554511","337 Washington Way Ste 898, Minneapolis, MN 554511",(689) 592-0076,492-862-2525,storage,electrical,0.5676169590643275,0.0,0.0,0.0,1.0,1.0,1.0,1.0,0.0,,0.0,1.0
B000433,L000433-615,source3,,probable_match,0.6035714285714286,Copperfield Pet,Copperfiedl Pet,"160 Market Pl, Tucson, AZ 857944","160 Market Pl, Tucson, AZ 857944",(495) 295-6536,295-6536,pet,vet,0.9866666666666667,0.0,,1.0,1.0,1.0,0.0,1.0,1.0,0.8168727146605187,1.0,2.0
B001143,L001143-631,source3,,probable_match,0.7428571428571429,Harborview Electrical,Harborview Electrical,"8199 Market Dr Ste 603, Phoenix, AZ 850826","8199 Market Dr #603, Phoenix, AZ 850826",null,391-1766,electrical,electrical contractors,1.0,1.0,,,1.0,1.0,0.0,1.0,1.0,0.5062432431190171,1.0,3.0
B001102,L000746-908,source3,,ambiguous,0.2142857142857143,Blue Ridge Hardware,Deepford Insurance,"8895 Broadway Ct Ste 543, Phoenix, AZ 850747",null,(259) 732-5464,(340) 534-7606,restaurant,insurance agency,0.5939571150097466,0.0,0.0,0.0,,,,1.0,,0.5019417209845874,0.0,1.0
B000465,R000465-946,source2,,certain_match,1.0,Blue Ridge Accounting LP,Blue Ridge Accounting LP,"8788 Franklin Rd Ste 599, Philadelphia, PA 191704","8788 Franklin Rd Ste 599, Philadelphia, PA 191704",(525) 771-5690,525-771-5690,restaurant,restaurant,1.0,1.0,1.0,1.0,1.0,1.0,1.0,1.0,1.0,,1.0,2.0
B001059,L001191-872,source3,,ambiguous,0.2142857142857143,Blue Ridge Storage LP,Copperfield Moving Shop,"967 Maple Pl Ste 480, Tucson, AZ 857996",N/A,(826) 382-7599,(899) 287-1204,restaurant,moving company,0.5555555555555555,0.0,0.0,0.0,0.0,1.0,,1.0,,0.31681114370989183,0.0,1.0
B000162,R000353-987,source2,,ambiguous,0.4585714285714286,Glenmore Electrical,Glenmore Hardware LP,"3879 Franklin Blvd, Naperville, IL 605223","631 Lincoln Ln, Naperville, IL 605223",(768) 786-6044,596-620-0796,electrical,hardware,0.8508255933952528,0.0,0.0,0.0,1.0,1.0,1.0,1.0,0.0,,0.0,2.0
B000944,L000944-355,source3,,certain_match,1.0,Harborview Pools,Harborview Pools,"3978 Liberty Way, Dallas, TX 752284","3978A Liberty Way, Dallas, TX 752284",(332) 525-2187,(332) 525-2187,pool,pool and spa services,1.0,1.0,1.0,1.0,1.0,1.0,0.0,1.0,0.0,0.497433840726601,1.0,3.0
B000379,L000444-326,source3,,ambiguous,0.12857142857142861,Copperfield Childcare,Silver Lake Pet Shop,"7871 Poplar Ln, Naperville, IL 605616","3260 Poplar Ln, Naperville, IL 605616",(928) 627-8747,(752) 378-4663,childcare,cafes,0.565079365079365,0.0,0.0,0.0,1.0,1.0,1.0,1.0,0.0,0.19597190686639795,0.0,2.0
B000353,L000345-339-U,source3,,certain_nonmatch,0.0,Glenmore Hardware,Amberly Automotive,"613 Lincoln Ln, Naperville, IL 605223","9109 Jefferson Way, Naperville, IL 605095",(748) 838-0796,(341) 405-5614,hardware,auto repair shops,0.5133442265795206,0.0,0.0,0.0,0.0,1.0,0.0,1.0,0.0,0.3287186517301613,0.0,1.0
B000232,R001038-319-D,source2,,probable_match,0.24428571428571422,Thistledown Pet,Thistledown Coffee Inc,"4840 Franklin Way Ste 175, Cleveland, OH 441558","9609 Walnut Ct, Cleveland, OH 441603",(475) 357-6225,760-787-5651,pet,-,0.9177777777777778,0.0,0.0,0.0,0.0,1.0,1.0,1.0,0.0,,,1.0
B001072,L001072-527,source3,,probable_match,0.6785714285714286,Brookfield Siding,Brookfield Siding,"8616 Liberty Dr, Boulder, CO 803677","8616 Liberty Dr, Boulder, CO 803677",(917) 774-2807,N/A,siding,N/A,1.0,1.0,,,1.0,1.0,0.0,1.0,1.0,0.4455208047558749,,2.0
B001096,L001130-861,source3,,probable_match,0.4142857142857143,Thistledown Childcare,Thistledown Childcare,"4016 Lake Way, Eugene, OR 974618","6718 Willow Ct, Eugene, OR 974099",(538) 438-5076,null,childcare,daycare,1.0,1.0,,,0.0,1.0,0.0,1.0,0.0,0.38295767650102824,1.0,1.0
B000376,R000255-686,source2,,ambiguous,0.4585714285714286,Sunset Coffee Ltd,Sunset Cleaners Inc,"6303 Jefferson Ln, Denver, CO 802370","7974 Sycamore Way, Denver, CO 802370",(981) 454-4482,955-741-2733,coffee,cleaning,0.8871794871794872,0.0,0.0,0.0,1.0,1.0,1.0,1.0,0.0,,0.0,2.0
B000119,L001032-621,source3,,probable_match,0.36428571428571427,Northstar Electrical,Northstar Electrical,"3350 Park St, Denver, CO 802643","6388 Pine Dr, Denver, CO 802633",(983) 461-4742,(976) 497-0693,electrical,electricians,1.0,1.0,0.0,0.0,0.0,1.0,0.0,1.0,0.0,0.46844612450016154,0.0,1.0
B000589,L000796-357-U,source3,,certain_nonmatch,0.0,Foxglove Siding,Fairview Furniture,"6930 Highland Pl Ste 481, Portland, OR 972344","4698 Broadway Ave, Portland, OR 972980",(664) 697-8215,(538) 855-1457,siding,furniture store,0.5232804232804233,0.0,0.0,0.0,0.0,1.0,0.0,1.0,0.0,0.39942376658461703,0.0,1.0
B001130,L001130-861,source3,,certain_match,1.0,Thistledown Childcare,Thistledown Childcare,"6718 Willow Ct, Eugene, OR 974099","6718 Willow Ct, Eugene, OR 974099",(622) 898-9022,null,childcare,daycare,1.0,1.0,,,1.0,1.0,1.0,1.0,1.0,0.38295767650102824,1.0,2.0
B000542,R000510-852,source2,,ambiguous,0.24428571428571422,Harborview Optometry,Harborview Automoitve LLC,"3084 Cherry Ct, Cleveland, OH 441225","5719 Oak Rd Ste 133, Cleveland, OH 441284",(628) 357-4726,,optometry,auto,0.8966106442577031,0.0,,,0.0,1.0,1.0,1.0,0.0,,0.0,1.0
B000224,R000242-861,source2,,ambiguous,0.1642857142857143,Glenmore Electric,Highland Electric Co,"1754 Cedar Way, Boston, MA 021824","8181 Elmu Ave, Boston, MA 021824",(397) 834-8625,800-633-2525,electric,electric,0.7483660130718954,0.0,0.0,0.0,1.0,1.0,1.0,1.0,0.0,,1.0,1.0
B000030,R000629-834,source2,,ambiguous,0.24428571428571422,Glenmore Coffee,Glenmore Automotive Co,"728 Market Blvd, Denver, CO 802882","9684 Lincoln Dr, Denver, CO 802633",N/A,985-491-5250,coffee,auto,0.8624561403508771,0.0,,,0.0,1.0,1.0,1.0,0.0,,0.0,1.0
B000160,R000160-942-D,source2,,probable_match,0.18928571428571428,Grandview Coffee,Grandview Coffee Co,"2829 Market Ave, Columbus, OH 432027","7503 Sycamore Dr, Pittsburgh, PA 152051",(899) 527-5692,899-527-5692,,coffee,1.0,1.0,1.0,1.0,0.0,0.0,0.0,0.0,0.0,,,1.0
B000505,L000913-917,source3,,certain_nonmatch,0.0,Grandview Siding,Fairview Siding,"5310 Market Ave, Austin, TX 787238","1980 Jefferson St #667, Austin, TX 787238",(368) 935-2024,N/A,siding,siding contractors,0.8417735042735043,0.0,,,1.0,1.0,0.0,1.0,0.0,0.8924495393031732,1.0,1.0
B000752,L000752-887,source3,,probable_match,0.7285714285714284,Copperfield Legal,Copperfield Legal Shop,"3394 Cherry Blvd, Savannah, GA 314959","3394 Cherry Blvd, Savannah, GA 314959",null,437-3502,legal,law firms,1.0,1.0,,,1.0,1.0,0.0,1.0,1.0,0.7315113361971736,1.0,2.0
B000388,L000163-321,source3,,certain_nonmatch,0.0,Quarry Hill Barber,Deepford Storage,"5725 Lake Way, Savannah, GA 314663","Maple Rd, Savannah, GA 314663",(540) 539-5911,(691) 738-6730,restaurant,storage units,0.46342592592592596,0.0,0.0,0.0,1.0,1.0,0.0,1.0,,0.306121754065408,0.0,2.0
B000531,R001193-691,source2,,ambiguous,0.24428571428571422,Foxglove Dental,Foxglove Bicycle LP,"8741 Maple Blvd, Phoenix, AZ 850470","715 Walnut Dr, Phoenix, AZ 850127",null,626-301-3197,dental,bike,0.8659848484848485,0.0,,,0.0,1.0,1.0,1.0,0.0,,0.0,1.0
B000517,L000692-250,source3,,ambiguous,0.2142857142857143,Quarry Hill Automotive,Acme Floral,"3479 Main Ln, Phoenix, AZ 850127",N/A,(489) 460-1111,746-9757,restaurant,,0.5562770562770564,0.0,,0.0,1.0,1.0,,1.0,,0.42567484679669365,,1.0
B000461,R000461-997-D,source2,,probable_match,0.2392857142857141,Northstar Plumbing,Northstar Plumbing Ltd,"3416 Birch Ave, Austin, TX 787296","4910 Chestnut Ln, Springfield, IL 627603",(531) 362-0691,531-362-0691,plumbing,plumbing,1.0,1.0,1.0,1.0,0.0,0.0,0.0,0.0,0.0,,1.0,1.0
B000037,R000264-256,source2,,ambiguous,0.24428571428571422,Bramblewood Electrical,Bramblewood Furniture LP,"6966 Lake St Ste 812, Columbus, OH 432665","6787 Lincoln Dr, Columbus, OH 432718",(676) 251-9132,353-505-6600,electrical,furniture,0.8728354978354979,0.0,0.0,0.0,0.0,1.0,1.0,1.0,0.0,,0.0,1.0
B000233,L000214-700,source3,,ambiguous,0.2285714285714286,Lakeside Salon,Havenwood Bakery,"1746 Maple Ln Ste 415, Denver, CO 802906",null,-,(580) 294-8775,beauty,bakeries,0.5982142857142857,0.0,,,1.0,1.0,,1.0,,0.6270443364952611,0.0,2.0
B000180,R001152-625,source2,,ambiguous,0.2642857142857143,Elmhurst Gym,Elmhurst Insurance Ltd,-,"3049 Willow Ave, Kansas City, MO 641252",(218) 577-5427,442-649-7309,fitness,insurance,0.85,0.0,0.0,0.0,0.0,1.0,1.0,1.0,,,0.0,1.0
B000493,R000493-740,source2,,certain_match,1.0,Stonegate Siding,Stonegate Siding Ltd,"4591 Lake St Ste 502, Denver, CO 802370","4591 Lake St Ste 502, Denver, CO 802370",(341) 289-6262,331-545-6262,siding,siding,1.0,1.0,0.0,0.0,1.0,1.0,1.0,1.0,1.0,,1.0,2.0
B001284,R000567-526,source2,,ambiguous,0.31428571428571433,Pinecrest Salon,Kensington Pools LP,"6432 Hickory Pl, Aurora, IL 605604",null,(945) 912-3389,834-246-3976,beauty,N/A,0.6305555555555555,0.0,0.0,0.0,1.0,1.0,1.0,1.0,,,,1.0
B001138,L001138-628-U,source3,,ambiguous,0.2142857142857143,Kensington Storage,Fernwood Furniture,"5988 Broadway Blvd, Spokane, WA 992156",null,(829) 680-6729,,storage,furniture stores,0.5555555555555555,0.0,,,1.0,1.0,,1.0,,0.4848160947560123,0.0,1.0
B000213,L000213-143,source3,,probable_match,0.7428571428571429,Eastgate Electrical,Eastgate Electrical,"2366 Franklin Blvd, New Orleans, LA 701598","2366 Franklin Blvd, New Orleans, LA 701598",(776) 622-6824,null,electrical,electrician,1.0,1.0,,,1.0,1.0,0.0,1.0,1.0,0.29195816530880525,1.0,3.0
B000207,R000207-103,source2,,certain_match,0.9285714285714285,Amberly Barber,Amberly aBrber Inc,"7547 Walnut Blvd Ste 293, Denver, CO 802370","7547 Walnut Blvd Ste 293, Denver, CO 802370",(984) 315-0527,-,beauty,beauty,0.9857142857142858,0.0,,,1.0,1.0,1.0,1.0,1.0,,1.0,2.0
B001147,R000726-864,source2,,ambiguous,0.24428571428571422,Foxglove Pharmacy,Foxglove Biccle Inc,"2622 Jefferson Way, Savannah, GA 314273","4761 Willow Ave Ste 699, Savannah, GA 314718",(645) 601-4910,null,pharmacy,bike,0.8509803921568627,0.0,,,0.0,1.0,1.0,1.0,0.0,,0.0,1.0
B000945,L001252-728,source3,,certain_nonmatch,0.0,Bramblewood Pools,Bramblewood Floral,"8192 Washington Blvd Ste 409, Aurora, IL 605604","6904 Walnut Blvd, Aurora, IL 605558",(296) 547-6292,(493) 609-7540,pool,florist,0.9059757236227824,0.0,0.0,0.0,0.0,1.0,0.0,1.0,0.0,2.697974296678044,0.0,1.0
B000781,L000781-834,source3,,probable_match,0.7285714285714284,Highland Bakery,Highland Bakery Shop,"5246 Park St, Worcester, MA 016735","5246 Park St, Worcester, MA 016735",,(327) 480-9403,bakery,bakeries,1.0,1.0,,,1.0,1.0,0.0,1.0,1.0,0.4789065780104292,1.0,2.0
B001142,L000220-590,source3,,ambiguous,0.2142857142857143,Cedar Grove Automotive,Stonegate Moving Shop,"4566 Elm Rd Ste 791, Kansas City, MO 641574",N/A,(701) 421-0849,343-8954,restaurant,movers,0.6079545454545454,0.0,,0.0,1.0,1.0,,1.0,,0.4674391794323099,0.0,1.0
B000115,L000256-118,source3,,ambiguous,0.2142857142857143,Fairview Roofing,Fernwood Dental,"2325 Union Way, Columbus, OH 432027",-,(294) 964-8691,(697) 339-3196,roofing,dentists,0.5944444444444444,0.0,0.0,0.0,1.0,1.0,,1.0,,0.5570006469182002,0.0,1.0
B001114,R000239-676,source2,,ambiguous,0.4585714285714286,Amberly Landscaping,Amberly Electric Corp,"8930 Poplar St Ste 980, Kansas City, MO 641762","5254 Hickory Rd, Kansas City, MO 641762",(801) 244-9705,252-427-2910,landscaping,electric,0.8532894736842106,0.0,0.0,0.0,1.0,1.0,1.0,1.0,0.0,,0.0,2.0
B000096,R000981-803,source2,,certain_nonmatch,0.0,Thistledown Electric,Clearwater Barber Corp,"3831 Birch Ln Ste 674, Philadelphia, PA 191570","7810 Market St Ste 798, Philadelphia, PA 191570",(825) 426-1035,267-936-4523,electric,beauty,0.4568627450980392,0.0,0.0,0.0,1.0,1.0,1.0,1.0,0.0,,0.0,1.0
B000260,R000934-506,source2,,ambiguous,0.24428571428571422,Amberly Coffee,Amberly Cleaners Corp,"529 Willow Blvd Ste 982, Worcester, MA 016216","6608 Highland Dr, Worcester, MA 016735",(650) 320-3882,747-778-1269,coffee,cleaning,0.8946428571428571,0.0,0.0,0.0,0.0,1.0,1.0,1.0,0.0,,0.0,1.0
B000073,R000555-731,source2,,probable_match,0.4585714285714286,Elmhurst Pet,Elmhurst Optometry Corp,"6562 Monroe Ct, Boston, MA 021032","8973 Main Rd, Boston, MA 021032",(666) 290-5153,213-621-1600,pet,optometry,0.9166666666666666,0.0,0.0,0.0,1.0,1.0,1.0,1.0,0.0,,0.0,2.0
B000643,R000700-692,source2,,ambiguous,0.2585714285714285,Fairview Plumbing,Fairview Bicycle Inc,"4167 Poplar Ct Ste 646, Portland, OR 972344","9496 Willow Blvd Ste 646, Portland, OR 972094",(917) 315-5185,356-585-9648,plumbing,bike,0.8745098039215686,0.0,0.0,0.0,0.0,1.0,1.0,1.0,0.0,,0.0,2.0
B000011,R000891-112,source2,,ambiguous,0.2942857142857142,Blue Ridge Insurance,Blue Ridge Coffee LP,"4074 Washington Ln Ste 559, Worcester, MA 016935","9595 Market Dr, Worcester, MA 016897",(633) 387-4563,959-707-2234,restaurant,restaurant,0.8829411764705882,0.0,0.0,0.0,0.0,1.0,1.0,1.0,0.0,,1.0,1.0
B000162,R001086-224,source2,,ambiguous,0.24428571428571422,Glenmore Electrical,Glenmore Roofing LP,"3879 Franklin Blvd, Naperville, IL 605223","4247 Broadway Dr Ste 218, Naperville, IL 605517",(768) 786-6044,974-792-3766,electrical,roofing,0.8532894736842106,0.0,0.0,0.0,0.0,1.0,1.0,1.0,0.0,,0.0,1.0
B000360,R000467-507,source2,,certain_nonmatch,0.11428571428571432,Riverbend Coffee LLC,Deepford Landscaping Inc,"2268 Broadway St, New Orleans, LA 701919","1129 Spruce Pl Ste 402, New Orleans, LA 701919",(567) 648-4395,755-575-7439,coffee,,0.5597222222222222,0.0,0.0,0.0,1.0,1.0,1.0,1.0,0.0,,,1.0
B000572,L000358-567-U,source3,,certain_nonmatch,0.0,Northstar Bakery,Riverbend Barber,"257 Birch Way Ste 107, Naperville, IL 605095","8926 Liberty Ct, Naperville, IL 605616",(292) 923-9727,(941) 303-4192,bakery,barber shops,0.5416666666666666,0.0,0.0,0.0,0.0,1.0,0.0,1.0,0.0,0.048936280610217875,0.0,1.0
B000007,L001039-139,source3,,ambiguous,0.2142857142857143,Windward Floral Co,Fernwood Electrical,"1983 Lake Pl Ste 446, Seattle, WA 981224",null,(803) 767-3770,(586) 753-2353,floral,electrician,0.6309941520467836,0.0,0.0,0.0,1.0,1.0,,1.0,,0.4577917725955863,0.0,1.0
B000393,L000393-980,source3,,probable_match,0.3785714285714286,Maple Hill Plumbing LP,Mapl eHill Plumbing,"1182 Union Way, Savannah, GA 314686","1182 Union Way, Savannah, GA 314686",(671) 934-5434,,restaurant,food services,0.9894736842105263,0.0,,,1.0,1.0,0.0,1.0,1.0,0.5948688613970515,1.0,2.0
B000150,R000165-436,source2,,ambiguous,0.24428571428571422,Fairview Storage,Fairview Moving Ltd,"7499 Oak Ave Ste 144, Columbus, OH 432574","908 Monroe Way Ste 256, Columbus, OH 432203",(243) 523-5080,369-365-5286,storage,moving,0.8841666666666667,0.0,0.0,0.0,0.0,1.0,1.0,1.0,0.0,,0.0,1.0
B000465,R000664-957,source2,,ambiguous,0.2942857142857142,Blue Ridge Accounting LP,Blue Ridge Storage Corp,"8788 Franklin Rd Ste 599, Philadelphia, PA 191704","910 Union Dr Ste 716, Philadelphia, PA 191224",(525) 771-5690,222-573-4180,restaurant,restaurant,0.8961904761904762,0.0,0.0,0.0,0.0,1.0,1.0,1.0,0.0,,1.0,1.0
B000553,R000553-152,source2,,probable_match,0.7285714285714284,Thistledown Optometry,Thistledown Optometry LP,"673 Cedar Pl, Phoenix, AZ 850127","673 Cedari Pl, Phoenix, AZ 850127",-,-,optometry,optometry,1.0,1.0,,,1.0,1.0,0.0,1.0,1.0,,1.0,2.0
B000869,L000746-908,source3,,ambiguous,0.2142857142857143,Meridian Landscaping,Deepford Insurance,"1307 Cherry Ln, Phoenix, AZ 850470",null,(828) 248-6444,(340) 534-7606,landscaping,insurance agency,0.5991582491582492,0.0,0.0,0.0,,,,1.0,,0.5019417209845874,0.0,1.0
B001168,L000996-549,source3,,probable_match,0.4142857142857143,Cedar Grove Bakery,Cedar Grove Bakery,"1573 Franklin Dr Ste 899, Raleigh, NC 276623","5422 Franklin Ct, Raleigh, NC 276546",(548) 410-1643,(325) 257-2272,restaurant,cafe,1.0,1.0,0.0,0.0,0.0,1.0,0.0,1.0,0.0,0.2053264174347769,1.0,1.0
B000353,R000162-978,source2,,ambiguous,0.4585714285714286,Glenmore Hardware,Glenmore Electrical Inc,"613 Lincoln Ln, Naperville, IL 605223","3879 Franklin Blvd, Naperville, IL 605223",(748) 838-0796,768-786-6044,hardware,electrical,0.8508255933952528,0.0,0.0,0.0,1.0,1.0,1.0,1.0,0.0,,0.0,2.0
B000840,L000034-978,source3,,ambiguous,0.2142857142857143,Lakeside Optometry LP,Deepofrd Floral,"1529 Market Ave Ste 320, Austin, TX 787238",-,(870) 344-2638,(374) 874-1389,optometry,florist,0.575925925925926,0.0,0.0,0.0,1.0,1.0,,1.0,,0.29147094144139746,0.0,1.0
B000324,L000914-409,source3,,certain_nonmatch,0.0,Lakeside Coffee Inc,Fairview Salon,"2739 Washington Ct, Minneapolis, MN 554217","2495 Min Pl, Minneapolis, MN 554671",(244) 633-1283,864-7430,coffee,nail salon,0.4984126984126984,0.0,,0.0,0.0,1.0,0.0,1.0,0.0,0.4789498091263304,0.0,1.0
B000314,L000581-407,source3,,certain_nonmatch,0.0,Quarry Hill Hardware,Quarry Hill Roofing,"6205 Walnut Way, Seattle, WA 981224","9693 Birch Ct, Atlanta, GA 303166",(691) 791-3695,-,restaurant,eating places,0.866842105263158,0.0,,,0.0,0.0,0.0,0.0,0.0,3505.631045645677,1.0,1.0
B000157,L000002-846,source3,,certain_nonmatch,0.0,Willowbrook Moving,Brookfield Moving,"6273 Poplar Ln Ste 257, Philadelphia, PA 191332","4809 Jeffeson Ln #103, Philadelphia, PA 191332",(661) 579-6095,(937) 469-8201,moving,moving company,0.7718643012760661,0.0,0.0,0.0,1.0,1.0,0.0,1.0,0.0,0.43045281879007735,1.0,1.0
B000455,L001166-203,source3,,certain_nonmatch,0.0,Amberly Insurance,Lakeside Restaurant,"6386 Monroe Rd, Nashville, TN 372348","3288 Maple Ln, Nashville, TN 372348",(282) 632-3924,900-5402,insurance,food services,0.6124871001031992,0.0,,0.0,1.0,1.0,0.0,1.0,0.0,0.4813123830541563,0.0,1.0
B000334,R001255-824,source2,,probable_match,0.42857142857142877,Bramblewood Pharmacy,Bramblewood Pharmacy Corp,"501 Lake Ave, Spokane, WA 992642","8760 Lae Ave, Spokane, WA 992642",(657) 381-7775,907-648-0475,pharmacy,pharmacy,1.0,1.0,0.0,0.0,1.0,1.0,0.0,1.0,0.0,,1.0,2.0
B000557,L000718-740,source3,,ambiguous,0.2142857142857143,Riverbend Childcare,Stonegate Electrical,"2129 Lincoln Ave, Naperville, IL 605616",N/A,(780) 389-1816,(443) 274-9829,childcare,electrician,0.5884370015948964,0.0,0.0,0.0,,,,1.0,,0.2477526218038264,0.0,1.0
B000340,R000041-952,source2,,ambiguous,0.4585714285714286,Brookfield Pharmacy,Brookfield Legal LLC,"4896 Washington Dr Ste 883, Phoenix, AZ 850044","2268 Elm Pl Ste 810, Phoenix, AZ 850044",(259) 814-6620,924-419-1052,pharmacy,legal,0.8763157894736843,0.0,0.0,0.0,1.0,1.0,1.0,1.0,0.0,,0.0,2.0
B000106,R000106-220,source2,,certain_match,1.0,Eastgate Roofing,Eastgate Roofing LPu,"1769 Birch Way, Denver, CO 802906","1769 Birch Way, Denver, CO 802906",(276) 282-5277,276-282-5277,roofing,roofing,0.96,1.0,1.0,1.0,1.0,1.0,1.0,1.0,1.0,,1.0,3.0
B001016,L001016-971-U,source3,,probable_match,0.15357142857142864,Kensington Roofing,Ironwood Pharmacy,"8699 Franklin Pl Ste 137, Raleigh, NC 276175","2622 Farnklin Pl, Raleigh, NC 276175",(574) 249-3745,(574) 249-3745,roofing,pharmacies and drug stores,0.45736072206660444,0.0,1.0,1.0,1.0,1.0,0.0,1.0,0.0,0.4924475606083748,0.0,2.0
B001197,L001206-477,source3,,ambiguous,0.2585714285714286,Stonegate Accounting,Stonegate Automotive,,"9396 Main Blvd, Tucson, AZ 857944",(923) 540-7023,-,accounting,automotive,0.8866666666666667,0.0,,,1.0,1.0,0.0,1.0,,2.5300560693777845,0.0,2.0
B000409,L000409-824-U,source3,,probable_match,0.15357142857142864,Kensington Moving,Amberly Childcare,"4332 Walnut Blvd Ste 784, Dallas, TX 752103","5541 Walut Blvd #784, Dallas, TX 752103",(731) 569-6358,(731) 569-6358,moving,daycare,0.3398692810457516,0.0,1.0,1.0,1.0,1.0,0.0,1.0,0.0,0.8088316973672662,0.0,2.0
B000945,R000945-452,source2,,certain_match,1.0,Bramblewood Pools,Bramblewood Pools Inc,"8192 Washington Blvd Ste 409, Aurora, IL 605604","8192 Washnigton Blvd Ste 409, Aurora, IL 605604",(296) 547-6292,296-547-6292,pool,pool,1.0,1.0,1.0,1.0,1.0,1.0,1.0,1.0,1.0,,1.0,3.0
B000206,L001099-663,source3,,certain_nonmatch,0.0,Foxglove Coffee Co,Grandview Plumbing,"8665 Elm Pl, Cleveland, OH 441429","3008 Highland Way, Cleveland, OH 441459",(204) 974-0372,(792) 429-1853,coffee,plumber,0.40370370370370373,0.0,0.0,0.0,0.0,1.0,0.0,1.0,0.0,0.34658357165386044,0.0,1.0
B001151,R001223-474,source2,,ambiguous,0.44428571428571423,Glenmore Coffee,Glenmore Legal LP,"9003 Broadway Ave Ste 276, Chicago, IL 606228",N/A,-,755-737-7553,coffee,legal,0.8761904761904762,0.0,,,0.0,1.0,1.0,1.0,,,0.0,1.0
B000837,L001012-158,source3,,certain_nonmatch,0.0,Meridian Plumbing LP,Windward Childcare,"531 Lake Blvd Ste 683, Savannah, GA 314699","3350 Frnaklin Pl, Savannah, GA 314699",(246) 777-7926,320-4775,plumbing,day care centers,0.5133442265795206,0.0,,0.0,1.0,1.0,0.0,1.0,0.0,0.3121561533559712,0.0,2.0
B001182,R001215-502,source2,,probable_match,0.7785714285714287,Clearwater Floral Corp,Clearwater Floral Inc,"3111 Broadway Ave Ste 532, Seattle, WA 981224","858 Boadway Ave, Seattle, WA 981224",(718) 243-9713,665-940-3253,floral,,1.0,1.0,0.0,0.0,1.0,1.0,1.0,1.0,0.0,,,2.0
B000473,L000893-181,source3,,ambiguous,0.2142857142857143,Kensington Barber,Brookfield Insurance,"8622 Broadway Blvd Ste 740, Denver, CO 802643",N/A,null,(491) 668-1968,beauty,insurance agency,0.596078431372549,0.0,,,0.0,1.0,,1.0,,0.3753040604209904,0.0,1.0
B000370,L001191-872,source3,,ambiguous,0.2142857142857143,Deepford Legal Inc,Copperfield Moving Shop,"7446 Chestnut St, Tucson, AZ 857565",N/A,(815) 684-5952,(899) 287-1204,legal,moving company,0.6232804232804233,0.0,0.0,0.0,0.0,1.0,,1.0,,0.31681114370989183,0.0,1.0
B000430,L000006-590,source3,,certain_nonmatch,0.0,Brookfield Electrical,HavenwoodR oofing,"6619 Poplar Blvd Ste 279, Charlotte, NC 282388","8836 Liberty Way, Charlotte, NC 282167",(719) 309-9152,-,,roofer,0.49218020541549956,0.0,,,0.0,1.0,0.0,1.0,0.0,0.4378494834358429,,1.0
B001293,L000874-239,source3,,ambiguous,0.2142857142857143,Fairview Optometry Co,Harborview Childcare,"3372 Cedar Rd Ste 508, Aurora, IL 605604",null,(673) 223-0223,392-7989,optometry,day care centers,0.6597643097643098,0.0,,0.0,1.0,1.0,,1.0,,0.9787540975749354,0.0,1.0
B001077,L001282-627,source3,,probable_match,0.42857142857142877,Meridian Dental,Meridian Dental,"16 Oak Rd, Minneapolis, MN 554217","8656 Oak Rd, Minneapolis, MN 554217",(784) 714-8156,(793) 588-6752,dental,dentists,1.0,1.0,0.0,0.0,1.0,1.0,0.0,1.0,0.0,3.1130500275232023,1.0,2.0
B000085,R000536-853,source2,,probable_match,0.24428571428571422,Willowbrook Pharmacy Inc,Willowbrook Hradware LP,"1481 Jefferson Dr, Pittsburgh, PA 152841","9480 Monroe Ave, Pittsburgh, PA 152234",-,811-674-5330,pharmacy,hardware,0.9075,0.0,,,0.0,1.0,1.0,1.0,0.0,,0.0,1.0
B000981,L000981-198,source3,,certain_match,1.0,Clearwater Barber Corp,Clearwater Barber,"7810 Market St Ste 798, Philadelphia, PA 191570","7801 Market St #798, Philadelphia, PA 191570",(267) 936-4523,(267) 936-4523,beauty,barbershop,1.0,1.0,1.0,1.0,1.0,1.0,0.0,1.0,0.0,0.36816981210510125,1.0,3.0
B000813,L000095-548,source3,,ambiguous,0.4085714285714286,Windward Salon,Windwrd Restaurant,"9649 Spruce Ln, Rochester, MN 559658",N/A,(866) 482-3441,(967) 888-4295,beauty,cafes,0.8714285714285714,0.0,0.0,0.0,0.0,1.0,,1.0,,0.19573685558249712,0.0,2.0
B001085,R001085-543,source2,,certain_match,1.0,Bramblewood Bakery,Bramblewood Bakery LLC,"3556 Market Ct Ste 837, Spokane, WA 992642","3556 Market Ct Ste 837, Spokane, WA 992642",(611) 781-4019,-,bakery,bakery,1.0,1.0,,,1.0,1.0,1.0,1.0,1.0,,1.0,2.0
B000953,R000794-271,source2,,ambiguous,0.24428571428571422,Pinecrest Electrical,Pinecrest Insurance Corp,"530 Broadway Ave, Austin, TX 787875","6969 Marketu Ave Ste 308, Austin, TX 787233",(682) 594-1152,845-950-4413,electrical,insurance,0.8812280701754386,0.0,0.0,0.0,0.0,1.0,1.0,1.0,0.0,,0.0,1.0
B000456,R000737-125,source2,,ambiguous,0.24428571428571422,Havenwood Moving,Havenwood Cleaners Co,"8716 Franklin Dr Ste 292, Rochester, MN 559936","7506 Chestnut Pl, Rochester, MN 559469",(387) 339-4744,393-639-6843,moving,cleaning,0.8597222222222223,0.0,0.0,0.0,0.0,1.0,1.0,1.0,0.0,,0.0,1.0
B000734,R000654-510,source2,,ambiguous,0.1642857142857143,Brookfield Pools,Clearwater Pools Ltd,"1169 Walnut Ave Ste 305, Nashville, TN 372348","7507 Maple Ln Ste 236, Nashville, TN 372348",(402) 891-5394,491-388-3476,pool,pool,0.6712962962962963,0.0,0.0,0.0,1.0,1.0,1.0,1.0,0.0,,1.0,1.0
B001266,R000235-928,source2,,certain_match,0.8285714285714285,Foxglove Barber,Foxglove Barber Co,"1218 Park Ln, Aurora, IL 605913","230 Park Ln, Aurora, IL 605913",(840) 553-2628,943-772-3977,beauty,beauty,1.0,1.0,0.0,0.0,1.0,1.0,1.0,1.0,0.0,,1.0,2.0
B000242,L000242-275,source3,,certain_match,0.8535714285714286,Highland Electric,Highland Electrical,"8181 Elm Ave, Boston, MA 021824","Elm Ave, Boston, MA 021824",(459) 874-2525,874-2525,electric,electricians,0.9789473684210527,1.0,,1.0,1.0,1.0,0.0,1.0,,0.42537592371097843,1.0,2.0
B000760,R000359-650,source2,,ambiguous,0.4585714285714286,Highland Cleaners,Highland Landscaping LLC,"7884 Maple Blvd, Austin, TX 787296","2574 Market Dr, Austin, TX 787296",(608) 586-2748,697-220-6979,cleaning,landscaping,0.8761344537815126,0.0,0.0,0.0,1.0,1.0,1.0,1.0,0.0,,0.0,2.0
B000620,L000620-991,source3,,probable_match,0.32857142857142857,Windward Childcare,Widward Childcare,"666 Maple Pl Ste 218, Eugene, OR 974352","666 Maple Pl #218, Eugene, OR 974352",(491) 667-9836,null,childcare,-,0.9851851851851852,0.0,,,1.0,1.0,0.0,1.0,1.0,0.45881293220955244,,2.0
B000948,R000566-847-D,source2,,probable_match,0.4142857142857142,Blue Ridge Floral LLC,Blue Ridge Legal Co,"8022 Willow St, Eugene, OR 974618","1122 Oak Ln, Eugene, OR 974886",(903) 578-4134,873-748-8791,restaurant,restaurant,0.9397058823529412,0.0,0.0,0.0,0.0,1.0,1.0,1.0,0.0,,1.0,1.0
B000560,L000560-140,source3,,certain_match,0.9678571428571432,Lakeside Barber,Lakeside Barber,"1741 Willow Way, Minneapolis, MN 554322","1741 Willow Way, Minneapolis, MN 554322",(236) 274-1153,274-1153,beauty,beauty salons,1.0,1.0,,1.0,1.0,1.0,0.0,1.0,1.0,0.4387552631742048,1.0,3.0
B000704,R001019-380,source2,,ambiguous,0.1642857142857143,Quarry Hill Restaurant,Silver Lake Pet Corp,"3830 Main St Ste 700, Dallas, TX 752650","8337 Park Dr, Dallas, TX 752650",(304) 452-9088,615-252-9694,restaurant,restaurant,0.5585858585858586,0.0,0.0,0.0,1.0,1.0,1.0,1.0,0.0,,1.0,1.0
B000311,L000839-262,source3,,certain_nonmatch,0.0,Bramblewood Roofing,Glenmore Storage,"5214 Franklin St, Minneapolis, MN 554217","9621 Franklin Rd, Minneapolis, MN 554405",(855) 779-1705,497-2641,roofing,,0.5676169590643275,0.0,,0.0,0.0,1.0,0.0,1.0,0.0,0.23819632743329852,,1.0
B001199,R000720-923,source2,,probable_match,0.24428571428571422,Thistledown Landscaping,Thistledown Insurance Inc,"22 Chestnut Ct Ste 604, Naperville, IL 605030","174 Willow Way, Naperville, IL 605238",(861) 728-6950,450-719-1659,landscaping,insurance,0.905728088336784,0.0,0.0,0.0,0.0,1.0,1.0,1.0,0.0,,0.0,1.0
B000946,R000195-296,source2,,ambiguous,0.24428571428571422,Stonegate Pet,Stonegate Childcare LP,"8477 Monroe Rd Ste 925, Cleveland, OH 441558","5524 Franklin St Ste 790, Cleveland, OH 441429",(555) 902-1661,380-825-6643,pet,-,0.8850202429149798,0.0,0.0,0.0,0.0,1.0,1.0,1.0,0.0,,,1.0
B001292,R001032-464,source2,,probable_match,0.7785714285714287,Northstar Electric,Northstar Electric LP,"899 Pine Dr Ste 806, Denver, CO 802633","6388 Pine Dr, Denver, CO 802633",,976-497-0693,electric,,1.0,1.0,,,1.0,1.0,1.0,1.0,0.0,,,2.0
B000496,R000003-825,source2,,certain_nonmatch,0.0,Sunset Pet,Fairview Gym LP,"9255 Pine Rd Ste 670, Spokane, WA 992642","4890 Monroe Ave, Spokane, WA 992642",null,404-356-6126,pet,fitness,0.45555555555555555,0.0,,,1.0,1.0,0.0,1.0,0.0,,0.0,1.0
B000018,R001205-575,source2,,ambiguous,0.24428571428571422,Willowbrook Landscaping,Willowbrook Cleaners Corp,"4916 Willow Rd Ste 869, Denver, CO 802849","1523 Chestnut Blvd, Denver, CO 802370",(210) 669-9224,393-444-7513,landscaping,cleaning,0.8942966751918158,0.0,0.0,0.0,0.0,1.0,1.0,1.0,0.0,,0.0,1.0
B000834,L000834-127,source3,,probable_match,0.7285714285714284,Glenmore Dental,Glenmore Dentalu,"2570 Highland Blvd, Boston, MA 021274","2570 Highland Blvd, Boston, MA 021274",(587) 328-3471,null,dental,dentists,0.9874999999999999,1.0,,,1.0,1.0,0.0,1.0,1.0,0.37904230592950916,1.0,2.0
B001129,R000849-396,source2,,certain_nonmatch,0.0,Pinecrest Pharmacy,Lakeside Siding Co,"8963 Lake Way Ste 317, Austin, TX 787238","5185 Cedar Rd, Austin, TX 787238",(494) 620-8987,617-469-8531,pharmacy,siding,0.40370370370370373,0.0,0.0,0.0,1.0,1.0,1.0,1.0,0.0,,0.0,1.0
B000273,R000468-605,source2,,ambiguous,0.24428571428571422,Acme Printing,Acme Moving Co,"5754 Union Rd Ste 866, Philadelphia, PA 191704","3040 Min Pl, Philadelphia, PA 191570",(622) 830-7248,-,printing,moving,0.8685314685314686,0.0,,,0.0,1.0,1.0,1.0,0.0,,0.0,1.0
B001192,L001066-839,source3,,ambiguous,0.2285714285714286,Silver Lake Bicycle,Bramblewood Bicycle,"8410 Cedar Ave, Tucson, AZ 857300",-,(751) 987-4193,891-4400,-,cycling,0.587719298245614,0.0,,0.0,1.0,1.0,,1.0,,0.5229118130699758,,2.0
B000970,R000862-809,source2,,ambiguous,0.1642857142857143,Kensington Landscaping,Grandview Landscaping LP,"7572 Broadway Dr, Cleveland, OH 441603","4606 Lincoln Blvd Ste 912, Cleveland, OH 441603",,281-603-3372,landscaping,landscaping,0.7255591630591631,0.0,,,1.0,1.0,1.0,1.0,0.0,,1.0,1.0
B000507,R000631-127,source2,,ambiguous,0.1642857142857143,Blue Ridge Pet,Cedar Grove Roofing Corp,"7312 Park Dr, Eugene, OR 974099","2782 Main Ave, Eugene, OR 974099",(335) 407-0057,672-873-6921,restaurant,restaurant,0.575187969924812,0.0,0.0,0.0,1.0,1.0,1.0,1.0,0.0,,1.0,1.0
B000174,L000979-115,source3,,ambiguous,0.2285714285714286,N/A,Sunset Pools,"3945 Washington Pl, Denver, CO 802849",,(252) 488-8108,430-7250,restaurant,pool and spa services,,0.0,,0.0,1.0,1.0,,1.0,,0.5887903295791672,0.0,2.0
B000386,R000705-161,source2,,ambiguous,0.4585714285714286,Sunset Hardware,Sunset Dental Co,"5416 Willow Dr, Raleigh, NC 276623","1357 Sycamore Way, Raleigh, NC 276623",(241) 357-5285,583-753-2755,hardware,,0.8671794871794872,0.0,0.0,0.0,1.0,1.0,1.0,1.0,0.0,,,2.0
B000047,R000222-714,source2,,ambiguous,0.5085714285714287,Quarry Hill Landscaping Co,Quarry Hill Bakery LLC,"318 Union Ave, Kansas City, MO 641574","2475 Mian Blvd Ste 566, Kansas City, MO 641574",(430) 865-1124,262-832-7916,restaurant,restaurant,0.8574879227053139,0.0,0.0,0.0,1.0,1.0,1.0,1.0,0.0,,1.0,2.0
B000281,L000856-376,source3,,ambiguous,0.2142857142857143,Meridian Childcare,Ironwood Bicycle,"4006 Maple Blvd, Boulder, CO 803591",,(665) 826-9975,785-6265,childcare,bicycle dealers,0.5935185185185184,0.0,,0.0,0.0,1.0,,1.0,,0.05721920336155616,0.0,1.0
B000585,R000800-206,source2,,ambiguous,0.1642857142857143,Silver Lake Floral,Quarry Hill Childcare Co,"6642 Pine Rd, Austin, TX 787296","5800 Franklin Rd, Austin, TX 787296",(842) 675-0022,713-642-8529,restaurant,restaurant,0.5772486772486772,0.0,0.0,0.0,1.0,1.0,1.0,1.0,0.0,,1.0,1.0
B000533,R001296-274,source2,,ambiguous,0.24428571428571422,Copperfield Floral,Copperfield Hardware LLCu,"7788 Cedar St, Dallas, TX 752284","4495 Chestnut Blvd, Dallas, TX 752650",(375) 489-5711,493-536-3242,floral,hardware,0.8932777777777778,0.0,0.0,0.0,0.0,1.0,1.0,1.0,0.0,,0.0,1.0
B000302,L000131-688,source3,,ambiguous,0.24428571428571427,Highland Furniture,Highland Insurance,"1000 Maple Pl Ste 240, Boulder, CO 803071","Oak Ln, Boulder, CO 803677",(405) 858-8614,267-5401,furniture,insurance agency,0.8825396825396825,0.0,,0.0,0.0,1.0,0.0,1.0,,0.6746996107124332,0.0,1.0
B000945,R001252-728,source2,,probable_match,0.24428571428571422,Bramblewood Pools,Bramblewood Floral Ltd,"8192 Washington Blvd Ste 409, Aurora, IL 605604","6940 Walnut Blvd, Aurora, IL 605558",(296) 547-6292,493-609-7540,pool,floral,0.9059757236227824,0.0,0.0,0.0,0.0,1.0,1.0,1.0,0.0,,0.0,1.0
B000285,L000285-725,source3,,certain_match,1.0,Fernwood Roofing,Fernwood Roofing,"2578 Highland Rd, Raleigh, NC 276546",-,(891) 940-1889,940-1889,null,roofer,1.0,1.0,,1.0,1.0,1.0,,1.0,,0.5844683800625395,,2.0
B000585,R000585-901,source2,,certain_match,0.9285714285714285,Silver Lake Floral,Silver Lak eFloral LP,"6642 Pine Rd, Austin, TX 787296","6642 Pne Rd, Austin, TX 787296",(842) 675-0022,546-711-0022,restaurant,restaurant,0.9888888888888889,0.0,0.0,0.0,1.0,1.0,1.0,1.0,1.0,,1.0,2.0
B001054,R001054-673,source2,,probable_match,0.4642857142857143,Eastgate Cleaners Co,-,"8103 Cherry Way Ste 995, Atlanta, GA 303854","8103 Cherry Way Ste 995, Atlanta, GA 303854",(378) 791-9757,null,cleaning,cleaning,,0.0,,,1.0,1.0,1.0,1.0,1.0,,1.0,1.0
B000636,L000636-766,source3,,probable_match,0.5285714285714285,Stonegate Printing,Stonegate Printng,"8972 Pine Ct, Atlanta, GA 303214","8972 Pine Ct, Atlanta, GA 303214",(921) 728-3056,,printing,sign shop,0.9888888888888889,0.0,,,1.0,1.0,0.0,1.0,1.0,0.5638284801271926,1.0,2.0
B000053,R000053-415,source2,,certain_match,1.0,Deepford Childcare,Deepford Childcrae Inc,"8549 Sycamore Way Ste 927, Columbus, OH 432665","8549 Sycamore Way Ste 927, Columbus, OH 432665",(696) 676-7136,696-676-7136,N/A,childcare,0.9888888888888889,0.0,1.0,1.0,1.0,1.0,1.0,1.0,1.0,,,3.0
B000946,R000443-190,source2,,certain_nonmatch,0.0,Stonegate Pet,Maple Hill Childcare Inc,"8477 Monroe Rd Ste 925, Cleveland, OH 441558","4167 Birch St, Cleveland, OH 441558",(555) 902-1661,766-638-5483,pet,restaurant,0.4115384615384616,0.0,0.0,0.0,1.0,1.0,1.0,1.0,0.0,,0.0,1.0
B001081,R000138-619,source2,,ambiguous,0.31428571428571433,Thistledown Bakery,Willowbrook Dental Inc,N/A,"6027 Broadway Ct, Rochester, MN 559146",(690) 340-5167,415-839-4616,bakery,null,0.6195286195286195,0.0,0.0,0.0,1.0,1.0,1.0,1.0,,,,1.0
B001020,L001020-847,source3,,certain_match,1.0,Fernwood Siding Ltd,Fernwood Siding,"3507 Lincoln Way, Dallas, TX 752103","3507 Licoln Way, Dallas, TX 752103",(494) 449-2701,(494) 449-2701,siding,siding contractors,1.0,1.0,1.0,1.0,1.0,1.0,0.0,1.0,1.0,0.4866942667244176,1.0,3.0
B000621,R000304-743,source2,,ambiguous,0.24428571428571422,Eastgate Optometry,Eastgate Gym Ic,"8056 Broadway Rd Ste 548, Tucson, AZ 857565","1614 Lake Blvd, Tucson, AZ 857387",(875) 892-1392,831-523-0916,optometry,fitness,0.8507070707070707,0.0,0.0,0.0,0.0,1.0,1.0,1.0,0.0,,0.0,1.0
B000774,R000647-944,source2,,ambiguous,0.4585714285714286,Fernwood Insurance Corp,Fernwood Furniture Corpi,"7011 Birch Ave, Worcester, MA 016735","6921 Monroe Way Ste 264, Worcester, MA 016735",(303) 951-6305,673-273-1087,insurance,,0.8516666666666667,0.0,0.0,0.0,1.0,1.0,1.0,1.0,0.0,,,2.0
B000357,L000561-228,source3,,certain_nonmatch,0.0,Highland Hardware,Acme Pool,"3403 Market Pl, Chicago, IL 606754","Market Way, Chicago, IL 606692",null,(204) 727-8039,hardware,pool and spa services,0.392156862745098,0.0,,,0.0,1.0,0.0,1.0,,0.4128854942056992,0.0,1.0
B000361,R000331-866-D,source2,,ambiguous,0.24428571428571422,Ironwood Accounting,Ironwood Plumbing Co,"1866 Lincoln Ln, Kansas City, MO 641551","8735 Sycamore Way, Kansas City, MO 641871",(479) 594-7835,258-727-2604,accounting,plumbing,0.8743986663491308,0.0,0.0,0.0,0.0,1.0,1.0,1.0,0.0,,0.0,1.0
B000846,L000292-532,source3,,ambiguous,0.5442857142857143,Brookfield Floral,Brookfield Restauranta,"7700 Elm Pl, Chicago, IL 606754",-,(782) 232-9848,,floral,,0.8711229946524064,0.0,,,0.0,1.0,,1.0,,0.4680224943613808,,1.0
B000807,L000337-806,source3,,ambiguous,0.2142857142857143,N/A,Fairview Printing,"7186 Broadway Dr, Rochester, MN 559658",-,(344) 562-7110,,beauty,print shop,,0.0,,,0.0,1.0,,1.0,,0.244441447605211,0.0,1.0
B000660,R000574-289,source2,,certain_nonmatch,0.0,Fairview Automotive,Fairview Childcare LPi,"7654 Jefferson Dr Ste 606, Dallas, TX 752887","4935 Walnut Ave, Dallas, TX 752464",(653) 565-9189,442-396-1925,,childcare,0.697900053163211,0.0,0.0,0.0,0.0,1.0,0.0,1.0,0.0,,,1.0
B000724,L001264-638,source3,,probable_match,0.42857142857142877,Elmhurst Printing,Elmhurst Printing,"2659 Cedar Way, Eugene, OR 974099","9304 Cedar Way, Eugene, OR 974099",(708) 424-0060,null,printing,printing and copy centers,1.0,1.0,,,1.0,1.0,0.0,1.0,0.0,1.8818166013862438,1.0,2.0
B000975,L001267-917,source3,,certain_nonmatch,0.0,Bramblewood Coffee,Bramblewood Electrical,"7265 Elm Rd, Worcester, MA 016965","2350 Popalr Rd, Worcester, MA 016216",(212) 852-1921,null,coffee,electricians,0.8896969696969697,0.0,,,0.0,1.0,0.0,1.0,0.0,2.0164850621770416,0.0,1.0
B000021,L000021-648,source3,,probable_match,0.6035714285714286,Meridian Pools,Meridian Pools,"4334 Cedar Ave, Pittsburgh, PA 152841","4343 Cedar Ave, Pittsburgh, PA 152841",(767) 359-4462,359-4462,pool,-,1.0,1.0,,1.0,1.0,1.0,0.0,1.0,0.0,0.029121941949683244,,2.0
B001270,R000404-398,source2,,certain_nonmatch,0.0,Eastgate Siding,Fairview Pharmacy Corp,"7760 Liberty St, Charlotte, NC 282947","2249 Chery Ave Ste 851, Charlotte, NC 282947",(984) 837-4293,279-944-1235,siding,pharmacy,0.40915032679738567,0.0,0.0,0.0,1.0,1.0,1.0,1.0,0.0,,0.0,1.0
B000878,L000878-532,source3,,certain_match,0.812142857142857,Brookfield Gym,Brookfield Fitness Shop,"7104 Cedar Ct, Charlotte, NC 282947","7140 Cedar Ct, Charlotte, NC 282947",(455) 313-3597,(455) 313-3597,fitness,yoga,0.8793650793650793,0.0,1.0,1.0,1.0,1.0,0.0,1.0,0.0,0.5734030861513523,1.0,4.0
B000845,R001001-863,source2,,ambiguous,0.2942857142857142,Cedar Grove Electrical,Cedar Grove Furniture LLC,"1532 Walnut Ct, Denver, CO 802370","8579 Jefferson Pl, Denver, CO 802906",(748) 676-1787,912-358-8980,restaurant,restaurant,0.8728354978354979,0.0,0.0,0.0,0.0,1.0,1.0,1.0,0.0,,1.0,1.0
B001064,L000271-243,source3,,ambiguous,0.27285714285714285,Riverbend Restaurant,Riverbend Roofing,"3216 Market Ln Ste 229, Boulder, CO 803677","Lake Rd, Boulder, CO 803677",(843) 952-0213,(305) 305-5133,restaurant,,0.8611764705882352,0.0,0.0,0.0,1.0,1.0,0.0,1.0,,0.3169474412454097,,3.0
B000673,R000724-163,source2,,certain_nonmatch,0.11428571428571432,Bramblewood Storage,Elmhurst Printing Corp,"2214 Main Ave Ste 935, Eugene, OR 974099","2659 Cedar Way, Eugene, OR 974099",(913) 392-0439,461-345-0060,storage,printing,0.5565875472996216,0.0,0.0,0.0,1.0,1.0,1.0,1.0,0.0,,0.0,1.0
B000677,L000856-376,source3,,ambiguous,0.2642857142857143,Havenwood Bicycle,Ironwood Bicycle,"1041 Highland Ln, Boulder, CO 803071",,(685) 319-8106,785-6265,bike,bicycle dealers,0.8334276018099548,0.0,,0.0,0.0,1.0,,1.0,,0.05721920336155616,1.0,1.0
B000217,L001022-885,source3,,certain_nonmatch,0.0,Willowbrook Barber,Harboview Bakery,"7640 Cherry Dr, Phoenix, AZ 850747","8698 Lincoln Pl, Phoenix, AZ 850549",,N/A,beauty,bakeries,0.6146885521885522,0.0,,,0.0,1.0,0.0,1.0,0.0,0.708402042086938,0.0,1.0
B000264,R000037-138,source2,,ambiguous,0.24428571428571422,Bramblewood Furniture,Bramblewood Electrical LLC,"6787 Lincoln Dr, Columbus, OH 432718","6966 Lake St Ste 812, Columbus, OH 432665",(988) 295-6600,676-251-9132,furniture,electrical,0.8728354978354979,0.0,0.0,0.0,0.0,1.0,1.0,1.0,0.0,,0.0,1.0
B000207,R001006-650,source2,,certain_nonmatch,0.11428571428571432,Amberly Barber,Fairview Cleaners Co,"7547 Walnut Blvd Ste 293, Denver, CO 802370","5693 Liberty Ln Ste 933, Denver, CO 802370",(984) 315-0527,970-706-8884,beauty,cleaning,0.5556722689075629,0.0,0.0,0.0,1.0,1.0,1.0,1.0,0.0,,0.0,1.0
B001225,R001047-263-D,source2,,probable_match,0.2942857142857142,Blue Ridge Barber,Blue Ridge Pet Ltd,"2232 Spruce Dr, Denver, CO 802370","9167 Spruce Ct, Denver, CO 802785",(796) 908-3490,980-332-9815,restaurant,restaurant,0.9126050420168067,0.0,0.0,0.0,0.0,1.0,1.0,1.0,0.0,,1.0,1.0
B000415,R001154-294,source2,,certain_nonmatch,0.0,Quarry Hill Bicycle,Quarry Hill Plumbing Ltd,"9397 Poplar St Ste 744, Nashville, TN 372159","1164 Maple Pl, Dallas, TX 752103",(241) 786-2406,739-906-9666,restaurant,restaurant,0.894561403508772,0.0,0.0,0.0,0.0,0.0,0.0,0.0,0.0,,1.0,1.0
B001164,R001133-985,source2,,ambiguous,0.1642857142857143,Fernwood Salon,Fairview Barber LLC,"9118 Willow Dr, Columbus, OH 432574","8783 Highland Dr, Columbus, OH 432574",(825) 558-1447,414-366-5864,beauty,beauty,0.5539682539682539,0.0,0.0,0.0,1.0,1.0,1.0,1.0,0.0,,1.0,1.0
B000208,R000144-352,source2,,ambiguous,0.2942857142857142,Silver Lake Electrical,Silver Lake Landscaping Ltd,"9732 Oak Ave, Indianapolis, IN 462163","8648 Jefferson Rd Ste 395, Indianapolis, IN 462890",(921) 249-4009,,restaurant,restaurant,0.8720849802371541,0.0,,,0.0,1.0,1.0,1.0,0.0,,1.0,1.0
B000944,R000633-890,source2,,ambiguous,0.24428571428571422,Harborview Pools,Harborview Legal LP,"3978 Liberty Way, Dallas, TX 752284","5564 Pine Pl, Dallas, TX 752389",(332) 525-2187,349-298-8142,pool,legal,0.9,0.0,0.0,0.0,0.0,1.0,1.0,1.0,0.0,,0.0,1.0
B000963,L000963-597,source3,,certain_match,1.0,Amberly Automotive,Amberly Automotive Shop,-,"8062 Park Ln, Atlanta, GA 303214",(269) 952-1237,(269) 952-1237,auto,car repair,1.0,1.0,1.0,1.0,1.0,1.0,0.0,1.0,,0.6580883206711539,1.0,3.0
B000959,R000959-950,source2,,certain_match,1.0,Brookfield Bicycle,Brookfield Bicycle Inc,"4194 Park Blvd, Kansas City, MO 641252",,,,bike,bike,1.0,1.0,,,1.0,1.0,1.0,1.0,,,1.0,2.0
B000054,R000447-640,source2,,ambiguous,0.1642857142857143,Ironwood Landscaping,Bramblewood Landscaping Corp,"7614 Poplar Ct, Seattle, WA 981505","9671 Spruce Ct, Seattle, WA 981505",(545) 229-8098,372-388-0378,landscaping,landscaping,0.74539641943734,0.0,0.0,0.0,1.0,1.0,1.0,1.0,0.0,,1.0,1.0
B001249,L000125-962,source3,,probable_match,0.42857142857142877,Willowbrook Coffee,Willowbrook Coffee,"2074 Hickory Dr Ste 452, Columbus, OH 432718","2843 Hickory Dr #877, Columbus, OH 432718",null,(278) 381-8095,coffee,coffee and tea shops,1.0,1.0,,,1.0,1.0,0.0,1.0,0.0,1.8597506100497145,1.0,2.0
B001277,R001277-610,source2,,certain_match,1.0,Lakeside Printing,Lakeside Printing Inc,"4958 Hickory Pl, Seattle, WA 981093","4958 Hickory Pl, Seattle, WA 981093",null,534-751-4292,,printing,1.0,1.0,,,1.0,1.0,1.0,1.0,1.0,,,2.0
B000138,L000524-815,source3,,ambiguous,0.2142857142857143,Willowbrook Dental,Riverbend Accounting,"6027 Broadway Ct, Rochester, MN 559146",-,(673) 987-4616,357-3116,dental,bookkeeping,0.5518518518518518,0.0,,0.0,,,,1.0,,0.2907522673877721,0.0,1.0
B001207,L000174-207,source3,,certain_nonmatch,0.0,Copperfield Siding,Silver Restaurant,"79 Broadway Dr, Denver, CO 802370","3945 Washington Pl, Denver, CO 802849",(528) 551-8133,(252) 488-8108,siding,food services,0.5133442265795206,0.0,0.0,0.0,0.0,1.0,0.0,1.0,0.0,1.3702430940507586,0.0,1.0
B000704,R000704-951,source2,,probable_match,0.7928571428571428,Quarry Hill Restaurant,Quary Hill Restaurant Co,"3830 Main St Ste 700, Dallas, TX 752650","3830 Maina St Ste 700, Dallas, TX 752650",(304) 452-9088,null,restaurant,restaurant,0.9337662337662338,0.0,,,1.0,1.0,1.0,1.0,1.0,,1.0,3.0
B000609,L000609-598,source3,,probable_match,0.6478571428571429,Blue Ridge Bakery,Blue Bakery,"2220 Walnut Ct Ste 379, Phoenix, AZ 850747","2220 Walnut Ct, Phoenix, AZ 850747",(630) 851-5832,851-5832,restaurant,cafes,0.893048128342246,0.0,,1.0,1.0,1.0,0.0,1.0,1.0,0.2156218885933368,1.0,3.0
B000153,L001138-628-U,source3,,ambiguous,0.5585714285714286,Fernwood Accounting Corp,Fernwood Furniture,"1354 Union Pl, Spokane, WA 992156",null,(817) 384-8937,,accounting,furniture stores,0.865901934322987,0.0,,,1.0,1.0,,1.0,,0.4848160947560123,0.0,2.0
B000185,L000003-289,source3,,certain_nonmatch,0.04428571428571426,Fairview Floral Corp,Fairview Gym,"8951 Walnut Pl, Spokane, WA 992163","114 Maple Ave, Spokane, WA 992642",(898) 858-4331,(404) 356-6126,floral,health club,0.87,0.0,0.0,0.0,0.0,1.0,0.0,1.0,0.0,0.30396571253428883,0.0,1.0
B001143,L000930-989,source3,,ambiguous,0.2142857142857143,Harborview Electrical,Lakeside Automotive,"8199 Market Dr Ste 603, Phoenix, AZ 850826",,null,(759) 711-5128,electrical,tires,0.5600111389585073,0.0,,,0.0,1.0,,1.0,,0.35907679337540954,0.0,1.0
B000847,L000113-218-U,source3,,certain_nonmatch,0.0,Amberly Landscaping,Sunset Accounting,"2323 Maple Rd Ste 183, Portland, OR 972344","4562 Liberty Blvd, Portland, OR 972094",(930) 662-6876,null,landscaping,tax preparation,0.5472136222910217,0.0,,,0.0,1.0,0.0,1.0,0.0,0.32481513977389875,0.0,1.0
B001268,L000669-644,source3,,ambiguous,0.19428571428571428,Willowbrook Automotive,Wilolwbrook Gym,"5134 Washington Blvd Ste 168, Boulder, CO 803721",-,(825) 844-3030,,auto,fitness centers and gyms,0.8554856254856255,0.0,,,0.0,1.0,,,,2.009976099354044,0.0,1.0
B000583,L000624-836-U,source3,,certain_nonmatch,0.0,Havenwood Insurance,Northstar Plumbing,"8115 Lake Ave Ste 871, Dallas, TX 752887","1780 Way, Dallas, TX 752887",(910) 949-6662,null,insurance,plumbing contractors,0.5272904483430799,0.0,,,1.0,1.0,0.0,1.0,0.0,0.7476294322186451,0.0,1.0
B000985,R001067-320,source2,,ambiguous,0.24428571428571422,Foxglove Optometry,Foxglove Pools LLC,"1634 Birch Pl Ste 258, Cleveland, OH 441603","1301 Walnut Rd, Cleveland, OH 441459",(546) 665-8978,295-770-4601,N/A,pool,0.888095238095238,0.0,0.0,0.0,0.0,1.0,1.0,1.0,0.0,,,1.0
B001248,R000494-545,source2,,ambiguous,0.2785714285714285,Havenwood Accounting,Havenwood Optometry Co,"8696 Liberty Ct, Charlotte, NC 282276","3939 Poplar Blvd Ste 419, Charlotte, NC 282276",(799) 681-3577,452-729-8883,accounting,optometry,0.8463157894736842,0.0,0.0,0.0,1.0,1.0,1.0,1.0,0.0,,0.0,2.0
B000458,L000796-357-U,source3,,certain_nonmatch,0.0,Maple Hill Dental LP,Fairview Furniture,"7184 Union Rd Ste 192, Portland, OR 972781","4698 Broadway Ave, Portland, OR 972980",(216) 705-3558,(538) 855-1457,restaurant,furniture store,0.45736072206660444,0.0,0.0,0.0,0.0,1.0,0.0,1.0,0.0,0.39942376658461703,0.0,1.0
B000629,L000893-181,source3,,ambiguous,0.2142857142857143,Glenmore Automotive,Brookfield Insurance,"9684 Lincoln Dr, Denver, CO 802633",N/A,(985) 491-5250,(491) 668-1968,auto,insurance agency,0.5884370015948964,0.0,0.0,0.0,0.0,1.0,,1.0,,0.3753040604209904,0.0,1.0
B000755,L001058-299,source3,,ambiguous,0.2285714285714286,Eastgate Restaurant,Elmhurst Fitness,"9586 Willow St, Phoenix, AZ 850127",null,(960) 438-8248,(966) 341-7999,restaurant,health club,0.5676169590643275,0.0,0.0,0.0,1.0,1.0,,1.0,,0.37898262773783614,0.0,2.0
B001293,L001293-878,source3,,probable_match,0.7428571428571429,Fairview Optometry Co,Fairview Optometry,"3372 Cedar Rd Ste 508, Aurora, IL 605604","3372 Cedar Rd #508, Aurora, IL 605604",(673) 223-0223,null,optometry,opticians and ophthalmologists,1.0,1.0,,,1.0,1.0,0.0,1.0,1.0,0.5815364410735563,1.0,3.0
B000226,R000180-583,source2,,certain_nonmatch,0.11428571428571432,Meridian Optometry LP,,"520 Maple Ave, Kansas City, MO 641551","8026 Market Pl, Kansas City, MO 641551",(766) 687-0919,218-577-5427,optometry,fitness,,0.0,0.0,0.0,1.0,1.0,1.0,1.0,0.0,,0.0,1.0
B000618,L000352-130-U,source3,,probable_match,0.1785714285714285,Maple Hill Pools,Maple Hill Salon,"7778 Walnut Pl, Indianapolis, IN 462890","8388 Lake Rd #234, Indianapolis, IN 462890",(651) 889-1758,(952) 222-9661,restaurant,barber,0.9357142857142857,0.0,0.0,0.0,1.0,1.0,0.0,1.0,0.0,0.5214652256899502,0.0,2.0
B000946,R001087-331,source2,,probable_match,0.24428571428571422,Stonegate Pet,Stonegate Storage Corp,"8477 Monroe Rd Ste 925, Cleveland, OH 441558","1112 Sycamore St, Cleveland, OH 441429",(555) 902-1661,,pet,storage,0.9091251885369532,0.0,,,0.0,1.0,1.0,1.0,0.0,,0.0,1.0
B000714,L000714-755,source3,,certain_match,0.9535714285714287,Grandview Optometry LLC,Grandview Optometry,"9637 Elm Rd, Worcester, MA 016935","9637 Elm Rd, Worcester, MA 016935",(466) 783-3734,783-3734,optometry,optician,1.0,1.0,,1.0,1.0,1.0,0.0,1.0,1.0,0.5634580381829579,1.0,2.0
B000454,R000454-201,source2,,certain_match,0.8285714285714285,Fernwood Moving,Fernwood Moving LLC,"7053 Franklin Dr Ste 336, Dallas, TX 752887","9626 Main Ln, Dallas, TX 752887",(762) 582-3089,601-265-3089,moving,moving,1.0,1.0,0.0,0.0,1.0,1.0,1.0,1.0,0.0,,1.0,2.0
B000508,L001295-968,source3,,probable_match,0.42857142857142877,Stonegate Bicycle,Stonegate Bicyclea,"8905 Franklin Ct Ste 605, Austin, TX 787791","8080 Franklin Ct, Austin, TX 787791",(423) 802-7794,(526) 735-0145,bike,cycling,0.9888888888888889,1.0,0.0,0.0,1.0,1.0,0.0,1.0,0.0,0.9012931064328508,1.0,2.0
B000802,L000383-589,source3,,certain_nonmatch,0.0,Acme Pet,Highland Childcare,"2236 Birch Pl, Pittsburgh, PA 152841","6350 Jefferson St, Pittsburgh, PA 152841",(894) 745-2042,N/A,pet,day care centers,0.40277777777777773,0.0,,,1.0,1.0,0.0,1.0,0.0,0.4412435479736384,0.0,1.0
B001026,L000856-376,source3,,ambiguous,0.2142857142857143,Willowbrook Automotive Ltd,Ironwood Bicycle,"6365 Washington Blvd, Boulder, CO 803721",,(553) 339-6627,785-6265,auto,bicycle dealers,0.5931818181818181,0.0,,0.0,0.0,1.0,,1.0,,0.05721920336155616,0.0,1.0
B000911,R001112-239,source2,,ambiguous,0.24428571428571422,Clearwater Legal,Clearwater Landscaping LP,"4802 Lake Blvd Ste 918, Portland, OR 972344","5993 Lake Way, Portland, OR 972980",(437) 666-5157,608-248-8059,legal,landscaping,0.8879870129870129,0.0,0.0,0.0,0.0,1.0,1.0,1.0,0.0,,0.0,1.0
B000380,R000380-665,source2,,probable_match,0.42857142857142877,Highland Siding,Highland Siding LLC,"8565 Cedar Way Ste 248, New Orleans, LA 701598","8556 Cedar Way Ste 248, New Orleans, LA 701598",(887) 257-3275,354-377-3275,siding,siding,1.0,1.0,0.0,0.0,1.0,1.0,0.0,1.0,0.0,,1.0,2.0
B000115,R000504-570,source2,,certain_nonmatch,0.11428571428571432,Fairview Roofing,HavenwoodSiding LP,"2325 Union Way, Columbus, OH 432027","7401 Maple Ct, Columbus, OH 432027",(294) 964-8691,869-740-9591,roofing,siding,0.6972222222222223,0.0,0.0,0.0,1.0,1.0,1.0,1.0,0.0,,0.0,1.0
B000899,R000899-823,source2,,certain_match,1.0,Stonegate Furniture,Stonegate Furniture Inc,"3297 Union Dr Ste 933, Austin, TX 787875","3297 Unoin Dr Ste 933, Austin, TX 787875",(397) 288-9537,397-288-9537,furniture,furniture,1.0,1.0,1.0,1.0,1.0,1.0,1.0,1.0,1.0,,1.0,3.0
B000908,L000213-143,source3,,certain_nonmatch,0.0,Brookfield Landscaping,Eastgate Electrical,"3727 Sycamore Ct Ste 992, New Orleans, LA 701408","2366 Franklin Blvd, New Orleans, LA 701598",(872) 250-3812,null,landscaping,electrician,0.42822966507177035,0.0,,,0.0,1.0,0.0,1.0,0.0,0.29195816530880525,0.0,1.0
B000524,R000524-406-D,source2,,probable_match,0.2392857142857141,Riverbend Accounting,Riverbend Accounting Inc,"1518 Willow St, Rochester, MN 559146","7863 Broadway Dr, Atlanta, GA 303581",(713) 357-3116,713-357-3116,accounting,accounting,1.0,1.0,1.0,1.0,0.0,0.0,0.0,0.0,0.0,,1.0,1.0
B000459,L000095-548,source3,,ambiguous,0.2142857142857143,Meridian Storage,Windwrd Restaurant,"7598 Market Ct, Rochester, MN 559469",N/A,(283) 968-2393,(967) 888-4295,storage,cafes,0.6449915824915825,0.0,0.0,0.0,0.0,1.0,,1.0,,0.19573685558249712,0.0,1.0
B000733,R000585-901,source2,,ambiguous,0.5085714285714287,Silver Lake Hardware,Silver Lak eFloral LP,"1244 Walnut Blvd, Austin, TX 787296","6642 Pne Rd, Austin, TX 787296",(714) 725-8956,546-711-0022,restaurant,restaurant,0.8669841269841271,0.0,0.0,0.0,1.0,1.0,1.0,1.0,0.0,,1.0,2.0
B000028,L000930-989,source3,,ambiguous,0.2285714285714286,Grandview Insurance,Lakeside Automotive,"4574 Walnut Dr, Phoenix, AZ 850470",,(896) 749-5425,(759) 711-5128,insurance,tires,0.5842105263157894,0.0,0.0,0.0,1.0,1.0,,1.0,,0.35907679337540954,0.0,2.0
B000388,R000161-254,source2,,ambiguous,0.1642857142857143,Quarry Hill Barber,Cedar Grove Barber Corp,"5725 Lake Way, Savannah, GA 314663","2581 Market Dr, Savannah, GA 314663",(540) 539-5911,N/A,restaurant,restaurant,0.6195286195286195,0.0,,,1.0,1.0,1.0,1.0,0.0,,1.0,1.0
B000320,L000027-518,source3,,ambiguous,0.2142857142857143,Riverbend Dental,Brookfield Hardware,"8014 Broadway Way Ste 757, Rochester, MN 559271",null,(597) 389-6078,N/A,dental,home improvement,0.5504385964912281,0.0,,,0.0,1.0,,1.0,,0.4897748996276978,0.0,1.0
B000681,R000980-484,source2,,ambiguous,0.24428571428571422,Willowbrook Plumbing,Willowbrook Storage LLC,"5879 Highland St, Savannah, GA 314273","8315 Market Rd, Savannah, GA 314718",(379) 715-0523,308-818-3732,plumbing,storage,0.866842105263158,0.0,0.0,0.0,0.0,1.0,1.0,1.0,0.0,,0.0,1.0
B000199,R001093-364,source2,,certain_nonmatch,0.0,Sunset Furniture,Thistledown Barber Inc,"6122 Jefferson Ct, Columbus, OH 432733","1424A Chestnut Ave, Columbus, OH 432733",(976) 750-3578,,furniture,beauty,0.5393518518518519,0.0,,,1.0,1.0,1.0,1.0,0.0,,0.0,1.0
B001144,R000615-944,source2,,probable_match,0.24428571428571422,Riverbend Salon,Riverbend Restaurant Co,"735 Pine Dr, Springfield, IL 627114","697 Washington Ct Ste 912, Springfield, IL 627250",(544) 915-4565,726-807-0971,beauty,restaurant,0.9033333333333333,0.0,0.0,0.0,0.0,1.0,1.0,1.0,0.0,,0.0,1.0
B000732,L000732-805,source3,,probable_match,0.6678571428571431,Glenmore Printing,Glenmore Printing,"7661 Jefferson Way, Phoenix, AZ 850470","7616 Jefferson Way, Phoenix, AZ 850470",(525) 479-6264,479-6264,printing,printing and copy centers,1.0,1.0,,1.0,1.0,1.0,0.0,1.0,0.0,0.5846256456629702,1.0,3.0
B000592,L000592-489,source3,,probable_match,0.7785714285714287,Brookfield Coffee,Brookfield Coffee,"2466 Washington Rd, Boston, MA 021067","2466A Wshington Rd, Boston, MA 021067",-,(224) 500-6824,coffee,,1.0,1.0,,,1.0,1.0,1.0,1.0,0.0,0.21683581191831805,,2.0
B000354,R000354-161,source2,,certain_match,1.0,Blue Ridge Optometry,Blue Ride Optometry LLC,"1898 Jefferson St, Naperville, IL 605030","1898 Jefferson St, Naperville, IL 605030",(761) 458-7772,761-458-7772,restaurant,restaurant,0.99,0.0,1.0,1.0,1.0,1.0,1.0,1.0,1.0,,1.0,3.0
B001281,L000172-471,source3,,probable_match,0.42857142857142877,Willowbrook Floral Corp,Willowbrook Floral,"9701 Elm Dr, Naperville, IL 605238","4062 Elm Dr #397, Naperville, IL 605238",(774) 235-2666,628-4067,floral,florist,1.0,1.0,,0.0,1.0,1.0,0.0,1.0,0.0,3.1102625714100354,1.0,2.0
B000335,R001240-198,source2,,ambiguous,0.1642857142857143,Foxglove Accounting,Thistledown Accounting Corp,"1481 Park Dr Ste 150, Cleveland, OH 441429","7375 Willow Ct, Cleveland, OH 441429",(786) 998-3511,537-357-0728,accounting,accounting,0.6958304853041696,0.0,0.0,0.0,1.0,1.0,1.0,1.0,0.0,,1.0,1.0
B001037,R001037-368,source2,,certain_match,1.0,Quarry Hill Pharmacy,QuarryHill Pharmacy LP,"6036 Lake St, Columbus, OH 432203","6036 Lake St, Columbus, OH 432203",(218) 707-7219,218-707-7219,restaurant,N/A,0.9689473684210526,0.0,1.0,1.0,1.0,1.0,1.0,1.0,1.0,,,4.0
B001264,L001264-638,source3,,probable_match,0.4142857142857143,Elmhurst Printing,Elmhurst Printing,"9340 Cedar Way, Eugene, OR 974099","9304 Cedar Way, Eugene, OR 974099",(577) 226-5613,null,printing,printing and copy centers,1.0,1.0,,,,,0.0,1.0,0.0,0.1176901564559958,1.0,1.0
B000340,R000340-215,source2,,certain_match,1.0,Brookfield Pharmacy,Brookfield Pharmacy Corp,"4896 Washington Dr Ste 883, Phoenix, AZ 850044","4896 Washington Dr Ste 883, Phoenix, AZ 850044",(259) 814-6620,259-814-6620,pharmacy,pharmacy,1.0,1.0,1.0,1.0,1.0,1.0,0.0,1.0,1.0,,1.0,3.0
B000603,R000295-142,source2,,ambiguous,0.1642857142857143,Quarry Hill Storage,Maple Hill Hardware Corp,"6945 Union Dr, Austin, TX 787791","6661 Cedar Ct, Austin, TX 787791",(802) 812-1410,397-505-7591,restaurant,restaurant,0.5842105263157894,0.0,0.0,0.0,1.0,1.0,1.0,1.0,0.0,,1.0,1.0
B000008,R000008-578,source2,,certain_match,1.0,Kensington Bicycle,Kensington Bicycle Inc,"1105 Oak St, Aurora, IL 605913","1105 Oak St, Aurora, IL 605913",(727) 443-4562,938-566-4562,bike,bike,1.0,1.0,0.0,0.0,1.0,1.0,1.0,1.0,1.0,,1.0,2.0
B000313,L000700-530,source3,,ambiguous,0.2142857142857143,Clearwater Bicycle,Fairview Bike,"1111 Walnut Blvd Ste 210, Portland, OR 972389",-,(202) 249-6323,(529) 611-9648,bike,null,0.5616096866096866,0.0,0.0,0.0,0.0,1.0,,1.0,,0.0613701714078082,,1.0
B000775,L000775-903,source3,,probable_match,0.7535714285714283,Grandview Childcare,N/A,"8268 Oak Pl Ste 915, Columbus, OH 432027","8268 Oak Pl #915, Columbus, OH 432027",(509) 889-8990,(509) 889-8990,childcare,day care centers,,0.0,1.0,1.0,1.0,1.0,0.0,1.0,1.0,0.24599034272698764,1.0,2.0
B001177,L001177-746,source3,,certain_match,1.0,Silver Lake Bakery,Silver Bakery,"60 Maple Rd, Pittsburgh, PA 152057","60 Maple Rd, Pittsburgh, PA 152057",(570) 504-6005,(570) 504-6005,restaurant,-,0.9136752136752138,0.0,1.0,1.0,1.0,1.0,0.0,1.0,1.0,0.6644839252778697,,3.0
B000800,R000733-485,source2,,ambiguous,0.1642857142857143,Quarry Hill Childcare,Silver Lake Hardware Corp,"5800 Franklin Rd, Austin, TX 787296","1244 Walnut Blvd, Austin, TX 787296",(483) 638-8529,714-725-8956,restaurant,restaurant,0.584920634920635,0.0,0.0,0.0,1.0,1.0,1.0,1.0,0.0,,1.0,1.0
B000553,L001043-290,source3,,certain_nonmatch,0.0,Thistledown Optometry,Riverbend Storage,"673 Cedar Pl, Phoenix, AZ 850127","3441 Main Ln #592, Phoenix, AZ 850826",-,408-6974,optometry,storage units,0.5548085901027077,0.0,,,0.0,1.0,0.0,1.0,0.0,0.7030059148722475,0.0,1.0
B000949,L000334-295,source3,,certain_nonmatch,0.0,Ironwood Electric,Bramblewood Pharmacy,"3140 Poplar Way Ste 410, Spokane, WA 992642","501 Lake Ave, Spokane, WA 992642",(727) 752-3993,,electric,pharmacies,0.5627450980392158,0.0,,,1.0,1.0,0.0,1.0,0.0,0.1685125985291961,0.0,1.0
B000881,R000881-612,source2,,certain_match,1.0,Elmhurst Bicycle LLC,Elmhurst Bicycle LLC,"2798 Broadway Dr, Cleveland, OH 441558","2798 Broadway Dr, Cleveland, OH 441558",(809) 560-7763,809-560-7763,bike,bike,1.0,1.0,1.0,1.0,1.0,1.0,1.0,1.0,1.0,,1.0,3.0
B001100,R001152-625,source2,,ambiguous,0.31428571428571433,Meridian Siding,Elmhurst Insurance Ltd,,"3049 Willow Ave, Kansas City, MO 641252",(799) 430-2840,442-649-7309,siding,insurance,0.5888888888888889,0.0,0.0,0.0,1.0,1.0,1.0,1.0,,,0.0,1.0
B000645,R000697-721,source2,,ambiguous,0.4585714285714286,Riverbend Barber,Riverbend Printing LLC,"6365 Main Blvd, New Orleans, LA 701597","1981 Walnut Way, New Orleans, LA 701598",(462) 508-1478,534-344-1929,beauty,printing,0.8597222222222223,0.0,0.0,0.0,1.0,1.0,1.0,1.0,0.0,,0.0,2.0
B001197,L000225-946,source3,,ambiguous,0.2585714285714286,Stonegate Accounting,Stonegate Electrical,,"1295 Walnut Dr, Tucson, AZ 857080",(923) 540-7023,-,accounting,electricians,0.8733333333333333,0.0,,,0.0,1.0,0.0,1.0,,0.7790500493765128,0.0,2.0
B001249,R000146-791,source2,,ambiguous,0.24428571428571422,Willowbrook Coffee,Willowbrook Childcare Co,"2074 Hickory Dr Ste 452, Columbus, OH 432718","26 Hickory Dr, Columbus, OH 432665",null,959-315-1402,coffee,childcare,0.888888888888889,0.0,,,0.0,1.0,1.0,1.0,0.0,,0.0,1.0
B001191,L000621-177,source3,,certain_nonmatch,0.0,Copperfield Moving,Eastgate Optometry,"2393 Highland Ave, Tucson, AZ 857387","8056A Broadway Rd, Tucson, AZ 857565",(899) 287-1204,N/A,moving,opticians and ophthalmologists,0.44973544973544977,0.0,,,0.0,1.0,0.0,1.0,0.0,0.4265964766440604,0.0,1.0
B000099,R000694-786,source2,,certain_nonmatch,0.0,Fernwood Printing,Lakeside Childcare LLC,"6071 Washington Dr, Boulder, CO 803196","1512 Oak Way, Boulder, CO 803196",(572) 301-6018,688-419-7309,printing,childcare,0.45098039215686275,0.0,0.0,0.0,1.0,1.0,1.0,1.0,0.0,,0.0,1.0
B000490,R001086-224,source2,,ambiguous,0.1642857142857143,Windward Roofing,Glenmore Roofing LP,"6333 Lake St, Naperville, IL 605517","4247 Broadway Dr Ste 218, Naperville, IL 605517",(927) 301-5168,974-792-3766,roofing,roofing,0.6833333333333332,0.0,0.0,0.0,1.0,1.0,1.0,1.0,0.0,,1.0,1.0
B000505,R000941-379-D,source2,,ambiguous,0.24428571428571422,Grandview Siding,Grandview Hardware LP,"5310 Market Ave, Austin, TX 787238","9195 Walnut Ave, Austin, TX 787629",(368) 935-2024,573-557-8569,siding,null,0.8597222222222223,0.0,0.0,0.0,0.0,1.0,1.0,1.0,0.0,,,1.0
B001230,L001230-926,source3,,probable_match,0.7035714285714285,Willowbrook Pharmacy,Willowbrook Pharmcy Shop,"3933 Birch Blvd, Nashville, TN 372714","3933 Birch Blvd, Nashville, TN 372714",(264) 676-0462,676-0462,pharmacy,null,0.99,0.0,,1.0,1.0,1.0,0.0,1.0,1.0,0.5150231883181069,,2.0
B000404,L000878-532,source3,,certain_nonmatch,0.0,Fairview Pharmacy,Brookfield Fitness Shop,"2294 Cherry Ave Ste 851, Charlotte, NC 282947","7140 Cedar Ct, Charlotte, NC 282947",(279) 944-1235,(455) 313-3597,pharmacy,yoga,0.3954248366013072,0.0,0.0,0.0,1.0,1.0,0.0,1.0,0.0,0.5734030861513523,0.0,2.0
B001240,L000321-161,source3,,probable_match,0.6285714285714288,Thistledown Accounting,Thistledown Accounting,"7357 Willow Ct, Cleveland, OH 441429","Willow Ct, Cleveland, OH 441429",(537) 357-0728,(476) 777-1009,accounting,cpa,1.0,1.0,0.0,0.0,1.0,1.0,0.0,1.0,,2.833921659870253,1.0,2.0
B001144,R000750-815,source2,,ambiguous,0.2142857142857143,Riverbend Salon,Blue Ridge Printing Co,"735 Pine Dr, Springfield, IL 627114",N/A,(544) 915-4565,654-890-0262,beauty,restaurant,0.5976608187134502,0.0,0.0,0.0,1.0,1.0,,1.0,,,0.0,1.0
B001273,L001194-838,source3,,probable_match,0.42857142857142877,Fernwood Printing,Fernwood Printing,"4745 Franklin Ave, Charlotte, NC 282276","3087 Franklin Ave, Charlotte, NC 282276",(223) 789-4104,(762) 428-0300,printing,print shop,1.0,1.0,0.0,0.0,1.0,1.0,0.0,1.0,0.0,2.774364551633018,1.0,2.0
B000571,R001293-716,source2,,ambiguous,0.24428571428571422,Fairview Legal Corp,Fairview Optometyr Co,"2315 Liberty Ave, Aurora, IL 605032","3372 Cedar Rd Ste 508, Aurora, IL 605604",(579) 766-2703,673-223-0223,legal,optometry,0.8539682539682539,0.0,0.0,0.0,0.0,1.0,1.0,1.0,0.0,,0.0,1.0
B000226,R001279-885,source2,,certain_nonmatch,0.0,Meridian Optometry LP,Ironwood Accounting Co,"520 Maple Ave, Kansas City, MO 641551","1429 Lincoln Ln Ste 344, Kansas City, MO 641551",(766) 687-0919,498-331-1900,optometry,accounting,0.5097465886939571,0.0,0.0,0.0,1.0,1.0,1.0,1.0,0.0,,0.0,1.0
B000567,R000008-993,source2,,ambiguous,0.24428571428571422,Kensington Pools LP,Kensington Bicycle Inc,"2320 Birch St, Aurora, IL 605604","1150 Oak St, Aurora, IL 605913",(834) 246-3976,727-443-4562,pool,bike,0.8833333333333333,0.0,0.0,0.0,0.0,1.0,1.0,1.0,0.0,,0.0,1.0
B000637,L000192-580,source3,,ambiguous,0.2142857142857143,Amberly Pools,null,"3288 Walnut St, Raleigh, NC 276623",null,(355) 964-4919,(238) 606-8116,pool,drugstore,,0.0,0.0,0.0,1.0,1.0,,1.0,,0.10202606995038521,0.0,1.0
B000745,L001271-486,source3,,ambiguous,0.2142857142857143,Highland Optometry,Ironwood Electrical,"3560 Birch Ave, Spokane, WA 992642",-,(325) 577-1253,null,optometry,electricians,0.5939571150097466,0.0,,,1.0,1.0,,1.0,,1.1768307229110422,0.0,1.0
B000536,R001269-828,source2,,ambiguous,0.24428571428571422,Willowbrook Hardware,Willowbrook Automotive Co,"9408 Monroe Ave, Pittsburgh, PA 152234","4840 Oak Pl, Pittsburgh, PA 152841",(811) 674-5330,528-352-0983,hardware,auto,0.8672727272727273,0.0,0.0,0.0,0.0,1.0,1.0,1.0,0.0,,0.0,1.0
B001016,R001290-649,source2,,certain_match,0.8285714285714285,Kensington Roofing,Kensington Roofing Inc,"8699 Franklin Pl Ste 137, Raleigh, NC 276175","5868 Franklin Pl, Raleigh, NC 276175",(574) 249-3745,434-470-2490,roofing,roofing,1.0,1.0,0.0,0.0,1.0,1.0,1.0,1.0,0.0,,1.0,2.0
B001076,L000856-376,source3,,ambiguous,0.2142857142857143,Fairview Insurance Inc,Ironwood Bicycle,"9794 Union Blvd Ste 338, Boulder, CO 803721",,(390) 663-8159,785-6265,insurance,bicycle dealers,0.6064814814814815,0.0,,0.0,0.0,1.0,,1.0,,0.05721920336155616,0.0,1.0
B001273,R001273-964,source2,,certain_match,1.0,Fernwood Printing,Fernwood Printing Inc,"4745 Franklin Ave, Charlotte, NC 282276","4745 Franklin Ave, Charlotte, NC 282276",(223) 789-4104,223-789-4104,printing,printing,1.0,1.0,1.0,1.0,1.0,1.0,1.0,1.0,1.0,,1.0,3.0
B000288,R000330-786,source2,,ambiguous,0.1642857142857143,Blue Ridge Hardware,N/A,"6569 Maple Pl, Nashville, TN 372348","7260 Lbierty Rd, Nashville, TN 372348",(519) 535-1415,338-874-9911,restaurant,restaurant,,0.0,0.0,0.0,1.0,1.0,1.0,1.0,0.0,,1.0,1.0
B000347,R001088-806,source2,,ambiguous,0.24428571428571422,Copperfield Pharmacy,Copperfield iBcycle Co,"4482 Washington St, Chicago, IL 606142","3988 Elm Ave Ste 917, Chicago, IL 606692",(791) 982-2595,213-226-7559,pharmacy,bike,0.8873684210526316,0.0,0.0,0.0,0.0,1.0,1.0,1.0,0.0,,0.0,1.0
B001210,L000821-369,source3,,probable_match,0.27857142857142864,Bramblewood Optometry,Brablewood Optometry,"5825 Maple Blvd, Charlotte, NC 282388","Maple Blvd, Charlotte, NC 282388",(472) 538-0439,-,optometry,optician,0.9888888888888889,0.0,,,1.0,1.0,0.0,1.0,,2.737866677243071,1.0,2.0
B001232,L000225-360,source3,,ambiguous,0.24428571428571427,Stonegate Restaurant,Stonegate Electrical,"3954 Sycamore Rd Ste 318, Tucson, AZ 857944","Walnut Dr, Tucson, AZ 857080",null,449-3700,restaurant,electricians,0.8657142857142857,0.0,,,,,0.0,1.0,,0.9839553092023661,0.0,1.0
B001215,R000390-130,source2,,probable_match,0.4585714285714286,Clearwater Floral Inc,Clearwater Electrical LLC,"858 Broadway Ave, Seattle, WA 981224","5259 Licnoln Blvd, Seattle, WA 981224",(665) 940-3253,596-462-8851,floral,electrical,0.919327731092437,0.0,0.0,0.0,1.0,1.0,1.0,1.0,0.0,,0.0,2.0
B000177,R000430-179,source2,,probable_match,0.5642857142857143,Brookfield Electric,Brookfield Electrical Coe,"1585 Lincoln Ave, Charlotte, NC 282473","6619A Poplar Blvd Ste 279, Charlotte, NC 282388",(772) 574-2363,,electric,electrical,0.952,1.0,,,0.0,1.0,1.0,1.0,0.0,,0.0,1.0
B000380,L000525-672,source3,,certain_nonmatch,0.0,Highland Siding,Eastgate Salon,"8565 Cedar Way Ste 248, New Orleans, LA 701598","5364 Elm Pl, New Orleans, LA 701598",(887) 257-3275,892-2174,siding,hair salon,0.49682539682539684,0.0,,0.0,1.0,1.0,0.0,1.0,0.0,0.2771395813966574,0.0,1.0
B000552,L000552-761,source3,,probable_match,0.6035714285714286,Kensington Insurance,Kensington Insurance,"4303 Elm Way, Pittsburgh, PA 152057","8602 Hickory Rd, Pittsburgh, PA 152057",(213) 495-7353,495-7353,N/A,insurance agency,1.0,1.0,,1.0,1.0,1.0,0.0,1.0,0.0,0.40099035140633976,,2.0
B000234,L000234-342,source3,,probable_match,0.5285714285714285,Maple Hill Bakery,Maple Bakery,"7354 Cherry Rd, Aurora, IL 605604","7354 Cherry Rd, Aurora, IL 605604",(306) 226-1468,N/A,restaurant,eating places,0.9411764705882353,0.0,,,1.0,1.0,0.0,1.0,1.0,0.3160654986954938,1.0,2.0
B001155,R000220-700,source2,,ambiguous,0.4585714285714286,Stonegate Coffee,Stonegate Moving LP,"9091 Highland Blvd Ste 196, Kansas City, MO 641574","8038 Willow Ct Ste 914, Kansas City, MO 641574",(599) 422-0863,374-343-8954,coffee,moving,0.875,0.0,0.0,0.0,1.0,1.0,1.0,1.0,0.0,,0.0,2.0
B000413,R000675-235,source2,,ambiguous,0.24428571428571422,Clearwater Hardware,Clearwater Cleaners Corp,"4601 Washington Ave Ste 261, Nashville, TN 372348","9303 Monroe Blvd, Nashville, TN 372714",,542-208-1682,hardware,cleaning,0.8804511278195488,0.0,,,0.0,1.0,1.0,1.0,0.0,,0.0,1.0
B001222,L001271-486,source3,,ambiguous,0.2142857142857143,Havenwood Printing,Ironwood Electrical,"2361 Willow Rd, Spokane, WA 992642",-,(386) 633-7307,null,printing,electricians,0.5939571150097466,0.0,,,1.0,1.0,,1.0,,2.015223712852285,0.0,1.0
B001204,L000528-191,source3,,certain_nonmatch,0.0,Brookfield Pharmacy,Brookfield Barber,"1852 Washington Dr Ste 836, Phoenix, AZ 850044","1928 Highland Ct, Phoenix, AZ 850826",-,837-9168,pharmacy,barber,0.8897832817337461,0.0,,,0.0,1.0,0.0,1.0,0.0,4.301938200343194,0.0,1.0
B001119,L001119-910,source3,,probable_match,0.7571428571428571,Quarry Hill Legal,Quarry Hill Legal,"7367 Broadway Ln, Tucson, AZ 857387","7367 Boadway Ln, Tucson, AZ 857387",(539) 711-8564,N/A,restaurant,eating places,1.0,1.0,,,1.0,1.0,0.0,1.0,1.0,0.4706793357034208,1.0,4.0
B000951,R000407-581,source2,,certain_nonmatch,0.0,Thistledown Landscaping,Glenmore Restaurant Ltd,"9361 Maple St, Denver, CO 802882","174 Broadway Ln Ste 925, Denver, CO 802882",(554) 285-3400,616-467-8423,landscaping,restaurant,0.5203661327231122,0.0,0.0,0.0,1.0,1.0,1.0,1.0,0.0,,0.0,1.0
B000911,R000911-192-D,source2,,probable_match,0.18928571428571428,Clearwater Legal,Clearwater Legal Ltd,"4802 Lake Blvd Ste 918, Portland, OR 972344","796 Park Ln, Minneapolis, MN 554881",(437) 666-5157,437-666-5157,legal,null,1.0,1.0,1.0,1.0,0.0,0.0,0.0,0.0,0.0,,,1.0
B000688,L000688-779,source3,,certain_match,0.9678571428571432,Havenwood Dental,Havenwood Dental,"9071 Park Way, Boulder, CO 803721","9071 Park Way, Boulder, CO 803721",(553) 208-4583,208-4583,dental,dentists,1.0,1.0,,1.0,1.0,1.0,0.0,1.0,1.0,0.5900739796028074,1.0,3.0
B000347,L000347-411,source3,,probable_match,0.30357142857142877,Copperfield Pharmacy,Coppefrield Pharmacy,"4482 Washington St, Chicago, IL 606142","4428 Washington St, Chicago, IL 606142",(791) 982-2595,982-2595,pharmacy,pharmacies,0.99,0.0,,1.0,1.0,1.0,0.0,1.0,0.0,0.3651707735525478,1.0,2.0
B000694,R000694-757,source2,,probable_match,0.7785714285714287,Lakeside Childcare,Lakeside Childcare LLC,"1512 Oak Way, Boulder, CO 803196","1521 Oak Way, Boulder, CO 803196",(688) 419-7309,472-335-7309,-,childcare,1.0,1.0,0.0,0.0,1.0,1.0,1.0,1.0,0.0,,,2.0
B000958,L001066-839-U,source3,,ambiguous,0.2142857142857143,Elmhurst Salon,Harborview Restaurant,"5047 Jefferson Ln, Tucson, AZ 857080",-,(206) 980-6620,891-4400,beauty,food services,0.5793650793650794,0.0,,0.0,0.0,1.0,,1.0,,0.5229118130699758,0.0,1.0
B000418,R000735-532,source2,,ambiguous,0.24428571428571422,Stonegate Hardware,Stonegate Dental Inc,"9774 Poplar Ln Ste 487, Worcester, MA 016580","2259 Liberty Dr, Worcester, MA 016897",(336) 311-0271,468-208-4906,hardware,dental,0.8915598290598291,0.0,0.0,0.0,0.0,1.0,1.0,1.0,0.0,,0.0,1.0
B000383,R000653-482,source2,,ambiguous,0.24428571428571422,Highland Childcare,Highland Salon Co,"6350 Jefferson St, Pittsburgh, PA 152841","2956 Jefferson Blvd, Pittsburgh, PA 152863",(521) 765-0881,-,childcare,beauty,0.8611832611832612,0.0,,,0.0,1.0,1.0,1.0,0.0,,0.0,1.0
B000950,R000844-781,source2,,ambiguous,0.24428571428571422,Copperfield Electrical LP,Copperfield Accounting Ltd,"7548 Poplar Dr, Aurora, IL 605432","7375 Highland Way, Aurora, IL 605032",(537) 754-6374,244-835-0934,-,accounting,0.8855614973262032,0.0,0.0,0.0,0.0,1.0,1.0,1.0,0.0,,,1.0
B000810,L000319-273,source3,,ambiguous,0.2142857142857143,Ironwood Moving,Windward Bike,"2499 Union Blvd, Boulder, CO 803196",-,(488) 985-1884,498-1342,moving,bike shops,0.5731379731379732,0.0,,0.0,1.0,1.0,,1.0,,0.12960481311550998,0.0,1.0
B000624,L000624-836,source3,,probable_match,0.5785714285714287,Bramblewood Accounting,Bramblewood Accounting,"8380 Highland Way Ste 565, Dallas, TX 752887","Highland Way, Dallas, TX 752887",(326) 456-8017,null,accounting,null,1.0,1.0,,,1.0,1.0,0.0,1.0,,0.7476294322186451,,2.0
B000858,R000101-597,source2,,ambiguous,0.1642857142857143,Maple Hill Furniture,-,"1206 Birch St, Rochester, MN 559936","2064 Franklin Ln, Rochester, MN 559936",(416) 903-6879,984-767-3394,restaurant,restaurant,,0.0,0.0,0.0,1.0,1.0,1.0,1.0,0.0,,1.0,1.0
B000799,R001288-886,source2,,ambiguous,0.2785714285714285,Acme Optometry,Acme Cleaners Inc,"2071 Elm Rd, Atlanta, GA 303214","4464 Lincoln Ave, Atlanta, GA 303214",(474) 254-6064,658-291-6027,optometry,cleaning,0.6794871794871794,0.0,0.0,0.0,1.0,1.0,1.0,1.0,0.0,,0.0,2.0
B001008,R001233-522,source2,,probable_match,0.442857142857143,Acme Landscaping LP,Acme Landscaping LP,"2699 Union Pl Ste 826, Spokane, WA 992112","2654 Union Pl Ste 567, Spokane, WA 992112",(701) 319-5332,561-628-3081,landscaping,landscaping,1.0,1.0,0.0,0.0,1.0,1.0,0.0,1.0,0.0,,1.0,3.0
B000805,R000261-270,source2,,ambiguous,0.24428571428571422,Harborview Bicycle,Harborview Storage LP,"4995 Sycamore Way, Worcester, MA 016216","7016 Pie Ln, Worcester, MA 016935",(675) 832-7999,412-260-9340,bike,null,0.8666666666666666,0.0,0.0,0.0,0.0,1.0,1.0,1.0,0.0,,,1.0
B000723,R001018-882,source2,,ambiguous,0.24428571428571422,Foxglove Plumbing,Foxglove Legal Ltd,"5596 Washington Blvd, Indianapolis, IN 462163","2719 Main Dr, Indianapolis, IN 462890",(909) 678-9826,963-928-9201,plumbing,legal,0.8865546218487396,0.0,0.0,0.0,0.0,1.0,1.0,1.0,0.0,,0.0,1.0
B000154,L000718-740,source3,,ambiguous,0.2142857142857143,Highland Legal,Stonegate Electrical,"4844 Park Ave, Naperville, IL 605616",N/A,(637) 370-7272,(443) 274-9829,legal,electrician,0.5738095238095239,0.0,0.0,0.0,0.0,1.0,,1.0,,0.2477526218038264,0.0,1.0
B001019,R000903-665,source2,,probable_match,0.2942857142857142,Silver Lake Pet,Silver Lake Barber Co,"8337 Park Dr, Dallas, TX 752650","6181 Market St Ste 818, Dallas, TX 752284",(615) 252-9694,,restaurant,restaurant,0.9177777777777778,0.0,,,0.0,1.0,1.0,1.0,0.0,,1.0,1.0
B000687,R000687-703,source2,,certain_match,1.0,Elmhurst Legal,Elmhurst Legal Co,"1008 Lincoln Rd, Denver, CO 802370","1008 Lincoln Rd, Denver, CO 802370",(857) 354-9413,-,legal,legal,1.0,1.0,,,1.0,1.0,1.0,1.0,1.0,,1.0,2.0
B001271,R001085-543,source2,,certain_nonmatch,0.11428571428571432,Ironwood Electric,Bramblewood Bakery LLC,"2319 Poplar Way Ste 158, Spokane, WA 992642","3556 Market Ct Ste 837, Spokane, WA 992642",(394) 946-5937,-,electric,bakery,0.6145969498910675,0.0,,,1.0,1.0,1.0,1.0,0.0,,0.0,1.0
B000809,L000718-740,source3,,ambiguous,0.2142857142857143,Thistledown Bakery,Stonegate Electrical,"2067 Elm Ave Ste 113, Naperville, IL 605616",N/A,(443) 253-5605,(443) 274-9829,bakery,electrician,0.5991582491582492,0.0,0.0,0.0,0.0,1.0,,1.0,,0.2477526218038264,0.0,1.0
B001060,R000831-118,source2,,ambiguous,0.1642857142857143,Amberly Automotive,Kensington Automotive LLC,"3175 Poplar Way, Worcester, MA 016735","2345 Lincoln Rd, Worcester, MA 016735",(458) 506-8879,635-580-0886,auto,auto,0.6626984126984127,0.0,0.0,0.0,1.0,1.0,1.0,1.0,0.0,,1.0,1.0
B000166,L000166-238,source3,,certain_match,1.0,Kensington Accounting LLC,Kensington Accounting,"4106 Washington Dr, Atlanta, GA 303363","4106 Washington Dr, Atlanta, GA 303363",(482) 328-4961,null,accounting,cpa,1.0,1.0,,,1.0,1.0,1.0,1.0,1.0,0.602693404759651,1.0,3.0
B001277,L000968-998,source3,,ambiguous,0.2142857142857143,Lakeside Printing,Eastgate Furniture,"4958 Hickory Pl, Seattle, WA 981093",,null,933-1579,,furniture stores,0.60239651416122,0.0,,,1.0,1.0,,1.0,,2.334965596845047,,1.0
B000550,R000017-794,source2,,ambiguous,0.44428571428571423,Northstar Legal,Northstar Printing LP,-,"9563 Poplara Way, Aurora, IL 605089",(593) 443-7211,502-562-5147,legal,printing,0.8688888888888889,0.0,0.0,0.0,0.0,1.0,1.0,1.0,,,0.0,1.0
B001129,R001251-218,source2,,ambiguous,0.1642857142857143,Pinecrest Pharmacy,Riverbend Pharmacy Co,"8963 Lake Way Ste 317, Austin, TX 787238","634 Washington Ct Ste 206, Austin, TX 787233",(494) 620-8987,407-515-9140,pharmacy,pharmacy,0.8042328042328042,0.0,0.0,0.0,1.0,1.0,1.0,1.0,0.0,,1.0,1.0
B000986,R000986-599,source2,,certain_match,1.0,Blue Ridge Electric,Blue Ridge Electric LP,"8330 Spruce Way, Kansas City, MO 641269","8330 Spruce Way, Kansas City, MO 641269",(580) 897-0732,580-897-0732,restaurant,restaurant,1.0,1.0,1.0,1.0,1.0,1.0,1.0,1.0,1.0,,1.0,3.0
B001294,R000134-245,source2,,ambiguous,0.1642857142857143,Riverbend Electric,Elmhurst Eletric LLC,"6503 Washington Pl, Columbus, OH 432203","6983 Spruce Pl, Columbus, OH 432203",(820) 451-2243,517-384-3509,electric,electric,0.6268518518518519,0.0,0.0,0.0,1.0,1.0,1.0,1.0,0.0,,1.0,1.0
B001043,L001043-290,source3,,probable_match,0.6678571428571431,Riverbend Storage,Riverbend Storage,"3414 Main Ln Ste 592, Phoenix, AZ 850826","3441 Main Ln #592, Phoenix, AZ 850826",(735) 408-6974,408-6974,storage,storage units,1.0,1.0,,1.0,1.0,1.0,0.0,1.0,0.0,0.7030059148722475,1.0,3.0
B001201,L000360-311,source3,,probable_match,0.42857142857142877,Riverbend Coffee,Riverbend Coffee Shop,"2821 Broadway St, New Orleans, LA 701919","2268A Brodaway St, New Orleans, LA 701919",(682) 573-9880,648-4395,coffee,coffeehouse,1.0,1.0,,0.0,1.0,1.0,0.0,1.0,0.0,5.291600866992738,1.0,2.0
B000727,R001087-331,source2,,probable_match,0.24428571428571422,Stonegate Salon,Stonegate Storage Corp,"4030 Pine Ln Ste 280, Cleveland, OH 441225","1112 Sycamore St, Cleveland, OH 441429",(304) 221-2248,,-,storage,0.9108898944193061,0.0,,,0.0,1.0,1.0,1.0,0.0,,,1.0
B000239,L001280-604,source3,,probable_match,0.42857142857142877,Amberly Electric,Amberly Electrical,"5254 Hickory Rd, Kansas City, MO 641762","1415 Hickory Rd, Kansas City, MO 641762",(691) 521-2910,(925) 408-8232,electric,electricians,0.9777777777777777,1.0,0.0,0.0,1.0,1.0,0.0,1.0,0.0,2.5901009076232118,1.0,2.0
B000381,R001235-529,source2,,probable_match,0.4785714285714286,Pinecrest Dental,Pinerest Dental LLC,"1017 Market Dr, Pittsburgh, PA 152786","6474 Market Dr, Pittsburgh, PA 152786",(972) 754-0529,N/A,dental,dental,0.9874999999999999,0.0,,,1.0,1.0,1.0,1.0,0.0,,1.0,2.0
B001186,R001186-834-D,source2,,probable_match,0.2392857142857141,Blue Ridge Storage Co,Blue Ridge Storage Co,"1640 Park Way, Seattle, WA 981093","1537 Elm St, Portland, OR 972756",(670) 739-3484,670-739-3484,restaurant,restaurant,1.0,1.0,1.0,1.0,0.0,0.0,0.0,0.0,0.0,,1.0,1.0
B001075,L001075-309,source3,,probable_match,0.2892857142857143,Sunset Restaurant,N/A,"8699 Willow St, Aurora, IL 605913","8699 Willow St, Aurora, IL 605913",(442) 913-5679,913-5679,restaurant,food services,,0.0,,1.0,1.0,1.0,0.0,1.0,1.0,0.3122316810075865,1.0,1.0
B000776,R000679-810,source2,,ambiguous,0.24428571428571422,Deepford Hardware,Deepford Bakery LP,"7900 Broadway Ct, Seattle, WA 981141","6396 Jefferson Dr, Seattle, WA 981773",(417) 374-1465,869-952-5902,hardware,bakery,0.8845098039215685,0.0,0.0,0.0,0.0,1.0,1.0,1.0,0.0,,0.0,1.0
B000857,R000857-452,source2,,certain_match,1.0,Willowbrook Salon,Willowbrook Salon Corpu,"848 Highland Way Ste 247, Minneapolis, MN 554905","848 Highland Way Ste 247, Minneapolis, MN 554905",,538-548-9492,beauty,-,0.9478260869565217,1.0,,,1.0,1.0,1.0,1.0,1.0,,,2.0
B000458,R001113-434-D,source2,,ambiguous,0.2942857142857142,Maple Hill Dental LP,Maple Hill Coffee Corp,"7184 Union Rd Ste 192, Portland, OR 972781","750 Lake Ave, Portland, OR 972504",(216) 705-3558,367-608-3948,restaurant,restaurant,0.8823529411764707,0.0,0.0,0.0,0.0,1.0,1.0,1.0,0.0,,1.0,1.0
B000083,L000165-678,source3,,certain_nonmatch,0.0,Acme Salon,Fairview Moving,"2530 Maple Way, Columbus, OH 432203","908 Monroe Way #256, Columbus, OH 432203",(547) 838-6512,365-5286,beauty,movers,0.611111111111111,0.0,,0.0,1.0,1.0,0.0,1.0,0.0,0.3522560100330656,0.0,1.0
B000139,R000257-139,source2,,ambiguous,0.24428571428571422,Thistledown Gym,Thistledown Barber Co,"3272 Franklin Way, Atlanta, GA 303166","8057 Jefferson Ct, Atlanta, GA 303379",(254) 856-7873,691-996-1354,fitness,beauty,0.8933333333333334,0.0,0.0,0.0,0.0,1.0,1.0,1.0,0.0,,0.0,1.0
B000878,R000866-699,source2,,ambiguous,0.24428571428571422,Brookfield Gym,Brookfield Childcare Ltd,"7104 Cedar Ct, Charlotte, NC 282947","6910 Broadway Ave, Charlotte, NC 282473",(455) 313-3597,454-920-3229,fitness,childcare,0.8671428571428571,0.0,0.0,0.0,0.0,1.0,1.0,1.0,0.0,,0.0,1.0
B000828,R000107-610,source2,,ambiguous,0.4585714285714286,Lakeside Legal,Lakeside Restaurant Ltd,"7839 Monroe Way Ste 691, Columbus, OH 432733","9591 Cherryu Dr, Columbus, OH 432733",(945) 485-2370,533-957-4831,legal,restaurant,0.8729323308270677,0.0,0.0,0.0,1.0,1.0,1.0,1.0,0.0,,0.0,2.0
B000653,R000035-528,source2,,ambiguous,0.24428571428571422,Highland Salon,Highland Gym LLC,"2956 Jefferson Blvd, Pittsburgh, PA 152863","2392 Sycamore Ln, Pittsburgh, PA 152786",(498) 468-3858,351-225-0757,beauty,fitness,0.8785714285714286,0.0,0.0,0.0,0.0,1.0,1.0,1.0,0.0,,0.0,1.0
B000586,R000591-757,source2,,ambiguous,0.5085714285714287,Cedar Grove Insurance,Cedar Grove Plumbing LLC,"536 Park Ln, Seattle, WA 981521","1314 Lincoln Ct, Seattle, WA 981521",(915) 827-8887,537-840-2699,restaurant,restaurant,0.8795238095238096,0.0,0.0,0.0,1.0,1.0,1.0,1.0,0.0,,1.0,2.0
B001269,L000987-932,source3,,ambiguous,0.2585714285714286,Willowbrook Automotive,Willowbrook Printing,N/A,"9384 Market Dr, Pittsburgh, PA 152841",(528) 352-0983,409-4466,auto,printing and copy centers,0.852987012987013,0.0,,0.0,1.0,1.0,0.0,1.0,,2.610789333969533,0.0,2.0
B001023,L001273-606,source3,,ambiguous,0.2142857142857143,Meridian Moving,Ferwood Printing,"9506 Washington St, Charlotte, NC 282276",N/A,(495) 998-1898,(223) 789-4104,moving,sign shop,0.6972222222222223,0.0,0.0,0.0,1.0,1.0,,1.0,,1.8369163940216615,0.0,1.0
B000728,R000728-133,source2,,certain_match,1.0,Pinecrest Gym,PinecrestGym LP,-,"1072 Cedar Way Ste 233, Rochester, MN 559658",(397) 745-6196,397-745-6196,fitness,-,0.9846153846153847,0.0,1.0,1.0,,,1.0,1.0,,,,1.0
B001108,R000477-506,source2,,ambiguous,0.2942857142857142,Silver Lake Floral,Silver Lake Gym LLC,"9494 Chestnut Pl, Columbus, OH 432574","4921 Lake Dr Ste 422, Columbus, OH 432027",(857) 862-7650,907-482-9071,restaurant,restaurant,0.8933333333333334,0.0,0.0,0.0,0.0,1.0,1.0,1.0,0.0,,1.0,1.0
B000844,R000950-280,source2,,ambiguous,0.24428571428571422,Copperfield Accounting,Copperfield Electrical LP,"7375 Highland Way, Aurora, IL 605032","7548 Poplar Dr, Aurora, IL 605432",(244) 835-0934,537-754-6374,accounting,,0.8855614973262032,0.0,0.0,0.0,0.0,1.0,1.0,1.0,0.0,,,1.0
B001197,R000269-931,source2,,ambiguous,0.6585714285714286,Stonegate Accounting,Stonegate Restaurant LLC,,"6494 Sycamore Rd Ste 816, Tucson, AZ 857944",(923) 540-7023,640-871-1494,accounting,restaurant,0.8514285714285714,0.0,0.0,0.0,1.0,1.0,1.0,1.0,,,0.0,2.0
B001196,L000770-424,source3,,certain_nonmatch,0.0,Willowbrook Siding,N/A,"9632 Hickory Way Ste 667, Indianapolis, IN 462006","2994 Franklin St, Indianapolis, IN 462006",(899) 984-0708,,siding,-,,0.0,,,1.0,1.0,0.0,1.0,0.0,0.47824998926974366,,1.0
B000689,L000003-289,source3,,certain_nonmatch,0.0,Havenwood Printing,Fairview Gym,"6619 Willow Rd, Spokane, WA 992642","114 Maple Ave, Spokane, WA 992642",(840) 833-7244,(404) 356-6126,printing,health club,0.5787037037037037,0.0,0.0,0.0,1.0,1.0,0.0,1.0,0.0,0.30396571253428883,0.0,1.0
B000010,L000010-365-U,source3,,probable_match,0.15357142857142864,Maple Hill Optometry,Grandview Accounting,"6736 Willow Ln, Boulder, CO 803591","9737 Willow Ln, Boulder, CO 803591",(890) 869-1612,(890) 869-1612,restaurant,cpa,0.4777777777777778,0.0,1.0,1.0,1.0,1.0,0.0,1.0,0.0,0.364689279567027,0.0,2.0
B000527,L000527-542,source3,,probable_match,0.6535714285714287,Northstar Coffee,Northstar Coffee,"9463 Liberty Dr Ste 314, Atlanta, GA 303166","9436 Liberty Dr, Atlanta, GA 303166",(406) 397-4695,397-4695,coffee,coffee shop,1.0,1.0,,1.0,1.0,1.0,0.0,1.0,0.0,0.5769642980189983,1.0,2.0
B001156,L001064-974,source3,,certain_nonmatch,0.0,Cedar Grove Legal,Riverbend Restaurant,"9437 Park Dr Ste 606, Boulder, CO 803721","3216 Market Ln, Boulder, CO 803677",(398) 835-8833,(843) 952-0213,restaurant,cafe,0.5486928104575163,0.0,0.0,0.0,0.0,1.0,0.0,1.0,0.0,0.3403273975837856,1.0,1.0
B000742,L000227-915,source3,,certain_nonmatch,0.0,Quarry Hill Insurance,Acme Childcare,"8790 Jefferson Ave, Cleveland, OH 441558","7110A Sycamore Ave, Cleveland, OH 441603",(599) 411-2128,740-0697,restaurant,child care services,0.5793650793650794,0.0,,0.0,0.0,1.0,0.0,1.0,0.0,0.58976481325344,0.0,1.0
B001248,L000075-629,source3,,probable_match,0.22857142857142854,Havenwood Accounting,Havenwood Accoutning,"8696 Liberty Ct, Charlotte, NC 282276","7243 Liberty Ct, Charlotte, NC 282276",(799) 681-3577,(335) 494-7178,accounting,cpa,0.99,0.0,0.0,0.0,1.0,1.0,0.0,1.0,0.0,2.1291525676631484,1.0,2.0
B000698,R000368-238,source2,,ambiguous,0.24428571428571422,Clearwater Bakery,Clearwater Restaurant Co,"6712 Lincoln Ln Ste 504, New Orleans, LA 701919","5179 Cedar Ct, New Orleans, LA 701370",(754) 246-7259,870-218-1681,bakery,restaurant,0.8837535014005603,0.0,0.0,0.0,0.0,1.0,1.0,1.0,0.0,,0.0,1.0
B001048,L001048-891,source3,,probable_match,0.6678571428571431,Acme Gym,Acme Gym,"1760 Elm Ln, Naperville, IL 605616","1760A Elmi Ln, Naperville, IL 605616",(311) 550-0996,550-0996,fitness,yoga,1.0,1.0,,1.0,1.0,1.0,0.0,1.0,0.0,0.5036553778188042,1.0,3.0
B000355,R000322-307,source2,,probable_match,0.24428571428571422,Lakeside Plumbing,Lakeside Moving LLC,"6896 Broadway St Ste 632, Boston, MA 021323","5633A Fanklin Ave, Boston, MA 021274",(838) 820-2247,,plumbing,moving,0.9262745098039216,0.0,,,0.0,1.0,1.0,1.0,0.0,,0.0,1.0
B001157,L001157-523,source3,,probable_match,0.6535714285714287,Highland Hardware,Highland Hardware,"9209 Pine Blvd, Eugene, OR 974618","6770 Walnut Ln, Eugene, OR 974618",(337) 767-5402,767-5402,hardware,building supply,1.0,1.0,,1.0,1.0,1.0,0.0,1.0,0.0,0.49888867022202843,1.0,2.0
B000189,L000707-573,source3,,ambiguous,0.5585714285714286,Harborview Plumbing,Harborview Cleanres Shop,"9209 Market Pl Ste 211, Kansas City, MO 641269",null,(959) 800-3920,507-1469,plumbing,dry cleaner,0.8736842105263157,0.0,,0.0,1.0,1.0,,1.0,,0.4671354632880668,0.0,2.0
B000647,R001079-276,source2,,ambiguous,0.44428571428571423,Fernwood Furniture,Fernwood Hardware LP,"6921 Monroe Way Ste 264, Worcester, MA 016735",,(468) 718-1087,245-747-8746,furniture,hardware,0.8745098039215686,0.0,0.0,0.0,0.0,1.0,1.0,1.0,,,0.0,1.0
B000878,R000430-132,source2,,ambiguous,0.24428571428571422,Brookfield Gym,Brookfield Electricla Co,"7104 Cedar Ct, Charlotte, NC 282947","6691 Poplar Blvd Ste 279, Charlotte, NC 282388",(455) 313-3597,719-309-9152,fitness,-,0.8619047619047618,0.0,0.0,0.0,0.0,1.0,1.0,1.0,0.0,,,1.0
B000162,R000105-959,source2,,probable_match,0.24428571428571422,Glenmore Electrical,Glenmore Cleaners Ltd,"3879 Franklin Blvd, Naperville, IL 605223","3630 Hickory Ct Ste 902, Naperville, IL 605616",(768) 786-6044,734-508-7504,electrical,cleaning,0.9076986584107327,0.0,0.0,0.0,0.0,1.0,1.0,1.0,0.0,,0.0,1.0
B000700,R000185-423-D,source2,,certain_nonmatch,0.0,Fairview Bicycle,Fairview Floral Corp,"9496 Willow Blvd Ste 646, Portland, OR 972094","1656 Chestnut Rd, Philadelphia, PA 191169",(529) 611-9648,222-535-4331,bike,floral,0.8583333333333333,0.0,0.0,0.0,0.0,0.0,0.0,0.0,0.0,,0.0,1.0
B000268,L001064-721,source3,,certain_nonmatch,0.0,Deepford Bicycle,Riverbend Restaurant,"2162 Sycamore Blvd Ste 995, Boulder, CO 803721","3216 Market Ln #229, Boulder, CO 803677",(296) 870-5905,(843) 952-0213,bike,food services,0.5083333333333333,0.0,0.0,0.0,0.0,1.0,0.0,1.0,0.0,0.24179394449344763,0.0,1.0
B000498,L000336-368,source3,,ambiguous,0.24428571428571427,Kensington Printing,Kensington Pahrmacy,"428 Walnut Blvd Ste 898, Nashville, TN 372284","Spruce Blvd, Nashville, TN 372220",(338) 714-9907,-,printing,pharmacies,0.8736842105263157,0.0,,,0.0,1.0,0.0,1.0,,0.5887776582533141,0.0,1.0
B000598,L001163-312,source3,,ambiguous,0.2142857142857143,Copperfield Bakery,Meridian Dental,"5428 Sycamore Pl, Springfield, IL 627759",-,(497) 972-9399,(249) 831-6672,bakery,dentist,0.575925925925926,0.0,0.0,0.0,,,,1.0,,0.5385863447815843,0.0,1.0
B001158,R000615-133,source2,,certain_nonmatch,0.0,Glenmore Pet,Rverbend Restaurant Co,"8052 Broadway Ave Ste 676, Springfield, IL 627250","697 Washington Ct Ste 912, Springfield, IL 627250",(900) 385-3349,726-807-0971,pet,restaurant,0.5553467000835423,0.0,0.0,0.0,1.0,1.0,0.0,1.0,0.0,,0.0,1.0
B000603,R000670-556,source2,,probable_match,0.30857142857142844,Quarry Hill Storage,Quarry Hill Coffee Corp,"6945 Union Dr, Austin, TX 787791","4176 Poplar Dr Ste 615, Austin, TX 787233",(802) 812-1410,978-595-7583,restaurant,restaurant,0.9029239766081871,0.0,0.0,0.0,0.0,1.0,1.0,1.0,0.0,,1.0,2.0
B000136,R000236-127,source2,,ambiguous,0.4585714285714286,Havenwood Automotive,Havenwood Hardware Inc,"2148 Hickory Ln, Pittsburgh, PA 152786","2275 Highland Way Ste 604, Pittsburgh, PA 152786",(386) 909-2712,265-371-7121,auto,hardware,0.8533333333333333,0.0,0.0,0.0,1.0,1.0,1.0,1.0,0.0,,0.0,2.0
B000620,R000272-116,source2,,ambiguous,0.24428571428571422,Windward Childcare,Windward Siding Co,"666 Maple Pl Ste 218, Eugene, OR 974352","2182 Sycamore Rd, Eugene, OR 974367",(491) 667-9836,749-991-9228,childcare,siding,0.8688888888888889,0.0,0.0,0.0,0.0,1.0,1.0,1.0,0.0,,0.0,1.0
B000124,R000124-911,source2,,certain_match,1.0,Kensington Legal,,"8364 Sycamore Rd Ste 622, Minneapolis, MN 554217","8364 Sycamore Rd Ste 622, Minneapolis, MN 554217",(558) 559-2419,558-559-2419,legal,legal,,0.0,1.0,1.0,1.0,1.0,1.0,1.0,1.0,,1.0,2.0
B000795,R000795-797,source2,,certain_match,1.0,Windward Cleaners,Windward Cleaners Ltd,"2688 Jefferson Pl, Pittsburgh, PA 152794","2688 Jefferson Pl, Pittsburgh, PA 152794",(645) 588-0424,628-741-0424,cleaning,cleaning,1.0,1.0,0.0,0.0,1.0,1.0,1.0,1.0,1.0,,1.0,2.0
B001129,R000794-378,source2,,ambiguous,0.4585714285714286,Pinecrest Pharmacy,Pinecrest Insurance Corp,"8963 Lake Way Ste 317, Austin, TX 787238","6969 Market Ave Ste 308, Austin, TX 787233",(494) 620-8987,845-950-4413,pharmacy,insurance,0.865901934322987,0.0,0.0,0.0,1.0,1.0,1.0,1.0,0.0,,0.0,2.0
B000514,L000514-563,source3,,certain_match,1.0,Maple Hill Cleaners,Maple Hil Cleaners,"7925 Union Pl, Worcester, MA 016735","7925 Union Pl, Worcester, MA 016735",(495) 637-9975,(495) 637-9975,restaurant,cafe,0.9783625730994151,0.0,1.0,1.0,1.0,1.0,0.0,1.0,1.0,0.15060426863889137,1.0,3.0
B000997,L000930-989,source3,,ambiguous,0.2142857142857143,Ironwood Insurance,Lakeside Automotive,"7800 Monroe Pl Ste 607, Phoenix, AZ 850549",,(924) 390-7687,(759) 711-5128,insurance,tires,0.5606237816764134,0.0,0.0,0.0,0.0,1.0,,1.0,,0.35907679337540954,0.0,1.0
B000815,R000342-894,source2,,ambiguous,0.4585714285714286,Grandview Barber,Grandview Legal LP,"2095 Washington Rd, Worcester, MA 016735","8760 Sycamore Blvd, Worcester, MA 016735",(459) 977-9180,568-719-4918,beauty,legal,0.8933333333333334,0.0,0.0,0.0,1.0,1.0,1.0,1.0,0.0,,0.0,2.0
B001241,L000497-153,source3,,probable_match,0.42857142857142877,Copperfield Electric,Copperfield Electric,"2746 Liberty Rd, Seattle, WA 981505","484 Librty Rd #523, Seattle, WA 981505",(754) 768-7541,653-4485,electric,electricians,1.0,1.0,,0.0,1.0,1.0,0.0,1.0,0.0,1.8605262731107532,1.0,2.0
B000243,L000243-577-U,source3,,probable_match,0.3892857142857142,Amberly Storage,Bramblewood Moving,"9797 Birch Ave, Denver, CO 802882","8347 Birch Ave, Denver, CO 802882",(719) 908-6853,(719) 908-6853,storage,moving company,0.5518518518518519,0.0,1.0,1.0,,,0.0,1.0,0.0,0.3650491926732322,0.0,1.0
B001165,L001165-109,source3,,probable_match,0.7035714285714285,Glenmore Bicycle,Glenmore Bcycle Shop,"4201 Spruce Ln, Indianapolis, IN 462006","4201 Spruce Ln, Indianapolis, IN 462006",(948) 451-9176,451-9176,null,bicycle,0.9874999999999999,0.0,,1.0,1.0,1.0,0.0,1.0,1.0,0.3051915800517366,,2.0
B000959,L000959-682,source3,,probable_match,0.5285714285714285,Brookfield Bicycle,Brookfield Bike,"4194 Park Blvd, Kansas City, MO 641252","4194 Park Blvd, Kansas City, MO 641252",,(530) 637-6265,bike,bicycle,0.9422222222222223,0.0,,,1.0,1.0,0.0,1.0,1.0,0.09619275816721608,1.0,2.0
B001026,L001268-666,source3,,ambiguous,0.4942857142857143,Willowbrook Automotive Ltd,Wlilowbrook Auto,"6365 Washington Blvd, Boulder, CO 803721","Washington Blvd, Boulder, CO 803721",(553) 339-6627,844-3030,auto,,0.8994318181818183,0.0,,0.0,1.0,1.0,1.0,1.0,,2.264547170354631,,1.0
B000273,R001217-233,source2,,ambiguous,0.26428571428571423,Acme Printing,Acme Restaurant Co,"5754 Union Rd Ste 866, Philadelphia, PA 191704","2200 Broadway St Ste 971, Philadelphia, PA 191704",(622) 830-7248,540-503-8956,printing,restaurant,0.6745726495726495,0.0,0.0,0.0,1.0,1.0,1.0,1.0,0.0,,0.0,1.0
B000354,R000962-154,source2,,ambiguous,0.1642857142857143,Blue Ridge Optometry,Silver Lake Bakery Co,"1898 Jefferson St, Naperville, IL 605030","6494 Franklin Way, Naperville, IL 605030",(761) 458-7772,742-261-8392,restaurant,restaurant,0.6185185185185186,0.0,0.0,0.0,1.0,1.0,1.0,1.0,0.0,,1.0,1.0
B000705,R000705-620,source2,,probable_match,0.3785714285714286,Sunset Dental,Sunest Dental Co,"1375 Sycamore Way, Raleigh, NC 276623","1375 Sycamore Way, Raleigh, NC 276623",,629-921-2755,dental,dental,0.9820512820512821,0.0,,,1.0,1.0,0.0,1.0,1.0,,1.0,2.0
B000441,R001053-537,source2,,ambiguous,0.31428571428571433,Maple Hill Salon,Havenwood Cleaners LLC,-,"4806 Lincoln Rd, Portland, OR 972389",(354) 684-0159,821-704-9121,restaurant,cleaning,0.5763888888888888,0.0,0.0,0.0,1.0,1.0,1.0,1.0,,,0.0,1.0
B000622,R000622-877,source2,,certain_match,1.0,Riverbend Bakery,Riverbend Bakery LP,"9676 Cedar Way, Denver, CO 802643","9676 Cedar Way, Denver, CO 802643",(267) 572-3261,583-929-3261,-,bakery,1.0,1.0,0.0,0.0,1.0,1.0,1.0,1.0,1.0,,,2.0
B001007,R001007-219,source2,,certain_match,1.0,Glenmore Pools,Glenmore Pools Ltd,"5598 Cherry Rd, New Orleans, LA 701370","5598 Cherry Rd, New Orleans, LA 701370",(364) 787-2285,916-790-2285,pool,pool,1.0,1.0,0.0,0.0,1.0,1.0,1.0,1.0,1.0,,1.0,2.0
B000464,R000067-845,source2,,ambiguous,0.1642857142857143,Eastgate Childcare,Clearwater Childcare Corp,"1467 Lake Rd Ste 193, Charlotte, NC 282947","535 Lkae Ct Ste 389, Charlotte, NC 282947",(834) 546-0983,665-272-3824,childcare,childcare,0.7277777777777779,0.0,0.0,0.0,1.0,1.0,1.0,1.0,0.0,,1.0,1.0
B000251,R000251-906,source2,,certain_match,1.0,Thistledown Bicycle,,"4561 Liberty Blvd, Boston, MA 021032","4561 Liberty Blvd, Boston, MA 021032",(792) 304-8796,792-304-8796,null,bike,,0.0,1.0,1.0,1.0,1.0,1.0,1.0,1.0,,,2.0
B000608,R001148-587,source2,,ambiguous,0.24428571428571422,Stonegate Pharmacy,Stonegate Movign Inc,"1960 Walnut Ct, Pittsburgh, PA 152234","8035 Hickory Blvd, Pittsburgh, PA 152794",(218) 465-2668,986-620-1647,pharmacy,moving,0.8597222222222223,0.0,0.0,0.0,0.0,1.0,1.0,1.0,0.0,,0.0,1.0
B000541,L000057-902,source3,,certain_nonmatch,0.0,Highland Roofing,,"9670 Lincoln Blvd, Springfield, IL 627250","3631 Lincoln Ave, Springfield, IL 627025",(592) 615-6251,,roofing,self storage,,0.0,,,0.0,1.0,0.0,1.0,0.0,0.4776171473542206,0.0,1.0
B001281,R000607-215,source2,,ambiguous,0.24428571428571422,Willowbrook Floral Corp,Willowbrook Bicycle Co,"9701 Elm Dr, Naperville, IL 605238","1094 Hickoryi Dr, Naperville, IL 605517",(774) 235-2666,464-220-7144,floral,bike,0.8812865497076023,0.0,0.0,0.0,0.0,1.0,1.0,1.0,0.0,,0.0,1.0
B001242,L000886-933,source3,,certain_nonmatch,0.0,Fernwood Legal,Riverbend Bicycle,"3435 Park Ln, Dallas, TX 752464","2462 Spruce Rd, Dallas, TX 752464",(218) 412-7087,,legal,-,0.4943977591036415,0.0,,,1.0,1.0,0.0,1.0,0.0,2.38525310888055,,1.0
B001154,L001154-430-U,source3,,certain_nonmatch,0.0,Quarry Hill Plumbing,Riverbend Pools,"1164 Maple Pl, Dallas, TX 752103","3590 Malpe Pl, Dallas, TX 752103",(739) 906-9666,,restaurant,pool service,0.45555555555555555,0.0,,,1.0,1.0,0.0,1.0,0.0,0.5740370288125778,0.0,1.0
B000507,R000631-296,source2,,ambiguous,0.1642857142857143,Blue Ridge Pet,Cedar Grove Roofing Corp,"7312 Park Dr, Eugene, OR 974099","2782 Main Ave, Eugene, OR 974099",(335) 407-0057,N/A,restaurant,restaurant,0.575187969924812,0.0,,,1.0,1.0,1.0,1.0,0.0,,1.0,1.0
B000436,R000436-251,source2,,probable_match,0.6785714285714286,Maple Hill Coffee,Mapel Hill Coffee LP,,"8072 Hickory Ave Ste 977, Spokane, WA 992642",(244) 693-6081,496-455-6081,restaurant,restaurant,0.9862745098039216,0.0,0.0,0.0,1.0,1.0,1.0,1.0,,,1.0,2.0
B000647,R000059-592,source2,,ambiguous,0.31428571428571433,Fernwood Furniture,Kensington Coffee Corp,"6921 Monroe Way Ste 264, Worcester, MA 016735",,(468) 718-1087,390-396-3545,furniture,coffee,0.5653594771241829,0.0,0.0,0.0,1.0,1.0,1.0,1.0,,,0.0,1.0
B001257,L000172-471,source3,,certain_nonmatch,0.0,Northstar Bakery,Willowbrook Floral,"7999 Birch Way, Naperville, IL 605095","4062 Elm Dr #397, Naperville, IL 605238",(852) 768-9742,628-4067,null,florist,0.513558201058201,0.0,,0.0,0.0,1.0,0.0,1.0,0.0,1.5687680957948424,,1.0
B000672,R000805-362,source2,,certain_nonmatch,0.11428571428571432,Fairview Restaurant,Harborview BicycleI nc,"1743 Jefferson Dr, Worcester, MA 016216","4995 Sycamore Way, Worcester, MA 016216",(605) 319-0217,675-832-7999,restaurant,bike,0.6626794258373206,0.0,0.0,0.0,1.0,1.0,1.0,1.0,0.0,,0.0,1.0
B000141,R000694-786,source2,,probable_match,0.24428571428571422,Lakeside Electric,Lakeside Childcare LLC,"7392 Walnut Ave, Boulder, CO 803071","1512 Oak Way, Boulder, CO 803196",(255) 605-8224,688-419-7309,electric,childcare,0.9031372549019608,0.0,0.0,0.0,0.0,1.0,1.0,1.0,0.0,,0.0,1.0
B000149,L000149-815,source3,,probable_match,0.7285714285714284,Elmhurst Bakery,Elmhurst Bakery,"5547 Monroe Ln, Chicago, IL 606758","5547 Monroe Ln, Chicago, IL 606758",-,(676) 912-7840,bakery,bakeries,1.0,1.0,,,1.0,1.0,0.0,1.0,1.0,0.11597452226259794,1.0,2.0
B000907,R000932-477,source2,,ambiguous,0.24428571428571422,Deepford Salon,Deepford Plumbing LP,"249 Highland Blvd, Spokane, WA 992112","2218 Pine Ln, Spokane, WA 992156",(288) 455-8893,211-525-6820,beauty,plumbing,0.8865546218487396,0.0,0.0,0.0,0.0,1.0,1.0,1.0,0.0,,0.0,1.0
B001038,R001243-132-D,source2,,ambiguous,0.24428571428571422,Thistledown Coffee,Thistledown Automotive Inc,"8410 Broadway Way Ste 578, Nashville, TN 372284","279 Main Rd, Nashville, TN 372737",(760) 787-5651,967-692-8931,coffee,auto,0.8828282828282829,0.0,0.0,0.0,0.0,1.0,1.0,1.0,0.0,,0.0,1.0
B000533,R000533-181,source2,,certain_match,1.0,Copperfield Floral,Copperfield Floral LLC,"7788 Cedar St, Dallas, TX 752284","7788 Ceadr St, Dallas, TX 752284",(375) 489-5711,762-686-5711,floral,floral,1.0,1.0,0.0,0.0,1.0,1.0,1.0,1.0,1.0,,1.0,2.0
B000170,L000170-509-U,source3,,probable_match,0.40357142857142864,Meridian Floral,Windward Optometry,"7203 Jefferson St, Aurora, IL 605558","1361 Jeffesron St, Aurora, IL 605558",(549) 821-2353,(549) 821-2353,floral,optician,0.6175925925925926,0.0,1.0,1.0,1.0,1.0,0.0,1.0,0.0,0.3126163227414547,0.0,2.0
B000007,R001182-634,source2,,ambiguous,0.1642857142857143,Windward Floral Co,Clearwater Floral Corp,"1983 Lake Pl Ste 446, Seattle, WA 981224","3111 Broadway Ave Ste 532, Seattle, WA 981224",(803) 767-3770,718-243-9713,floral,floral,0.6183006535947713,0.0,0.0,0.0,1.0,1.0,1.0,1.0,0.0,,1.0,1.0
B000554,L000554-196,source3,,probable_match,0.642857142857143,Brookfield Storage,Brookfield Storage,"9572 Lincoln Dr, Naperville, IL 605616","Lincoln Dr, Naperville, IL 605616",-,(968) 447-9645,storage,storage units,1.0,1.0,,,1.0,1.0,0.0,1.0,,0.1824818359032931,1.0,3.0
B001180,L000655-600,source3,,certain_nonmatch,0.0,Grandview Bakery,Amberly Salon,"622 Market St, Charlotte, NC 282250","1562 Cherry Dr #440, Charlotte, NC 282167",(643) 507-7426,(683) 562-9934,bakery,barbershop,0.49903846153846154,0.0,0.0,0.0,0.0,1.0,0.0,1.0,0.0,0.3323033948271843,0.0,1.0
B001006,R000142-369,source2,,certain_nonmatch,0.11428571428571432,Fairview Cleaners,Windward Electrical Corp,"5693 Liberty Ln Ste 933, Denver, CO 802370","3679 Main Ave Ste 201, Denver, CO 802370",(970) 706-8884,866-543-2392,cleaning,electrical,0.5904869124683366,0.0,0.0,0.0,1.0,1.0,1.0,1.0,0.0,,0.0,1.0
B000832,R000828-685,source2,,certain_nonmatch,0.0,Pinecrest Bicycle,Lakeside Legal Co,"1295 Lake Ln Ste 682, Columbus, OH 432733","7893 Monroe Way Ste 691, Columbus, OH 432733",(354) 983-2988,945-485-2370,bike,-,0.542016806722689,0.0,0.0,0.0,1.0,1.0,1.0,1.0,0.0,,,1.0
B000118,L000118-579,source3,,certain_match,0.8535714285714286,Harborview Moving,Harborview Moving Shop,"7044 Cedar Ave Ste 794, Atlanta, GA 303363","Cedar Ave, Atlanta, GA 303363",(699) 739-5053,739-5053,moving,moving company,1.0,1.0,,1.0,1.0,1.0,0.0,1.0,,0.41206009607123206,1.0,2.0
B000643,R000954-794,source2,,ambiguous,0.31428571428571433,Fairview Plumbing,Lakeide Roofing LP,"4167 Poplar Ct Ste 646, Portland, OR 972344",null,(917) 315-5185,346-448-7906,plumbing,roofing,0.584640522875817,0.0,0.0,0.0,1.0,1.0,1.0,1.0,,,0.0,1.0
B000714,R000342-865,source2,,ambiguous,0.24428571428571422,Grandview Optometry LLC,Grandview Legal LP,"9637 Elm Rd, Worcester, MA 016935","8760 Sycamore Blvd, Worcester, MA 016735",(466) 783-3734,568-719-4918,optometry,legal,0.8624561403508771,0.0,0.0,0.0,0.0,1.0,1.0,1.0,0.0,,0.0,1.0
B001036,R001036-569,source2,,certain_match,1.0,Willowbrook Siding,Willowbrook Siding LP,"9194 Liberty Rd Ste 938, Atlanta, GA 303166","9149 Liberty Rd Ste 938, Atlanta, GA 303166",(204) 552-6676,204-552-6676,siding,siding,1.0,1.0,1.0,1.0,1.0,1.0,1.0,1.0,0.0,,1.0,3.0
B001191,L001191-221,source3,,probable_match,0.7428571428571429,Copperfield Moving,Copperfield Moving,"2393 Highland Ave, Tucson, AZ 857387","2393 Highland Ave, Tucson, AZ 857387",(899) 287-1204,,moving,movers,1.0,1.0,,,1.0,1.0,0.0,1.0,1.0,0.6120593902237262,1.0,3.0
B000878,L001291-635,source3,,certain_nonmatch,0.0,Brookfield Gym,Eastgate Childcareo,"7104 Cedar Ct, Charlotte, NC 282947","3424 Lake Rd, Charlotte, NC 282947",(455) 313-3597,878-8150,fitness,child care services,0.4147869674185463,0.0,,0.0,1.0,1.0,0.0,1.0,0.0,2.2358895660472715,0.0,1.0
B000306,L000306-292,source3,,probable_match,0.6335714285714287,Silver Lake Childcare,Silver Childcare,"9235 Elm Ln, Boston, MA 021824","9235 Elm Ln, Boston, MA 021824",(705) 755-5063,755-5063,restaurant,eating places,0.9023809523809524,0.0,,1.0,1.0,1.0,0.0,1.0,1.0,0.32135781333113195,1.0,2.0
B000177,R000430-132,source2,,probable_match,0.5642857142857143,Brookfield Electric,Brookfield Electricla Co,"1585 Lincoln Ave, Charlotte, NC 282473","6691 Poplar Blvd Ste 279, Charlotte, NC 282388",(772) 574-2363,719-309-9152,electric,-,0.9809523809523809,1.0,0.0,0.0,0.0,1.0,1.0,1.0,0.0,,,1.0
B001231,R001231-629,source2,,certain_match,1.0,Maple Hill Furniture,Maple Hill Furniture LLC,"5179 Birch St, Rochester, MN 559936","5197 Birch St, Rochester, MN 559936",(305) 587-0575,305-587-0575,restaurant,restaurant,1.0,1.0,1.0,1.0,1.0,1.0,0.0,1.0,0.0,,1.0,3.0
B000149,L000357-351-U,source3,,certain_nonmatch,0.0,Elmhurst Bakery,Fairview Pharmacy,"5547 Monroe Ln, Chicago, IL 606758","1879 Market Pl, Chicago, IL 606754",-,-,bakery,pharmacies,0.530905695611578,0.0,,,1.0,1.0,0.0,1.0,0.0,0.5326532705235192,0.0,2.0
B001263,L000781-834,source3,,probable_match,0.42857142857142877,Highland Bakery,Highland Bakery Shop,"6031 Park St, Worcester, MA 016735","5246 Park St, Worcester, MA 016735",-,(327) 480-9403,bakery,bakeries,1.0,1.0,,,1.0,1.0,0.0,1.0,0.0,0.7896096919988705,1.0,2.0
B000526,L000526-615,source3,,certain_match,1.0,Thistledown Childcare,Tihstledown Childcare,"68 Park Pl, New Orleans, LA 701370","68 Park Pl, New Orleans, LA 701370",(809) 289-5460,(809) 289-5460,childcare,daycare,0.9857142857142858,0.0,1.0,1.0,1.0,1.0,0.0,1.0,1.0,0.7514312784757513,1.0,2.0
B000273,R000543-961,source2,,ambiguous,0.26428571428571423,Acme Printing,Acme Restaurant Inc,"5754 Union Rd Ste 866, Philadelphia, PA 191704","7975 Broadway St, Philadelphia, PA 191704",(622) 830-7248,287-340-6813,printing,restaurant,0.6745726495726495,0.0,0.0,0.0,1.0,1.0,1.0,1.0,0.0,,0.0,1.0
B000636,L000636-836,source3,,probable_match,0.7678571428571428,Stonegate Printing,Stonegate Pritning,"8972 Pine Ct, Atlanta, GA 303214","8972 Pine Ct, Atlanta, GA 303214",(921) 728-3056,728-3056,printing,printing and copy centers,0.9888888888888889,0.0,,1.0,1.0,1.0,0.0,1.0,1.0,0.3342249310728843,1.0,3.0
B000862,R001038-319-D,source2,,certain_nonmatch,0.0,Grandview Landscaping,Thistledown Coffee Inc,"4606 Lincoln Blvd Ste 912, Cleveland, OH 441603","9609 Walnut Ct, Cleveland, OH 441603",(520) 369-3372,760-787-5651,landscaping,-,0.48346560846560843,0.0,0.0,0.0,1.0,1.0,1.0,1.0,0.0,,,1.0
B000633,R000633-890,source2,,certain_match,1.0,Harborview Legal,Harborview Legal LP,"5564 Pine Pl, Dallas, TX 752389","5564 Pine Pl, Dallas, TX 752389",(647) 406-8142,349-298-8142,legal,legal,1.0,1.0,0.0,0.0,1.0,1.0,1.0,1.0,1.0,,1.0,2.0
B001244,R001244-937,source2,,probable_match,0.42857142857142877,Highland Barber,Highland Barber LPu,"5537 Chestnut Ave Ste 247, Portland, OR 972104","5573 Chestnut Ave Ste 247, Portland, OR 972104",(742) 673-6204,,beauty,beauty,0.9578947368421054,1.0,,,1.0,1.0,0.0,1.0,0.0,,1.0,2.0
B000946,R000232-760,source2,,ambiguous,0.1642857142857143,Stonegate Pet,Thistledow Pet LLC,"8477 Monroe Rd Ste 925, Cleveland, OH 441558","4840 Franklin Way Ste 175, Cleveland, OH 441558",(555) 902-1661,875-961-6225,pet,pet,0.6672771672771672,0.0,0.0,0.0,1.0,1.0,1.0,1.0,0.0,,1.0,1.0
B000031,L000031-167,source3,,probable_match,0.7285714285714284,Windward Pet,Windward Pet,"5144 Broadway Ln, Aurora, IL 605032","5144 Broadway Ln, Aurora, IL 605032",null,(508) 719-5067,pet,veterinarian,1.0,1.0,,,1.0,1.0,0.0,1.0,1.0,0.15864408309373984,1.0,2.0
B001059,L000722-768,source3,,certain_nonmatch,0.0,Blue Ridge Storage LP,Elmhurst Dental,"967 Maple Pl Ste 480, Tucson, AZ 857996","9690 Broadway St, Tucson, AZ 857996",(826) 382-7599,(444) 719-9166,restaurant,dentist,0.6074074074074075,0.0,0.0,0.0,1.0,1.0,0.0,1.0,0.0,0.2511534272239453,0.0,2.0
B000711,L000523-569,source3,,ambiguous,0.24428571428571427,Ironwood Storage,Ironwood Furniture,"508 Monroe Ave, Seattle, WA 981505","Monroe Blvd, Seattle, WA 981141",(889) 326-5783,(738) 509-2867,storage,furniture stores,0.8666666666666666,0.0,0.0,0.0,0.0,1.0,0.0,1.0,,0.41700840723732946,0.0,1.0
B000194,L000819-759,source3,,certain_nonmatch,0.0,Havenwood Furniture,Ironwood Childcare,"7669 Highland Rd Ste 215, Seattle, WA 981521","2190 Jefferson Pl, Seattle, WA 981521",(367) 948-7518,-,furniture,daycare,0.5838206627680312,0.0,,,1.0,1.0,0.0,1.0,0.0,0.44042916599604026,0.0,1.0
B000360,R000360-923,source2,,certain_match,1.0,Riverbend Coffee LLC,Riverbend Coffe LLC,"2268 Broadway St, New Orleans, LA 701919","2268 Broadway St, New Orleans, LA 701919",(567) 648-4395,853-242-4395,coffee,coffee,0.9874999999999999,1.0,0.0,0.0,1.0,1.0,1.0,1.0,1.0,,1.0,2.0
B000100,R000121-359,source2,,ambiguous,0.24428571428571422,Foxglove Automotive,Foxglove Restaurant Co,"2002 Monroe Dr, Denver, CO 802370","3686 Birch Ln, Denver, CO 802633",N/A,211-397-9394,auto,restaurant,0.8661654135338346,0.0,,,0.0,1.0,1.0,1.0,0.0,,0.0,1.0
B000742,L000232-733,source3,,certain_nonmatch,0.0,Quarry Hill Insurance,Thistledown Pet,"8790 Jefferson Ave, Cleveland, OH 441558","4840 Frnklin Way, Cleveland, OH 441558",(599) 411-2128,357-6225,restaurant,pet stores,0.4507936507936508,0.0,,0.0,1.0,1.0,0.0,1.0,0.0,0.4623321288897515,0.0,2.0
B000070,R001101-872,source2,,ambiguous,0.1642857142857143,Fernwood Floral,Brambelwood Floral LLC,"5281 Hickory St Ste 193, Aurora, IL 605558","7891 Walnut Blvd Ste 510, Aurora, IL 605558",null,634-480-7757,floral,floral,0.7091168091168091,0.0,,,1.0,1.0,1.0,1.0,0.0,,1.0,1.0
B000615,R001144-804,source2,,probable_match,0.24428571428571422,Riverbend Restaurant,Riverbend Salon Ltd,"697 Washington Ct Ste 912, Springfield, IL 627250","753 Pne Dr, Springfield, IL 627114",(726) 807-0971,544-915-4565,restaurant,beauty,0.9033333333333333,0.0,0.0,0.0,0.0,1.0,1.0,1.0,0.0,,0.0,1.0
B000810,L001014-647,source3,,certain_nonmatch,0.0,Ironwood Moving,Brookfield Dental,"2499 Union Blvd, Boulder, CO 803196","3612 Hickory Blvd, Boulder, CO 803721",(488) 985-1884,(766) 562-3872,moving,orthodontist,0.5785247432306256,0.0,0.0,0.0,,,0.0,1.0,0.0,0.33901407948942563,0.0,1.0
B000979,L000412-311-U,source3,,certain_nonmatch,0.0,Sunset Pools,Highland Restaurant,"4816 Hickory Ave, Denver, CO 802849","3354 Franklin Ln, Denver, CO 802882",,713-2276,pool,eating places,0.4385964912280702,0.0,,,0.0,1.0,0.0,1.0,0.0,0.09326115806711378,0.0,1.0
B000238,L000718-740,source3,,ambiguous,0.2142857142857143,Grandview Floral Corp,Stonegate Electrical,"111 Lincoln Rd Ste 735, Naperville, IL 605238",N/A,(538) 650-5484,(443) 274-9829,floral,electrician,0.5967592592592593,0.0,0.0,0.0,0.0,1.0,,1.0,,0.2477526218038264,0.0,1.0
B000970,L000443-182,source3,,certain_nonmatch,0.0,Kensington Landscaping,Maple Childcare,"7572 Broadway Dr, Cleveland, OH 441603","4167 Birch St, Cleveland, OH 441558",,(661) 962-5483,landscaping,-,0.4997113997113997,0.0,,,0.0,1.0,0.0,1.0,0.0,0.47546638511222383,,1.0
B000161,L000161-569,source3,,certain_match,0.9678571428571432,Cedar Grove Barber,Cedar Grove Barber,"2581 Market Dr, Savannah, GA 314663","2581 Market Dr, Savannah, GA 314663",(854) 378-5922,378-5922,restaurant,food services,1.0,1.0,,1.0,1.0,1.0,0.0,1.0,1.0,0.38552426203353074,1.0,3.0
B000281,L000097-953,source3,,ambiguous,0.2585714285714286,Meridian Childcare,Meridian Pharmacy Shop,"4006 Maple Blvd, Boulder, CO 803591","Oak Ave, Boulder, CO 803591",(665) 826-9975,(300) 440-8807,childcare,N/A,0.8666163901458019,0.0,0.0,0.0,1.0,1.0,0.0,1.0,,0.47492387410099274,,2.0
B000449,R000400-503,source2,,ambiguous,0.2942857142857142,Blue Ridge Bicycle,Blue Ridge Roofing Co,"1364 Cedar Way Ste 259, Minneapolis, MN 554322","9060 Maple Pl Ste 168, Minneapolis, MN 554671",(871) 599-5068,301-402-9512,restaurant,restaurant,0.8666666666666666,0.0,0.0,0.0,0.0,1.0,1.0,1.0,0.0,,1.0,1.0
B000013,L000013-313,source3,,probable_match,0.42857142857142877,Pinecrest Pet,Pinecrest Pet Shop,"6571 Oak Ct Ste 102, Dallas, TX 752284","6571A Oak Ct, Dallas, TX 752284",null,665-4673,pet,vet,1.0,1.0,,,1.0,1.0,0.0,1.0,0.0,0.1678983571571535,1.0,2.0
B000541,L000758-857,source3,,probable_match,0.1785714285714285,Highland Roofing,Highland Moving,"9670 Lincoln Blvd, Springfield, IL 627250","5428 Chestnut Blvd #652, Springfield, IL 627654",(592) 615-6251,-,roofing,moving company,0.9358333333333334,0.0,,,0.0,1.0,0.0,1.0,0.0,0.3092847625441995,0.0,2.0
B000473,R000276-599,source2,,ambiguous,0.1642857142857143,Kensington Barber,Grandview Salon LP,"8622 Broadway Blvd Ste 740, Denver, CO 802643","895 Franklin Dr, Denver, CO 802643",null,null,beauty,beauty,0.5616557734204793,0.0,,,1.0,1.0,1.0,1.0,0.0,,1.0,1.0
B000870,R000012-181,source2,,ambiguous,0.4585714285714286,Deepford Furniture,Deepford Electrical Co,"1684 Main Ave Ste 945, New Orleans, LA 701598","9017 Cdear Ave Ste 653, New Orleans, LA 701598",(343) 307-5289,296-971-3872,furniture,electrical,0.8505173189383716,0.0,0.0,0.0,1.0,1.0,1.0,1.0,0.0,,0.0,2.0
B000575,L000575-386,source3,,probable_match,0.4678571428571429,Harborview Landscaping,,"2445 Broadway Blvd, Chicago, IL 606104","2454 Broadway Blvd, Chicago, IL 606104",(710) 380-2617,(710) 380-2617,landscaping,locksmith,,0.0,1.0,1.0,1.0,1.0,0.0,1.0,0.0,0.21945406712303253,1.0,3.0
B000057,R001178-530,source2,,ambiguous,0.4585714285714286,Clearwater Storage Corp,Clearwater Electric Ltd,"3631 Lincoln Ave, Springfield, IL 627025","3240 Liberty Dr, Springfield, IL 627025",(880) 795-6046,718-365-9722,storage,electric,0.8886382623224728,0.0,0.0,0.0,1.0,1.0,1.0,1.0,0.0,,0.0,2.0
B000211,L000856-376,source3,,ambiguous,0.2142857142857143,Havenwood Electrical,Ironwood Bicycle,"999 Cherry Dr, Boulder, CO 803677",,(380) 841-6999,785-6265,electrical,bicycle dealers,0.6549242424242424,0.0,,0.0,0.0,1.0,,1.0,,0.05721920336155616,0.0,1.0
B001236,R000202-142,source2,,certain_nonmatch,0.11428571428571432,Ironwood Storage,Fernwood Restaurant Co,"6576 Monroe Ave, Seattle, WA 981505","1676 Poplar Ave, Seattle, WA 981505",(563) 643-5342,778-259-9155,storage,restaurant,0.6827485380116959,0.0,0.0,0.0,1.0,1.0,1.0,1.0,0.0,,0.0,1.0
B000446,L000524-815,source3,,ambiguous,0.2142857142857143,Pinecrest Pharmacy,Riverbend Accounting,"9366 Lincoln Ln, Rochester, MN 559936",-,(282) 365-5629,357-3116,pharmacy,bookkeeping,0.5688552188552188,0.0,,0.0,,,,1.0,,0.2907522673877721,0.0,1.0
B001083,R000288-996,source2,,ambiguous,0.1642857142857143,Cedar Grove Dental,Blue Ridge Hardware LLC,"2238 Poplar Blvd, Nashville, TN 372348","6569 Mape Pl, Nashville, TN 372348",(586) 844-7045,519-535-1415,restaurant,restaurant,0.6088073719652667,0.0,0.0,0.0,1.0,1.0,1.0,1.0,0.0,,1.0,1.0
B000730,R000784-914,source2,,ambiguous,0.1642857142857143,Cedar Grove Hardware,Bramblewood Restaurant Corp,"8343 Walnut Way, Atlanta, GA 303379","3179 Market Dr, Atlanta, GA 303379",(384) 529-6125,300-334-5298,restaurant,restaurant,0.5762626262626264,0.0,0.0,0.0,1.0,1.0,1.0,1.0,0.0,,1.0,1.0
B001143,R001022-829,source2,,ambiguous,0.24428571428571422,Harborview Electrical,Harborview Bakeyr Corp,"8199 Market Dr Ste 603, Phoenix, AZ 850826","8698 Lincoln Pl, Phoenix, AZ 850549",null,828-826-3222,electrical,bakery,0.8837535014005603,0.0,,,0.0,1.0,1.0,1.0,0.0,,0.0,1.0
B001068,L000460-556,source3,,certain_nonmatch,0.0,Lakeside Gym,Blue idge Landscaping Shop,"439 Hickory Way, Minneapolis, MN 554405","8900 Birch Way, Minneapolis, MN 554671",(944) 846-7940,N/A,fitness,food services,0.5436507936507936,0.0,,,0.0,1.0,0.0,1.0,0.0,0.33974422541822635,0.0,1.0
B001041,L000275-727,source3,,certain_nonmatch,0.0,Sunset Optometry,Ironwood Electrical,"3641 Washington Dr, Savannah, GA 314699","Broadway Dr, Savannah, GA 314273",(306) 548-6633,821-8348,optometry,electrician,0.5153508771929824,0.0,,0.0,0.0,1.0,0.0,1.0,,0.5444225698902045,0.0,1.0
B000148,R000148-578,source2,,probable_match,0.6442857142857142,Windward Landscaping,Widward Landscaping Corp,"1107 Walnut St Ste 772, Worcester, MA 016735","1107 Walnut St Ste 772, Worcester, MA 016735",(307) 990-9533,N/A,landscaping,landscaping,0.8743859649122807,0.0,,,1.0,1.0,1.0,1.0,1.0,,1.0,1.0
B001103,L000546-325,source3,,ambiguous,0.2142857142857143,Highland Pharmacy LP,Meridian Printing,"3795 Hickory St Ste 855, Chicago, IL 606228",,(789) 424-4024,-,pharmacy,sign shop,0.5602240896358542,0.0,,,,,,1.0,,0.504929452333895,0.0,1.0
B001279,L000854-564,source3,,certain_nonmatch,0.0,Ironwood Accounting,-,"1429 Lincoln Ln Ste 344, Kansas City, MO 641551","5202A Cestnut Pl #685, Kansas City, MO 641551",(498) 331-1900,769-6412,accounting,electricians,,0.0,,0.0,1.0,1.0,0.0,1.0,0.0,1.6162820396771729,0.0,1.0
B000444,R000962-675,source2,,probable_match,0.2942857142857142,Silver Lake Pet,Silver Lake Bakery Co,"3260 Poplar Ln, Naperville, IL 605616","6494 Franklin Way, Naperville, IL 605030",(752) 378-4663,742-261-8392,restaurant,restaurant,0.9177777777777778,0.0,0.0,0.0,0.0,1.0,1.0,1.0,0.0,,1.0,1.0
B000447,L000029-979,source3,,certain_nonmatch,0.0,Bramblewood Landscaping,Silver Coffeeu Shop,"9617 Spruce Ct, Seattle, WA 981505","7442 Hickory Way, Seattle, WA 981505",(372) 388-0378,(554) 946-5139,landscaping,eating places,0.39648033126293997,0.0,0.0,0.0,1.0,1.0,0.0,1.0,0.0,0.39129076056790274,0.0,1.0
B000585,L000585-830,source3,,probable_match,0.7285714285714284,Silver Lake Floral,Silver Lake Floral,"6642 Pine Rd, Austin, TX 787296","6642 Pine Rd, Austin, TX 787296",(842) 675-0022,,restaurant,restaurants,1.0,1.0,,,1.0,1.0,0.0,1.0,1.0,0.816698430351525,1.0,2.0
B000647,L000647-737,source3,,certain_match,1.0,Fernwood Furniture,Fernwood Furniture,"6921 Monroe Way Ste 264, Worcester, MA 016735","6921 Monroe Way, Worcester, MA 016735",(468) 718-1087,(468) 718-1087,furniture,furniture stores,1.0,1.0,1.0,1.0,1.0,1.0,0.0,1.0,1.0,0.4140931720709901,1.0,3.0
B000955,L000955-765,source3,,certain_match,1.0,Highland Dental,Highland Dental,"4993 Birch Rd, Boston, MA 021067","Birch Rd, Boston, MA 021067",(502) 358-2106,(502) 358-2106,,dentist,1.0,1.0,1.0,1.0,1.0,1.0,0.0,1.0,,0.4338576178697068,,3.0
B000156,L000095-548,source3,,ambiguous,0.24285714285714288,Windward Gym,Windwrd Restaurant,"2340 Hickory Rd, Rochester, MN 559146",N/A,(236) 329-1101,(967) 888-4295,fitness,cafes,0.6759259259259259,0.0,0.0,0.0,1.0,1.0,,1.0,,0.19573685558249712,0.0,3.0
B000848,L000211-985,source3,,ambiguous,0.2142857142857143,Grandview Accounting,Havenwood Electriacl,"8774 Market Ct, Boulder, CO 803677",,-,841-6999,accounting,electrical contractors,0.6384615384615385,0.0,,,1.0,1.0,,1.0,,0.3122868888023631,0.0,1.0
B000252,L000746-908,source3,,ambiguous,0.2142857142857143,Fairview Accounting,Deepford Insurance,"1868 Highland Blvd, Phoenix, AZ 850470",null,(741) 854-5134,(340) 534-7606,accounting,insurance agency,0.6088073719652667,0.0,0.0,0.0,,,,1.0,,0.5019417209845874,0.0,1.0
B000041,R000041-111,source2,,certain_match,1.0,-,Brookfield egal LLC,"2268 Elm Pl Ste 810, Phoenix, AZ 850044","2268 Elm Pl Ste 810, Phoenix, AZ 850044",(924) 419-1052,924-419-1052,legal,legal,,0.0,1.0,1.0,1.0,1.0,1.0,1.0,1.0,,1.0,2.0
B000501,L000546-325,source3,,ambiguous,0.2142857142857143,Bramblewood Moving,Meridian Printing,"5127 Lincoln Way, Chicago, IL 606758",,(786) 808-8784,-,moving,sign shop,0.60239651416122,0.0,,,,,,1.0,,0.504929452333895,0.0,1.0
B000571,L000571-841,source3,,probable_match,0.442857142857143,Fairview Legal Corp,Fairview Legal,"2315 Liberty Ave, Aurora, IL 605032","2351 Libertyi Ave, Aurora, IL 605032",(579) 766-2703,N/A,legal,legal services,1.0,1.0,,,1.0,1.0,0.0,1.0,0.0,0.5329418370200057,1.0,3.0
B001060,R000148-709,source2,,certain_nonmatch,0.06428571428571433,Amberly Automotive,Windward Landscaping Corp,"3175 Poplar Way, Worcester, MA 016735",null,(458) 506-8879,307-990-9533,auto,landscaping,0.48888888888888893,0.0,0.0,0.0,1.0,1.0,1.0,1.0,,,0.0,1.0
B000714,R000815-914,source2,,ambiguous,0.24428571428571422,Grandview Optometry LLC,Grandview Barber LLC,"9637 Elm Rd, Worcester, MA 016935","4348 Liberty Ln, Worcester, MA 016735",(466) 783-3734,459-977-9180,optometry,beauty,0.8596491228070176,0.0,0.0,0.0,0.0,1.0,1.0,1.0,0.0,,0.0,1.0
B000812,R001283-201,source2,,ambiguous,0.24428571428571422,Foxglove Childcare,Foxglove Insurance LLCa,"780 Pine Blvd Ste 153, Boulder, CO 803677","9377 Jefferson Blvd Ste 689, Boulder, CO 803591",,805-236-8407,N/A,insurance,0.8794082125603865,0.0,,,0.0,1.0,1.0,1.0,0.0,,,1.0
B001112,R000911-850,source2,,ambiguous,0.24428571428571422,Clearwater Landscaping,Clearwater Legal Ltd,"5993 Lake Way, Portland, OR 972980","4802 Lkae Blvd Ste 918, Portland, OR 972344",(608) 248-8059,437-666-5157,null,legal,0.8879870129870129,0.0,0.0,0.0,0.0,1.0,1.0,1.0,0.0,,,1.0
B000269,R000471-762,source2,,ambiguous,0.4585714285714286,Stonegate Restaurant,Stonegate Automotive Ltd,"6494 Sycamore Rd Ste 816, Tucson, AZ 857944","1162A Min Blvd, Tucson, AZ 857944",(640) 871-1494,872-703-1310,restaurant,auto,0.8733333333333333,0.0,0.0,0.0,1.0,1.0,1.0,1.0,0.0,,0.0,2.0
B000855,R000321-772,source2,,probable_match,0.24428571428571422,Thistledown Salon,Thistledown Accounting LLC,"8476 Pine Way, Cleveland, OH 441558","4314 Willow Ct, Cleveland, OH 441429",(928) 329-8261,476-777-1009,beauty,accounting,0.9128342245989304,0.0,0.0,0.0,0.0,1.0,1.0,1.0,0.0,,0.0,1.0
B000633,L000633-516,source3,,probable_match,0.7285714285714284,Harborview Legal,Harborview Legal,"5564 Pine Pl, Dallas, TX 752389","5564 Pnie Pl, Dallas, TX 752389",(647) 406-8142,null,legal,law firm,1.0,1.0,,,1.0,1.0,0.0,1.0,1.0,0.6933361449624027,1.0,2.0
B000460,R000460-137,source2,,certain_match,1.0,Blue Ridge Landscaping,Blue Ridge Landscaping LLC,"8900 Birch Way Ste 961, Minneapolis, MN 554671","8900 Birch Way Ste 961, Minneapolis, MN 554671",(591) 212-1998,591-212-1998,,restaurant,1.0,1.0,1.0,1.0,1.0,1.0,1.0,1.0,1.0,,,3.0
B000451,L000451-700,source3,,probable_match,0.3785714285714286,Eastgate Floral,Eatsgate Floral,"8988 Willow Pl Ste 814, New Orleans, LA 701408","8988 Willow Pl, New Orleans, LA 701408",-,805-9790,floral,flowers,0.9822222222222223,0.0,,,1.0,1.0,0.0,1.0,1.0,0.536762188714811,1.0,2.0
B000564,L000850-933,source3,,certain_nonmatch,0.0,Grandview Dental,Gradnview Pet,"5887 Birch Way Ste 747, Boston, MA 021410","6186 Washington Pl, Boston, MA 021067",(953) 394-2292,214-6066,dental,veterinarian,0.9042735042735043,0.0,,0.0,0.0,1.0,0.0,1.0,0.0,0.4447294237710917,0.0,1.0
B000473,L000214-700,source3,,ambiguous,0.2142857142857143,Kensington Barber,Havenwood Bakery,"8622 Broadway Blvd Ste 740, Denver, CO 802643",null,null,(580) 294-8775,beauty,bakeries,0.6151960784313726,0.0,,,0.0,1.0,,1.0,,0.6270443364952611,0.0,1.0
B000255,R001006-595,source2,,ambiguous,0.1642857142857143,Sunset Cleaners,Fairview Cleanrs Co,"7974 Sycamore Way, Denver, CO 802370","7700 Sycamore Ave, Denver, CO 802370",(378) 768-2733,970-706-8884,cleaning,cleaning,0.7208333333333333,0.0,0.0,0.0,1.0,1.0,1.0,1.0,0.0,,1.0,1.0
B001207,R000493-740,source2,,ambiguous,0.1642857142857143,Copperfield Siding,Stonegate Siding Ltd,"79 Broadway Dr, Denver, CO 802370","4591 Lake St Ste 502, Denver, CO 802370",(528) 551-8133,331-545-6262,siding,siding,0.6601851851851852,0.0,0.0,0.0,1.0,1.0,1.0,1.0,0.0,,1.0,1.0
B001288,L001288-164,source3,,probable_match,0.6678571428571431,Acme Cleaners,Acme Cleaners,"4464 Lincoln Ave, Atlanta, GA 303214","6403 Chestnut Pl, Atlanta, GA 303214",(470) 806-6027,806-6027,cleaning,laundry,1.0,1.0,,1.0,1.0,1.0,0.0,1.0,0.0,0.6526346954060416,1.0,3.0
B000558,R000127-680,source2,,ambiguous,0.24428571428571422,Cedar Grove Pharmacy,Cedar Grove Furniture Corp,"5299 Highland Dr Ste 175, Austin, TX 787296","9690 Oak Dr, Austin, TX 787233",(264) 591-6366,518-672-7404,restaurant,,0.8538095238095238,0.0,0.0,0.0,0.0,1.0,1.0,1.0,0.0,,,1.0
B000385,R000385-542,source2,,certain_match,1.0,Fairview Optometry,Fairview Optometry Inc,"8419 Cedar Rd, Aurora, IL 605604","8419 Cdear Rd, Aurora, IL 605604",(486) 769-4329,,optometry,N/A,1.0,1.0,,,1.0,1.0,1.0,1.0,1.0,,,3.0
B001074,R000124-731,source2,,ambiguous,0.31428571428571433,Amberly Bakery,N/A,"5692 Liberty Ct, Minneapolis, MN 554217",N/A,(967) 258-2843,649-339-2419,bakery,legal,,0.0,0.0,0.0,1.0,1.0,1.0,1.0,,,0.0,1.0
B000750,L001158-964,source3,,ambiguous,0.2142857142857143,Blue Ridge Printing,Glenmore Pet,"3306 Lake St, Springfield, IL 627114",null,(405) 293-0262,(900) 385-3349,restaurant,pets,0.6125730994152047,0.0,0.0,0.0,0.0,1.0,,1.0,,0.6314427369317098,0.0,1.0
B001022,R001022-349,source2,,certain_match,1.0,Harborview Bakery,Harborview Bakery Corp,"8698 Lincoln Pl, Phoenix, AZ 850549","8698 Lincoln Pl, Phoenix, AZ 850549",(828) 826-3222,828-826-3222,bakery,bakery,1.0,1.0,1.0,1.0,1.0,1.0,1.0,1.0,1.0,,1.0,3.0
B000836,L000546-325,source3,,certain_nonmatch,0.0,Thistledown Hardware,Meridian Printing,"6951 Washington Ln Ste 206, Chicago, IL 606228",,(572) 817-5496,-,hardware,sign shop,0.4985294117647059,0.0,,,,,,1.0,,0.504929452333895,0.0,1.0
B000280,R000280-549,source2,,probable_match,0.7285714285714284,Ironwood Dental,Ironwood Dental Inc,"2546 Cherry Pl Ste 700, Aurora, IL 605032","2546 Cherry Pl Ste 700, Aurora, IL 605032",(982) 865-1083,-,dental,dental,1.0,1.0,,,1.0,1.0,0.0,1.0,1.0,,1.0,2.0
B000941,L000948-819,source3,,certain_nonmatch,0.0,Grandview Hardware,Blue Floral,"7203 Highland Dr Ste 463, Eugene, OR 974618","Willow St, Eugene, OR 974618",,578-4134,hardware,food services,0.36195286195286197,0.0,,,1.0,1.0,0.0,1.0,,0.4611320327718971,0.0,1.0
B000490,L001257-618,source3,,certain_nonmatch,0.0,Windward Roofing,Northstar Bakery,"6333 Lake St, Naperville, IL 605517","7999 Birch Way, Naperville, IL 605095",(927) 301-5168,(852) 768-9742,roofing,bakeries,0.4083333333333334,0.0,0.0,0.0,0.0,1.0,0.0,1.0,0.0,1.6967661122811502,0.0,1.0
B000320,L000320-810,source3,,probable_match,0.7428571428571429,Riverbend Dental,Riverbend Dental,"8014 Broadway Way Ste 757, Rochester, MN 559271","8014 Broadway Way #757, Rochester, MN 559271",(597) 389-6078,,dental,dentists,1.0,1.0,,,1.0,1.0,0.0,1.0,1.0,0.46905174087569923,1.0,3.0
B000118,R000118-213,source2,,certain_match,0.9285714285714285,Harborview Moving,Harborview Mving Corp,"7044 Cedar Ave Ste 794, Atlanta, GA 303363","7044 Cedar Ave Ste 794, Atlanta, GA 303363",(699) 739-5053,,moving,moving,0.9882352941176471,0.0,,,1.0,1.0,1.0,1.0,1.0,,1.0,2.0
B000088,L000088-120,source3,,certain_match,1.0,Fernwood Pools,Fernwood Pool,"7556 Sycamore Rd Ste 361, Raleigh, NC 276746","7556 Sycamore Rd #361, Raleigh, NC 276746",(210) 676-4712,(210) 676-4712,pool,pool service,0.9857142857142858,1.0,1.0,1.0,1.0,1.0,0.0,1.0,1.0,0.27655258346314543,1.0,3.0
B001201,R001201-646-D,source2,,probable_match,0.2392857142857141,Riverbend Coffee,Riverbend Coffee LP,"2821 Broadway St, New Orleans, LA 701919","3204 Pine Ct, Seattle, WA 981215",(682) 573-9880,682-573-9880,coffee,coffee,1.0,1.0,1.0,1.0,0.0,0.0,0.0,0.0,0.0,,1.0,1.0
B001047,L000888-363,source3,,certain_nonmatch,0.0,N/A,Bramblewood Siding,"2654 Birch Ln Ste 606, Naperville, IL 605223","9782 Park Dr, Naperville, IL 605616",(262) 370-9815,null,restaurant,siding contractors,,0.0,,,0.0,1.0,0.0,1.0,0.0,0.4181807685421159,0.0,1.0
B000668,L000668-595-U,source3,,probable_match,0.3892857142857142,Havenwood Restaurant,Riverbend Dental,"1298 Franklin Ct, Eugene, OR 974367","356 Ct, Eugene, OR 974367",(331) 900-4921,(331) 900-4921,restaurant,dentists,0.5750000000000001,0.0,1.0,1.0,,,0.0,1.0,0.0,0.5129786605782631,0.0,1.0
B000191,R000692-887,source2,,certain_nonmatch,0.0,Acme Barber,Acme Floral LP,"7794 Birch Rd, Spokane, WA 992112","9529 Poplar Blvd, Phoenix, AZ 850127",(529) 492-0969,882-746-9757,beauty,floral,0.8259740259740259,0.0,0.0,0.0,0.0,0.0,0.0,0.0,0.0,,0.0,1.0
B001204,R000041-111,source2,,ambiguous,0.4585714285714286,Brookfield Pharmacy,Brookfield egal LLC,"1852 Washington Dr Ste 836, Phoenix, AZ 850044","2268 Elm Pl Ste 810, Phoenix, AZ 850044",-,924-419-1052,pharmacy,legal,0.8863157894736842,0.0,,,1.0,1.0,1.0,1.0,0.0,,0.0,2.0
B000863,L001039-139,source3,,ambiguous,0.5442857142857143,Fernwood Pet,Fernwood Electrical,"9771 Union Ct Ste 426, Seattle, WA 981093",null,(311) 821-6275,(586) 753-2353,pet,electrician,0.8991228070175439,0.0,0.0,0.0,0.0,1.0,,1.0,,0.4577917725955863,0.0,1.0
B000441,R001113-434-D,source2,,ambiguous,0.4942857142857142,Maple Hill Salon,Maple Hill Coffee Corp,-,"750 Lake Ave, Portland, OR 972504",(354) 684-0159,367-608-3948,restaurant,restaurant,0.8911764705882353,0.0,0.0,0.0,0.0,1.0,1.0,1.0,,,1.0,1.0
B000406,L000897-181,source3,,ambiguous,0.2585714285714286,Eastgate Pharmacy,Eastgate Legal,"6431 Lake Rd, Minneapolis, MN 554405","Cedar Blvd, Minneapolis, MN 554217",(951) 497-2193,,pharmacy,law firm,0.8605042016806722,0.0,,,0.0,1.0,0.0,1.0,,0.3136712603582153,0.0,2.0
B001215,L001215-476-U,source3,,probable_match,0.15357142857142864,Clearwater Floral Inc,Windward Childcare,"858 Broadway Ave, Seattle, WA 981224","4221 Ave, Seattle, WA 981224",(665) 940-3253,(665) 940-3253,floral,day care centers,0.45736072206660444,0.0,1.0,1.0,1.0,1.0,0.0,1.0,0.0,0.4256939012207059,0.0,2.0
B000542,R000026-866,source2,,certain_nonmatch,0.0,Harborview Optometry,Willowbrook Roofing Co,"3084 Cherry Ct, Cleveland, OH 441225","407 Pine Rd, Cleveland, OH 441225",(628) 357-4726,622-885-4065,optometry,roofing,0.4930799220272905,0.0,0.0,0.0,1.0,1.0,1.0,1.0,0.0,,0.0,1.0
B000799,L000799-549,source3,,probable_match,0.6678571428571429,Acme Optometry,Acme Otpometry,"2071 Elm Rd, Atlanta, GA 303214","Elm Rd, Atlanta, GA 303214",(474) 254-6064,254-6064,optometry,opticians and ophthalmologists,0.9857142857142858,0.0,,1.0,1.0,1.0,0.0,1.0,,0.16349678014622734,1.0,3.0
B000111,R000111-375,source2,,certain_match,1.0,Sunset Barber,Sunset Barber Ltd,"5401 Broadway Pl Ste 462, Chicago, IL 606758","5401A Broaday Pl Ste 462, Chicago, IL 606758",(969) 633-0842,969-633-0842,beauty,beauty,1.0,1.0,1.0,1.0,1.0,1.0,1.0,1.0,0.0,,1.0,3.0
B001272,R001063-802,source2,,ambiguous,0.24428571428571422,Sunset Pet Inc,Sunset Bicycle LLC,"4662 Pine Rd, Spokane, WA 992642","1489 Franklin Ct Ste 265, Spokane, WA 992881",(493) 209-2832,451-684-9023,pet,bike,0.8742857142857142,0.0,0.0,0.0,0.0,1.0,1.0,1.0,0.0,,0.0,1.0
B001103,L001103-941,source3,,probable_match,0.6678571428571431,Highland Pharmacy LP,Highland Pharmacy,"3795 Hickory St Ste 855, Chicago, IL 606228","3759 Hicory St, Chicago, IL 606228",(789) 424-4024,424-4024,pharmacy,pharmacies,1.0,1.0,,1.0,1.0,1.0,0.0,1.0,0.0,0.27154177482181996,1.0,3.0
B000412,L000018-536,source3,,certain_nonmatch,0.0,Kensington Gym,Willowbrook Landscaping Shop,"7977 Franklin Ln, Denver, CO 802882","4916 Willow Rd #869, Denver, CO 802849",(207) 713-2276,(210) 669-9224,fitness,gardener,0.3915113871635611,0.0,0.0,0.0,0.0,1.0,0.0,1.0,0.0,0.6245413381349281,0.0,1.0
B000141,R000694-757,source2,,probable_match,0.24428571428571422,Lakeside Electric,Lakeside Childcare LLC,"7392 Walnut Ave, Boulder, CO 803071","1521 Oak Way, Boulder, CO 803196",(255) 605-8224,472-335-7309,electric,childcare,0.9031372549019608,0.0,0.0,0.0,0.0,1.0,1.0,1.0,0.0,,0.0,1.0
B000354,R000426-508,source2,,certain_nonmatch,0.0,Blue Ridge Optometry,Amberly Restaurant Inc,"1898 Jefferson St, Naperville, IL 605030","6076 Maple Dr, Aurora, IL 605032",(761) 458-7772,594-610-8536,restaurant,restaurant,0.5388888888888889,0.0,0.0,0.0,1.0,1.0,0.0,1.0,0.0,,1.0,1.0
B000272,L000272-364-U,source3,,probable_match,0.15357142857142864,Windward Siding,Glenmore Electric,"2182 Sycamore Rd, Eugene, OR 974367","1526 Sycamore Rd, Eugene, OR 974367",(271) 743-9228,(271) 743-9228,siding,electricians,0.5006535947712418,0.0,1.0,1.0,1.0,1.0,0.0,1.0,0.0,0.43942172498755616,0.0,2.0
B000590,L000718-740,source3,,ambiguous,0.2142857142857143,Havenwood Electric LP,Stonegate Electrical,"8715 Broadway Ct, Naperville, IL 605223",N/A,(663) 835-6031,(443) 274-9829,electric,electrician,0.6881766381766381,0.0,0.0,0.0,0.0,1.0,,1.0,,0.2477526218038264,0.0,1.0
B000116,L000677-167,source3,,certain_nonmatch,0.0,Harborview Insurance,Havenwood Bicycle,"2579 Walnut Ct Ste 432, Boulder, CO 803046","1041 Highland Ln, Boulder, CO 803071",-,,insurance,-,0.657516339869281,0.0,,,0.0,1.0,0.0,1.0,0.0,0.24397353396633292,,1.0
B000871,L000731-854,source3,,ambiguous,0.2142857142857143,Amberly Electrical,Thistledown Cleaners,"6044 Monroe Ave, Cleveland, OH 441558",-,(905) 253-4254,,electrical,dry cleaner,0.5518518518518518,0.0,,,0.0,1.0,,,,0.16906379979422564,0.0,1.0
B000196,R000638-445,source2,,ambiguous,0.24428571428571422,Amberly Gym,Amberly Pet LP,"1563 Pine Ave, Phoenix, AZ 850470","3336 Jefferson Ave Ste 393, Phoenix, AZ 850127",,365-462-9850,fitness,pet,0.890909090909091,0.0,,,0.0,1.0,1.0,1.0,0.0,,0.0,1.0
B000867,R000867-724,source2,,certain_match,1.0,Copperfield Cleaners,Copperfield Cleanes Ltd,"349 Park Blvd Ste 902, Denver, CO 802882","349 Park Blvd Ste 902, Denver, CO 802882",(205) 672-4659,205-672-4659,cleaning,cleaning,0.99,0.0,1.0,1.0,1.0,1.0,1.0,1.0,1.0,,1.0,3.0
B000204,L000471-964,source3,,certain_nonmatch,0.0,Northstar Pet,Stonegate Auto,"988 Maple Ave, Tucson, AZ 857080","1162 Man Blvd, Tucson, AZ 857944",(233) 493-6698,703-1310,pet,auto services,0.6302401302401303,0.0,,0.0,0.0,1.0,0.0,1.0,0.0,0.18635120549078762,0.0,1.0
B000313,R001112-664,source2,,ambiguous,0.24428571428571422,Clearwater Bicycle,Clearwater Landscaping LP,"1111 Walnut Blvd Ste 210, Portland, OR 972389","5993A Lake Way, Portland, OR 972980",(202) 249-6323,-,bike,landscaping,0.8685425685425685,0.0,,,0.0,1.0,1.0,1.0,0.0,,0.0,1.0
B000619,L001283-851,source3,,probable_match,0.6285714285714288,Foxglove Insurance,Foxglove Insurance,"3729 Jefferson Blvd Ste 421, Boulder, CO 803591","Jefferson Blvd, Boulder, CO 803591",(678) 312-8515,(805) 236-8407,insurance,insurance agency,1.0,1.0,0.0,0.0,1.0,1.0,0.0,1.0,,2.804134448459278,1.0,2.0
B001128,L001128-508,source3,,probable_match,0.2892857142857143,Harborview Hardware,null,"6746 Broadway Dr Ste 229, Nashville, TN 372432","6746 Broadway Dr #229, Nashville, TN 372432",(512) 390-8201,390-8201,hardware,hardware retail,,0.0,,1.0,1.0,1.0,0.0,1.0,1.0,0.5540866740685344,1.0,1.0
B000511,R000280-478-D,source2,,ambiguous,0.24428571428571422,Ironwood Automotive,Ironwood Dental Inc,"2644 Broadway Way Ste 776, Naperville, IL 605616","8910 Chestnut Ave, Naperville, IL 605515",N/A,982-865-1083,auto,dental,0.8696491228070176,0.0,,,0.0,1.0,1.0,1.0,0.0,,0.0,1.0
B000228,L000228-530,source3,,certain_match,1.0,Kensington Plumbing,Kensington Plumbing,"763 Maple Ct, Seattle, WA 981521","763 Maple Ct, Seattle, WA 981521",(757) 777-0539,(757) 777-0539,plumbing,plumbing contractors,1.0,1.0,1.0,1.0,1.0,1.0,0.0,1.0,1.0,0.11289238001833192,1.0,3.0
B000789,L000285-944,source3,,certain_nonmatch,0.0,Amberly Dental,null,"5329 Maple Rd, Raleigh, NC 276546","2578 Highland Rd, Raleigh, NC 276546",(390) 615-0323,(891) 940-1889,dental,roofing contractors,,0.0,0.0,0.0,1.0,1.0,0.0,1.0,0.0,0.06044306322477462,0.0,1.0
B000142,R000176-200,source2,,ambiguous,0.24428571428571422,Windward Electrical,Windward Automotive Ltd,"3679 Main Ave Ste 201, Denver, CO 802370","9250 Washington St, Denver, CO 802633",(866) 543-2392,276-595-8261,electrical,auto,0.8582995951417004,0.0,0.0,0.0,0.0,1.0,1.0,1.0,0.0,,0.0,1.0
B000120,R000598-962,source2,,ambiguous,0.24428571428571422,Copperfield Coffee,Copperfield Bakery Ltd,"7056 Pine Ct Ste 645, Springfield, IL 627250","5428 Sycamore Pl, Springfield, IL 627759",(436) 712-9154,497-972-9399,coffee,bakery,0.888888888888889,0.0,0.0,0.0,0.0,1.0,1.0,1.0,0.0,,0.0,1.0
B001099,R001099-117,source2,,probable_match,0.4642857142857143,Grandview Plumbing,null,"3008 Highland Way, Cleveland, OH 441459","3008 Highland Way, Cleveland, OH 441459",(792) 429-1853,262-525-1853,plumbing,plumbing,,0.0,0.0,0.0,1.0,1.0,1.0,1.0,1.0,,1.0,1.0
B000866,R000866-155,source2,,certain_match,1.0,Brookfield Childcare,Brookfield Childcare Ltd,"6910 Broadway Ave, Charlotte, NC 282473","6910 Broadway Ave, Charlotte, NC 282473",(528) 402-3229,528-402-3229,childcare,childcare,1.0,1.0,1.0,1.0,1.0,1.0,1.0,1.0,1.0,,1.0,3.0
B000097,R000097-361,source2,,certain_match,1.0,Meridian Pharmacy,Meridian Pharmacy Inc,"743 Oak Ave Ste 604, Boulder, CO 803591","743 Oak Ave Ste 604, Boulder, CO 803591",(300) 440-8807,300-440-8807,pharmacy,pharmacy,1.0,1.0,1.0,1.0,1.0,1.0,1.0,1.0,1.0,,1.0,3.0
B000867,R000777-255,source2,,ambiguous,0.24428571428571422,Copperfield Cleaners,Copperfield Siding Inc,"349 Park Blvd Ste 902, Denver, CO 802882","4212 Broadway Dr, Denver, CO 802370",(205) 672-4659,531-470-2224,cleaning,siding,0.8812698412698413,0.0,0.0,0.0,0.0,1.0,1.0,1.0,0.0,,0.0,1.0
B000833,R000280-478-D,source2,,ambiguous,0.1642857142857143,Acme Dental,Ironwood Dental Inc,"527 Hickory Rd, Naperville, IL 605517","8910 Chestnut Ave, Naperville, IL 605515",(365) 211-6494,982-865-1083,dental,dental,0.6533910533910534,0.0,0.0,0.0,1.0,1.0,1.0,1.0,0.0,,1.0,1.0
B000430,R000231-311,source2,,ambiguous,0.31428571428571433,Brookfield Electrical,Cedar Grove Legal Corp,"6619 Poplar Blvd Ste 279, Charlotte, NC 282388",N/A,(719) 309-9152,434-564-9060,,restaurant,0.6024106612341907,0.0,0.0,0.0,1.0,1.0,1.0,1.0,,,,1.0
B000193,L000898-112-U,source3,,certain_nonmatch,0.0,Fairview Pools,Copperfield Childcare,"152 Park Dr, Worcester, MA 016216","47 Cherry St, Worcester, MA 016216",(544) 491-7444,(379) 528-1763,pool,day care centers,0.5423280423280423,0.0,0.0,0.0,1.0,1.0,0.0,1.0,0.0,0.33365622534336825,0.0,1.0
B000404,L001291-771,source3,,certain_nonmatch,0.0,Fairview Pharmacy,Eastgate Childcare,"2294 Cherry Ave Ste 851, Charlotte, NC 282947","3424 Lake Rd, Charlotte, NC 282947",(279) 944-1235,(401) 878-8150,pharmacy,day care centers,0.5653594771241829,0.0,0.0,0.0,1.0,1.0,0.0,1.0,0.0,1.4714675121165857,0.0,1.0
B000970,R000862-293,source2,,ambiguous,0.1642857142857143,Kensington Landscaping,Grandview Landscaping LP,"7572 Broadway Dr, Cleveland, OH 441603","4660 Lincoln Blvd Ste 912, Cleveland, OH 441603",,520-369-3372,landscaping,landscaping,0.7255591630591631,0.0,,,1.0,1.0,1.0,1.0,0.0,,1.0,1.0
B001035,L000893-181,source3,,ambiguous,0.2142857142857143,Windward Cleaners,Brookfield Insurance,"5413 Poplar Blvd Ste 121, Denver, CO 802882",N/A,(518) 783-3185,(491) 668-1968,cleaning,insurance agency,0.6019607843137255,0.0,0.0,0.0,0.0,1.0,,1.0,,0.3753040604209904,0.0,1.0
B000448,L000448-863,source3,,certain_match,1.0,Sunset Salon,Sunset Salon,"1312 Washington Dr Ste 205, Nashville, TN 372714","1312 Washington Dr #205, Nashville, TN 372714",(266) 684-8985,684-8985,beauty,hair salon,1.0,1.0,,1.0,1.0,1.0,1.0,1.0,1.0,0.31258992224327625,1.0,2.0
B000970,R000862-954,source2,,ambiguous,0.1642857142857143,Kensington Landscaping,Gandview Landscaping LP,"7572 Broadway Dr, Cleveland, OH 441603","1463 Cedar St, Cleveland, OH 441603",,520-369-3372,landscaping,landscaping,0.6965909090909091,0.0,,,1.0,1.0,1.0,1.0,0.0,,1.0,1.0
B001202,R000862-809,source2,,ambiguous,0.1642857142857143,Kensington Landscaping,Grandview Landscaping LP,"5469 Broadway Dr, Cleveland, OH 441603","4606 Lincoln Blvd Ste 912, Cleveland, OH 441603",(814) 632-5264,281-603-3372,landscaping,landscaping,0.7255591630591631,0.0,0.0,0.0,1.0,1.0,1.0,1.0,0.0,,1.0,1.0
B000987,R000190-302,source2,,ambiguous,0.4585714285714286,Willowbrook Printing,Willowbrook Automotive Inc,"9348 Market Dr, Pittsburgh, PA 152841","3815 Oak Pl Ste 438, Pittsburgh, PA 152841",(518) 409-4466,684-302-2252,printing,auto,0.852987012987013,0.0,0.0,0.0,1.0,1.0,1.0,1.0,0.0,,0.0,2.0
B000617,L000139-264-U,source3,,certain_nonmatch,0.0,null,Highland Pools,"9343 Maple Blvd Ste 692, Atlanta, GA 303854","6733 Frankin Way, Atlanta, GA 303166",(742) 422-3138,856-7873,roofing,pool service,,0.0,,0.0,0.0,1.0,0.0,1.0,0.0,0.09642163499609532,0.0,1.0
B000349,L000349-741,source3,,probable_match,0.7285714285714284,Northstar Barber,Northstar Barber,"5280 Liberty Ln, Indianapolis, IN 462890","5280 Liberty Ln, Indianapolis, IN 462890",(219) 892-0067,,beauty,hair salon,1.0,1.0,,,1.0,1.0,0.0,1.0,1.0,0.607531604545574,1.0,2.0
B000742,L000731-854,source3,,ambiguous,0.2142857142857143,Quarry Hill Insurance,Thistledown Cleaners,"8790 Jefferson Ave, Cleveland, OH 441558",-,(599) 411-2128,,restaurant,dry cleaner,0.584920634920635,0.0,,,0.0,1.0,,,,0.16906379979422564,0.0,1.0
B000240,L000668-727,source3,,certain_nonmatch,0.0,Bramblewood Legal,Havenwood Restaurant,"3972 Chestnut Ct, Eugene, OR 974352","1289 Franklin Ct, Eugene, OR 974367",(574) 316-9238,(331) 900-4921,legal,cafes,0.596078431372549,0.0,0.0,0.0,0.0,1.0,0.0,1.0,0.0,0.49706356403956403,0.0,1.0
B000192,L000192-365,source3,,probable_match,0.6285714285714288,Ironwood Pharmacy,Ironwood Pharmacy,"612 Pine Blvd, Raleigh, NC 276623","Pine Blvd, Raleigh, NC 276623",(238) 606-8116,N/A,pharmacy,pharmacies and drug stores,1.0,1.0,,,1.0,1.0,0.0,1.0,,0.352802788835786,1.0,2.0
B001213,R000686-884,source2,,ambiguous,0.1642857142857143,Acme Roofing,Deepford Roofing LLC,"4101 Jefferson Ln, Atlanta, GA 303214","7252 Elm Ln, Atlanta, GA 303214",-,239-668-1389,roofing,roofing,0.6967592592592592,0.0,,,1.0,1.0,1.0,1.0,0.0,,1.0,1.0
B001203,R001203-300,source2,,probable_match,0.7785714285714287,Clearwater Pet,Clearwater Pet Inc,"5678 Birch Dr Ste 779, Denver, CO 802633","5687 Birh Dr Ste 779, Denver, CO 802633",(895) 896-4225,-,pet,N/A,1.0,1.0,,,1.0,1.0,1.0,1.0,0.0,,,2.0
B000449,R000460-137,source2,,ambiguous,0.2942857142857142,Blue Ridge Bicycle,Blue Ridge Landscaping LLC,"1364 Cedar Way Ste 259, Minneapolis, MN 554322","8900 Birch Way Ste 961, Minneapolis, MN 554671",(871) 599-5068,591-212-1998,restaurant,restaurant,0.8685425685425685,0.0,0.0,0.0,0.0,1.0,1.0,1.0,0.0,,1.0,1.0
B000380,L000715-398,source3,,certain_nonmatch,0.0,Highland Siding,Brookfield Plumbnig,"8565 Cedar Way Ste 248, New Orleans, LA 701598","8723 Hickory St #673, New Orleans, LA 701597",(887) 257-3275,(203) 637-0849,siding,plumbing contractors,0.564076858813701,0.0,0.0,0.0,1.0,1.0,0.0,1.0,0.0,0.48047227116827773,0.0,1.0
B000283,L000283-994,source3,,probable_match,0.7285714285714284,Havenwood Storage,Havenwood Storage,"6093 Elm Dr, Kansas City, MO 641574","6093 Elm Dr, Kansas City, MO 641574",(951) 320-0480,N/A,storage,self storage,1.0,1.0,,,1.0,1.0,0.0,1.0,1.0,0.5336298874518665,1.0,2.0
B000177,R000430-602,source2,,probable_match,0.5642857142857143,Brookfield Electric,Brookfield Electrical Co,"1585 Lincoln Ave, Charlotte, NC 282473","6691 Poplar Blvd Ste 279, Charlotte, NC 282388",(772) 574-2363,719-309-9152,electric,electrical,0.9809523809523809,1.0,0.0,0.0,0.0,1.0,1.0,1.0,0.0,,0.0,1.0
B000413,R000675-567,source2,,ambiguous,0.24428571428571422,Clearwater Hardware,Clearwater Cleaers Corp,"4601 Washington Ave Ste 261, Nashville, TN 372348","9330 Monroe Blvd, Nashville, TN 372714",,542-208-1682,hardware,cleaning,0.8886382623224728,0.0,,,0.0,1.0,1.0,1.0,0.0,,0.0,1.0
B001114,R001114-419,source2,,probable_match,0.7642857142857142,Amberly Landscaping,Amebrly Landscaping Ltd,"8930 Poplar St Ste 980, Kansas City, MO 641762","8930 Poplar St Ste 980, Kansas City, MO 641762",(801) 244-9705,854-240-9705,landscaping,landscaping,0.9859649122807017,0.0,0.0,0.0,1.0,1.0,1.0,1.0,1.0,,1.0,1.0
B001133,R001133-230,source2,,certain_match,0.8928571428571427,Fairview Barber,Fairview Babrer LLC,"8783 Highland Dr, Columbus, OH 432574","8783 Highland Dr, Columbus, OH 432574",(739) 397-5864,853-722-5864,beauty,-,0.9866666666666667,0.0,0.0,0.0,1.0,1.0,1.0,1.0,1.0,,,3.0
B000638,L000692-250,source3,,ambiguous,0.2142857142857143,Amberly Pet LP,Acme Floral,"3336 Jefferson Ave Ste 393, Phoenix, AZ 850127",N/A,(365) 462-9850,746-9757,pet,,0.6414141414141414,0.0,,0.0,1.0,1.0,,1.0,,0.42567484679669365,,1.0
B000609,L000930-989,source3,,ambiguous,0.2142857142857143,Blue Ridge Bakery,Lakeside Automotive,"2220 Walnut Ct Ste 379, Phoenix, AZ 850747",,(630) 851-5832,(759) 711-5128,restaurant,tires,0.5565875472996216,0.0,0.0,0.0,0.0,1.0,,1.0,,0.35907679337540954,0.0,1.0
B000815,R000342-259,source2,,ambiguous,0.4585714285714286,Grandview Barber,Grandview Legal LP,"2095 Washington Rd, Worcester, MA 016735","8760 Sycaore Blvd, Worcester, MA 016735",(459) 977-9180,568-719-4918,beauty,legal,0.8933333333333334,0.0,0.0,0.0,1.0,1.0,1.0,1.0,0.0,,0.0,2.0
B000853,R000853-594,source2,,certain_match,1.0,Clearwater Gym,Clearwater Gym LP,"4750 Jefferson St Ste 895, Raleigh, NC 276175","4750 Jefferson St Ste 895, Raleigh, NC 276175",(765) 590-1875,644-868-1875,fitness,fitness,1.0,1.0,0.0,0.0,1.0,1.0,1.0,1.0,1.0,,1.0,2.0
B000060,L001245-681,source3,,probable_match,0.22857142857142854,Eastgate Landscaping,Eastgate Landsaping Shop,"4637 Cedar Pl, Worcester, MA 016965","7916 Cedar Pl, Worcester, MA 016965",(433) 569-2939,475-7170,landscaping,lawn care,0.99,0.0,,0.0,1.0,1.0,0.0,1.0,0.0,1.6286617009773137,1.0,2.0
B000449,L001074-260,source3,,certain_nonmatch,0.0,Blue Ridge Bicycle,Amberly Bakery,"1364 Cedar Way Ste 259, Minneapolis, MN 554322","5629 Liberty Ct, Minneapolis, MN 554217",(871) 599-5068,258-2843,restaurant,bakeries,0.546957671957672,0.0,,0.0,0.0,1.0,0.0,1.0,0.0,0.5017826136713041,0.0,1.0
B000313,R000911-850,source2,,probable_match,0.24428571428571422,Clearwater Bicycle,Clearwater Legal Ltd,"1111 Walnut Blvd Ste 210, Portland, OR 972389","4802 Lkae Blvd Ste 918, Portland, OR 972344",(202) 249-6323,437-666-5157,bike,legal,0.9069444444444444,0.0,0.0,0.0,0.0,1.0,1.0,1.0,0.0,,0.0,1.0
B000269,R000225-228,source2,,ambiguous,0.24428571428571422,Stonegate Restaurant,Stonegate Electric Co,"6494 Sycamore Rd Ste 816, Tucson, AZ 857944","1295 Walnut Dr, Tucson, AZ 857080",(640) 871-1494,757-958-3700,restaurant,-,0.859059829059829,0.0,0.0,0.0,0.0,1.0,1.0,1.0,0.0,,,1.0
B000799,L000799-301,source3,,probable_match,0.5571428571428572,Acme Optometry,Acme pOtometry,"2071 Elm Rd, Atlanta, GA 303214","2071 Elm Rd, Atlanta, GA 303214",(474) 254-6064,,optometry,optician,0.9857142857142858,0.0,,,1.0,1.0,0.0,1.0,1.0,0.777406606293794,1.0,4.0
B000082,R001164-957,source2,,ambiguous,0.24428571428571422,Fernwood Automotive,Fernwood Salon Inc,"5440 Cedar Pl, Columbus, OH 432733","9181 Willow Dr, Columbus, OH 432574",(303) 738-7486,825-558-1447,auto,beauty,0.8729323308270677,0.0,0.0,0.0,0.0,1.0,1.0,1.0,0.0,,0.0,1.0
B000502,R001215-812,source2,,certain_nonmatch,0.0,Havenwood Pharmacy,,"1792 Willow St, Seattle, WA 981224","858 Broadway Ave, Seattle, WA 981224",(452) 731-8812,875-622-3253,pharmacy,floral,,0.0,0.0,0.0,1.0,1.0,0.0,1.0,0.0,,0.0,1.0
B000479,L000426-162,source3,,ambiguous,0.2142857142857143,Harborview Salon,Amberly Restaurant Shop,"2833 Birch Ln, Aurora, IL 605032",-,(920) 790-1562,(594) 610-8536,beauty,cafes,0.6268518518518519,0.0,0.0,0.0,1.0,1.0,,1.0,,0.24243085526055402,0.0,1.0
B000479,R000874-171,source2,,ambiguous,0.44428571428571423,Harborview Salon,Harborview Childcare Co,"2833 Birch Ln, Aurora, IL 605032",-,(920) 790-1562,797-320-7989,beauty,childcare,0.8771153846153846,0.0,0.0,0.0,0.0,1.0,1.0,1.0,,,0.0,1.0
B000049,R000592-439,source2,,ambiguous,0.31428571428571433,Harborview Floral,Brookfield Coffee Co,"2750 Hickory Dr, Boston, MA 021067",-,(936) 317-2683,257-763-6824,floral,coffee,0.5751633986928105,0.0,0.0,0.0,1.0,1.0,1.0,1.0,,,0.0,1.0
B000913,R000849-396,source2,,ambiguous,0.1642857142857143,Fairview Siding,Lakeside Siding Co,"1980 Jefferson St Ste 667, Austin, TX 787238","5185 Cedar Rd, Austin, TX 787238",(682) 960-1654,617-469-8531,siding,siding,0.6777777777777777,0.0,0.0,0.0,1.0,1.0,1.0,1.0,0.0,,1.0,1.0
B001171,R001243-813,source2,,ambiguous,0.31428571428571433,Maple Hill Restaurant LP,Thistledown Automotive Inc,"2105 Washington Rd, Rochester, MN 559658",N/A,(278) 470-2726,967-692-8931,restaurant,auto,0.5945165945165946,0.0,0.0,0.0,1.0,1.0,1.0,1.0,,,0.0,1.0
B000963,R001288-886,source2,,ambiguous,0.31428571428571433,Amberly Automotive,Acme Cleaners Inc,-,"4464 Lincoln Ave, Atlanta, GA 303214",(269) 952-1237,658-291-6027,auto,cleaning,0.6032763532763533,0.0,0.0,0.0,1.0,1.0,1.0,1.0,,,0.0,1.0
B000622,L000893-181,source3,,ambiguous,0.2142857142857143,Riverbend Bakery,Brookfield Insurance,"9676 Cedar Way, Denver, CO 802643",N/A,(267) 572-3261,(491) 668-1968,-,insurance agency,0.6246212121212121,0.0,0.0,0.0,0.0,1.0,,1.0,,0.3753040604209904,,1.0
B000040,L000040-868,source3,,probable_match,0.6785714285714286,Willowbrook Electric,Willowbrook Electrical,"7940 Sycamore Dr Ste 550, Philadelphia, PA 191655","7940 Sycamore Dr, Philadelphia, PA 191655",,(931) 492-3841,null,electricians,0.9818181818181818,1.0,,,1.0,1.0,0.0,1.0,1.0,0.3463872267103701,,2.0
B000807,L000095-548,source3,,ambiguous,0.2142857142857143,N/A,Windwrd Restaurant,"7186 Broadway Dr, Rochester, MN 559658",N/A,(344) 562-7110,(967) 888-4295,beauty,cafes,,0.0,0.0,0.0,0.0,1.0,,1.0,,0.19573685558249712,0.0,1.0
B000100,L000893-181,source3,,ambiguous,0.2142857142857143,Foxglove Automotive,Brookfield Insurance,"2002 Monroe Dr, Denver, CO 802370",N/A,N/A,(491) 668-1968,auto,insurance agency,0.575438596491228,0.0,,,0.0,1.0,,1.0,,0.3753040604209904,0.0,1.0
B000943,R000927-365,source2,,certain_nonmatch,0.0,Quarry Hill Furniture,Quarry Hill Plumbing LLCa,"1642 Pine Ln, Phoenix, AZ 850747","592 Main Blvd, Savannah, GA 314699",(367) 678-8958,305-713-6519,restaurant,restaurant,0.8495238095238096,0.0,0.0,0.0,0.0,0.0,0.0,0.0,0.0,,1.0,1.0
B000385,L000385-260,source3,,probable_match,0.7142857142857142,Fairview Optometry,Fairview Optometry,"8419 Cedar Rd, Aurora, IL 605604","8419 Ceadr Rd, Aurora, IL 605604",(486) 769-4329,-,optometry,optician,1.0,1.0,,,,,0.0,1.0,1.0,0.49655891149586395,1.0,1.0
B001002,L001002-596-U,source3,,probable_match,0.40357142857142864,Silver Lake Optometry,Deepford Electrical,"1114 Oak Way Ste 136, Boston, MA 021824","9262 Oak Way #136, Boston, MA 021824",(436) 796-8052,(436) 796-8052,restaurant,electrical contractors,0.5675020885547201,0.0,1.0,1.0,1.0,1.0,0.0,1.0,0.0,0.2712039535699345,0.0,2.0
B000119,L000119-643,source3,,certain_match,1.0,Northstar Electrical,Northstar Electrical,"3350 Park St, Denver, CO 802643","3350 Park St, Denver, CO 802643",(983) 461-4742,(983) 461-4742,electrical,N/A,1.0,1.0,1.0,1.0,1.0,1.0,0.0,1.0,1.0,0.276497948354836,,3.0
B000031,R000479-861,source2,,certain_nonmatch,0.06428571428571433,Windward Pet,Harborview Salon Co,"5144 Broadway Ln, Aurora, IL 605032",,null,920-790-1562,pet,beauty,0.4583333333333333,0.0,,,1.0,1.0,1.0,1.0,,,0.0,1.0
B000763,R000586-290,source2,,ambiguous,0.2942857142857142,Cedar Grove Pet,Cedar Grove Insurance Ltd,"6305 Poplar St Ste 881, Seattle, WA 981505","536 Park Ln, Seattle, WA 981521",(462) 989-5711,915-827-8887,restaurant,restaurant,0.8971428571428571,0.0,0.0,0.0,0.0,1.0,1.0,1.0,0.0,,1.0,1.0
B001187,R000205-687,source2,,ambiguous,0.1642857142857143,Thistledown Moving,Sunset Moving Corp,"4451 Spruce Pl Ste 171, Philadelphia, PA 191224","6276 Wlilow Way, Philadelphia, PA 191224",(213) 865-4037,585-282-8835,moving,moving,0.6978761978761979,0.0,0.0,0.0,1.0,1.0,1.0,1.0,0.0,,1.0,1.0
B000355,R000322-346,source2,,ambiguous,0.24428571428571422,Lakeside Plumbing,Lakeside Moving LLCa,"6896 Broadway St Ste 632, Boston, MA 021323","5633 Franklin Ave, Boston, MA 021274",(838) 820-2247,433-766-0999,plumbing,moving,0.8761344537815126,0.0,0.0,0.0,0.0,1.0,1.0,1.0,0.0,,0.0,1.0
B000720,R000809-254,source2,,ambiguous,0.24428571428571422,Thistledown Insurance,Thistledown Bakery LLC,"174 Willow Way, Naperville, IL 605238","2067 Elm Ave Ste 113, Naperville, IL 605616",(836) 834-1659,680-670-5605,insurance,bakery,0.8961904761904762,0.0,0.0,0.0,0.0,1.0,1.0,1.0,0.0,,0.0,1.0
B000246,R000246-331,source2,,certain_match,1.0,Kensington Floral,Kensingon Floral Co,"9644 Market Way, Tucson, AZ 857387","9644 Market Way, Tucson, AZ 857387",(226) 694-1712,226-694-1712,floral,floral,0.9882352941176471,0.0,1.0,1.0,1.0,1.0,0.0,1.0,1.0,,1.0,3.0
B000087,R000721-288,source2,,probable_match,0.24428571428571422,Havenwood Pet Inc,Havenwood Legal LLC,"2869 Maple Rd, Raleigh, NC 276175","1683 Main Blvd, Raleigh, NC 276073",(835) 899-3945,808-398-9391,pet,legal,0.9158974358974359,0.0,0.0,0.0,0.0,1.0,1.0,1.0,0.0,,0.0,1.0
B001236,R000054-398,source2,,ambiguous,0.4585714285714286,Ironwood Storage,Ironwood Landscaping Inc,"6576 Monroe Ave, Seattle, WA 981505","7641 Poplar Ct, Seattle, WA 981505",(563) 643-5342,545-229-8098,storage,landscaping,0.8533333333333333,0.0,0.0,0.0,1.0,1.0,1.0,1.0,0.0,,0.0,2.0
B000285,R000088-725,source2,,ambiguous,0.24428571428571422,Fernwood Roofing,Fernwood Pools Inc,"2578 Highland Rd, Raleigh, NC 276546","7556 Sycamore Rd Ste 361, Raleigh, NC 276746",(891) 940-1889,210-676-4712,null,pool,0.8946428571428571,0.0,0.0,0.0,0.0,1.0,1.0,1.0,0.0,,,1.0
B001166,R001166-122,source2,,certain_match,1.0,Lakeside Restaurant,Lakeside Restaurant LP,"3288 Maple Ln, Nashville, TN 372348","3288 Mape Ln, Nashville, TN 372348",(553) 900-5402,553-900-5402,,restaurant,1.0,1.0,1.0,1.0,1.0,1.0,1.0,1.0,1.0,,,3.0
B000626,L000316-382,source3,,certain_nonmatch,0.11428571428571432,Maple Hill Moving,Pinecrest Salon Shop,"7636 Washington Pl Ste 609, Aurora, IL 605604","5537 Hickory Pl, Aurora, IL 605604",,231-7066,restaurant,barber,0.5785247432306256,0.0,,,1.0,1.0,1.0,1.0,0.0,0.48021011720320805,0.0,1.0
B000176,R000629-834,source2,,ambiguous,0.1642857142857143,Windward Automotive,Glenmore Automotive Co,"9205 Washington St, Denver, CO 802633","9684 Lincoln Dr, Denver, CO 802633",-,985-491-5250,auto,auto,0.7125506072874495,0.0,,,1.0,1.0,1.0,1.0,0.0,,1.0,1.0
B000174,L000893-181,source3,,ambiguous,0.2285714285714286,N/A,Brookfield Insurance,"3945 Washington Pl, Denver, CO 802849",N/A,(252) 488-8108,(491) 668-1968,restaurant,insurance agency,,0.0,0.0,0.0,1.0,1.0,,1.0,,0.3753040604209904,0.0,2.0
B001280,R001114-611,source2,,ambiguous,0.4585714285714286,Amberly Electric,Amberly Landscaping Ltd,"1415 Hickory Rd, Kansas City, MO 641762","8930 Poplar St Ste 980, Kansas City, MO 641762",(925) 408-8232,801-244-9705,,landscaping,0.8532894736842106,0.0,0.0,0.0,1.0,1.0,1.0,1.0,0.0,,,2.0
B000069,R000237-795,source2,,certain_nonmatch,0.0,Pinecrest Storage Co,Brookfield Pet LLC,"2038 Willow Dr, Eugene, OR 974270","5917 Highland Ct, Eugene, OR 974270",(613) 478-8199,N/A,storage,pet,0.4271708683473389,0.0,,,1.0,1.0,0.0,1.0,0.0,,0.0,1.0
B000559,R001239-209,source2,,certain_match,0.8285714285714285,Elmhurst Automotive,Elmhurst Automotive Ltd,"7219 Maple Dr, Portland, OR 972781","8618 Maple Dr, Portland, OR 972781",(825) 602-2923,380-749-8216,auto,auto,1.0,1.0,0.0,0.0,1.0,1.0,1.0,1.0,0.0,,1.0,2.0
B000229,L000229-263,source3,,probable_match,0.7535714285714283,Copperfield Bicycle LP,-,"6526 Maple Rd Ste 677, Indianapolis, IN 462890","6526 Maplee Rd #677, Indianapolis, IN 462890",(781) 598-8856,(781) 598-8856,bike,cycling,,0.0,1.0,1.0,1.0,1.0,0.0,1.0,1.0,0.586363480449975,1.0,2.0
B000879,R001201-646-D,source2,,ambiguous,0.24428571428571422,Riverbend Automotive,Riverbend Coffee LP,"4362 Lake St Ste 203, Seattle, WA 981521","3204 Pine Ct, Seattle, WA 981215",(432) 835-6628,682-573-9880,auto,coffee,0.87,0.0,0.0,0.0,0.0,1.0,1.0,1.0,0.0,,0.0,1.0
B000272,R000910-338,source2,,ambiguous,0.24428571428571422,Windward Siding,Windward Furniture Inc,"2182 Sycamore Rd, Eugene, OR 974367","6053 Oak St Ste 253, Eugene, OR 974618",(271) 743-9228,227-308-9978,siding,furniture,0.8507070707070707,0.0,0.0,0.0,0.0,1.0,1.0,1.0,0.0,,0.0,1.0
B000871,R000871-152,source2,,certain_match,1.0,Amberly Electrical,Amberly Electrical Inc,"6044 Monroe Ave, Cleveland, OH 441558","6044 Monroe Ave, Cleveland, OH 441558",(905) 253-4254,905-253-4254,electrical,null,1.0,1.0,1.0,1.0,,,1.0,1.0,1.0,,,1.0
B001111,R001111-252,source2,,probable_match,0.7785714285714287,Stonegate Coffee,Stonegate Coffee Corp,"3696 Maple Rd, Boston, MA 021410","3669 Maple Rd, Boston, MA 021410",(877) 833-5173,752-541-5173,coffee,N/A,1.0,1.0,0.0,0.0,1.0,1.0,1.0,1.0,0.0,,,2.0
B000014,R000934-799,source2,,probable_match,0.24428571428571422,Amberly Childcare,Amberly Cleanrs Corp,"7974 Elm Pl Ste 322, Worcester, MA 016216","6608 Highland Dr, Worcester, MA 016735",(794) 953-8883,876-407-1269,childcare,cleaning,0.9108898944193061,0.0,0.0,0.0,0.0,1.0,1.0,1.0,0.0,,0.0,1.0
B000532,L000795-283,source3,,ambiguous,0.2142857142857143,Deepford Dental,Windward Cleaners,"3797 Lake Ct Ste 731, Pittsburgh, PA 152794",null,(573) 601-3004,(645) 588-0424,dental,dry cleaner,0.6263071895424837,0.0,0.0,0.0,1.0,1.0,,1.0,,0.34440518249777746,0.0,1.0
B001175,L001175-756,source3,,probable_match,0.40857142857142864,Quarry Hill Bicycle,Quarry Bike,"9669 Union Way, Kansas City, MO 641764","9669 Union Way, Kansas City, MO 641764",(936) 617-1108,-,restaurant,food services,0.8670813397129187,0.0,,,1.0,1.0,0.0,1.0,1.0,0.22698458057348259,1.0,2.0
B001168,L000386-417,source3,,ambiguous,0.2142857142857143,Cedar Grove Bakery,Sunset Hardware,"1573 Franklin Dr Ste 899, Raleigh, NC 276623",null,(548) 410-1643,,restaurant,building supply,0.575925925925926,0.0,,,1.0,1.0,,1.0,,0.4011118012510867,0.0,1.0
B001047,R001047-263,source2,,probable_match,0.4642857142857143,N/A,Blue Ridge Pet Ltd,"2654 Birch Ln Ste 606, Naperville, IL 605223","2654 Birch Ln Ste 606, Naperville, IL 605223",(262) 370-9815,980-332-9815,restaurant,restaurant,,0.0,0.0,0.0,1.0,1.0,1.0,1.0,1.0,,1.0,1.0
B000602,R001200-622,source2,,ambiguous,0.24428571428571422,Windward Insurance,Windward Autmootive LP,"6327 Walnut Way Ste 453, Columbus, OH 432203","4736 Poplar Ln, Columbus, OH 432718",(516) 656-9191,981-841-3762,insurance,auto,0.865901934322987,0.0,0.0,0.0,0.0,1.0,1.0,1.0,0.0,,0.0,1.0
B001110,R000497-113-D,source2,,ambiguous,0.24428571428571422,Copperfield Plumbing,Copperfield Electric LPo,"3107 Liberty Pl, Charlotte, NC 282167","8861 Sycamore Ct, Charlotte, NC 282328",(330) 612-0161,511-653-4485,plumbing,electric,0.8616666666666667,0.0,0.0,0.0,0.0,1.0,1.0,1.0,0.0,,0.0,1.0
B000463,L000290-414,source3,,certain_nonmatch,0.0,Amberly Legal,Willowbrook Bakery,"9580 Cedar Rd, Springfield, IL 627114","3818 Cherry Way, Springfield, IL 627250",(210) 243-9520,543-0023,legal,bakeries,0.4995929995929996,0.0,,0.0,0.0,1.0,0.0,1.0,0.0,0.4959660791448687,0.0,1.0
B000591,L000879-134,source3,,ambiguous,0.2142857142857143,Cedar Grove Plumbing,Riverbend Auto,"1314 Lincoln Ct, Seattle, WA 981521",-,(279) 311-2699,(432) 835-6628,restaurant,,0.6047619047619048,0.0,0.0,0.0,1.0,1.0,,1.0,,0.33733687821403613,,1.0
B000470,R000613-704,source2,,ambiguous,0.24428571428571422,Cedar Grove Automotive,Cedar Grove Coffee LLC,"513 Washington Rd Ste 296, Kansas City, MO 641252","7857 Walnut Rd Ste 471, Kansas City, MO 641762",,653-811-8570,restaurant,N/A,0.8828282828282829,0.0,,,0.0,1.0,1.0,1.0,0.0,,,1.0
B000678,L001099-663,source3,,certain_nonmatch,0.0,Amberly Bicycle,Grandview Plumbing,"3150 Birch Dr Ste 337, Cleveland, OH 441603","3008 Highland Way, Cleveland, OH 441459",,(792) 429-1853,bike,plumber,0.4756613756613757,0.0,,,0.0,1.0,0.0,1.0,0.0,0.34658357165386044,0.0,1.0
B000670,L000800-164,source3,,certain_nonmatch,0.0942857142857143,Quarry Hill Coffee,Quarry Hill Childcare,"4176 Poplar Dr Ste 615, Austin, TX 787233","1268 Union Ln, Austin, TX 787296",(317) 958-7583,638-8529,restaurant,food services,0.888888888888889,0.0,,0.0,,,0.0,1.0,0.0,0.8723530202895743,1.0,1.0
B000652,R000787-871,source2,,certain_nonmatch,0.0,Riverbend Electrical,Thistledown Moving Co,"4362 Park Blvd, Boston, MA 021410","6261 Highland Ave, Boston, MA 021410",(334) 641-3385,577-211-1966,electrical,moving,0.48439153439153443,0.0,0.0,0.0,1.0,1.0,1.0,1.0,0.0,,0.0,1.0
B000687,R000777-255,source2,,certain_nonmatch,0.0,Elmhurst Legal,Copperfield Siding Inc,"1008 Lincoln Rd, Denver, CO 802370","4212 Broadway Dr, Denver, CO 802370",(857) 354-9413,531-470-2224,legal,siding,0.5343915343915344,0.0,0.0,0.0,1.0,1.0,1.0,1.0,0.0,,0.0,1.0
B001091,R000184-488,source2,,probable_match,0.2942857142857142,Blue Ridge Barber,Blue Ridge Childcare Inc,"263 Franklin Dr Ste 888, Columbus, OH 432665","9190 Chestunt Pl, Columbus, OH 432733",(294) 905-8306,215-480-5140,restaurant,restaurant,0.9047058823529411,0.0,0.0,0.0,0.0,1.0,1.0,1.0,0.0,,1.0,1.0
B000393,L000393-281,source3,,probable_match,0.7978571428571428,Maple Hill Plumbing LP,Maple Plumbing,"1182 Union Way, Savannah, GA 314686","359 Broadway St, Savannah, GA 314686",(671) 934-5434,(671) 934-5434,restaurant,cafe,0.9187969924812031,0.0,1.0,1.0,1.0,1.0,0.0,1.0,0.0,0.41965993191190365,1.0,3.0
B001296,R001296-134,source2,,certain_match,1.0,Copperfield Hardware LLC,Copperfield Hardware LLC,"4495 Chestnut Blvd, Dallas, TX 752650","4495 Chestut Blvd, Dallas, TX 752650",(773) 630-3242,928-491-3242,hardware,hardware,1.0,1.0,0.0,0.0,1.0,1.0,1.0,1.0,1.0,,1.0,2.0
B000332,L000920-286,source3,,ambiguous,0.12857142857142856,Cedar Grove Dental Co,Cedar Childcare,"2223 Liberty Pl, Boston, MA 021274","Cedar Ln, Boston, MA 021274",(230) 377-3158,(526) 394-9145,restaurant,eating places,0.8325252525252526,0.0,0.0,0.0,1.0,1.0,0.0,1.0,,0.514760523546131,1.0,2.0
B000716,L000716-365,source3,,probable_match,0.6535714285714287,Havenwood Floral,Havenwood Floral,"713 Union Ln Ste 384, Dallas, TX 752284","713A Unon Ln #384, Dallas, TX 752284",(746) 659-5181,659-5181,floral,flower shop,1.0,1.0,,1.0,1.0,1.0,0.0,1.0,0.0,0.525062550065811,1.0,2.0
B000453,L001066-839-U,source3,,ambiguous,0.2142857142857143,Clearwater Dental,Harborview Restaurant,"2552 Park Way Ste 635, Tucson, AZ 857944",-,(553) 493-7687,891-4400,dental,food services,0.6202147525676938,0.0,,0.0,0.0,1.0,,1.0,,0.5229118130699758,0.0,1.0
B000708,R001150-737,source2,,certain_nonmatch,0.11428571428571432,Riverbend Electric Corp,Silver Lake Pet LP,"7078 Washington Pl, Columbus, OH 432203","7663 Hickory Ave Ste 901, Columbus, OH 432203",(899) 550-4282,266-662-3500,electric,restaurant,0.5888888888888889,0.0,0.0,0.0,1.0,1.0,1.0,1.0,0.0,,0.0,1.0
B000552,R001134-786,source2,,ambiguous,0.24428571428571422,Kensington Insurance,Kensington Electric Corp,"4303 Elm Way, Pittsburgh, PA 152057","3925 Monroe Ct, Pittsburgh, PA 152234",(213) 495-7353,790-214-5225,N/A,electric,0.8812280701754386,0.0,0.0,0.0,0.0,1.0,1.0,1.0,0.0,,,1.0
B000040,L000040-641,source3,,probable_match,0.6785714285714286,Willowbrook Electric,Willowbrook Electrical,"7940 Sycamore Dr Ste 550, Philadelphia, PA 191655","7940 Sycamore Dr, Philadelphia, PA 191655",,N/A,null,electricians,0.9818181818181818,1.0,,,1.0,1.0,0.0,1.0,1.0,0.33433459577779473,,2.0
B000880,R000880-366,source2,,probable_match,0.4642857142857143,Maple Hill Electrical Co,-,"3371 Pine Dr, Worcester, MA 016965","3371 Pineo Dr, Worcester, MA 016965",(853) 494-9769,522-408-9769,restaurant,restaurant,,0.0,0.0,0.0,1.0,1.0,1.0,1.0,1.0,,1.0,1.0
B001080,L001080-891,source3,,certain_match,0.9535714285714287,Deepford Automotive,Deepford Auto,"9059 Hickory Way, Denver, CO 802849","9059 Hickory Way, Denver, CO 802849",(758) 383-4432,383-4432,auto,automotive,0.9368421052631579,1.0,,1.0,1.0,1.0,0.0,1.0,1.0,0.3557661610111406,1.0,2.0
B000321,R001250-735,source2,,ambiguous,0.1642857142857143,Thistledown Accounting LLC,Foxglove Accounting LP,"4314 Willow Ct, Cleveland, OH 441429","2497 Park Dr Ste 445, Cleveland, OH 441429",(476) 777-1009,498-620-8539,accounting,accounting,0.6958304853041696,0.0,0.0,0.0,1.0,1.0,1.0,1.0,0.0,,1.0,1.0
B001226,R000852-325,source2,,certain_match,0.8285714285714285,Amberly Accounting,Amberly Accounting Ltd,"5379 Cherry Pl, Cleveland, OH 441225","2665 Cherry Pl, Cleveland, OH 441225",(646) 386-7433,876-905-7167,accounting,accounting,1.0,1.0,0.0,0.0,1.0,1.0,1.0,1.0,0.0,,1.0,2.0
B000880,R000514-825,source2,,probable_match,0.2942857142857142,Maple Hill Electrical Co,Maple Hill Cleaners LLC,"3371 Pine Dr, Worcester, MA 016965","7925 Union Pl, Worcester, MA 016735",(853) 494-9769,495-637-9975,restaurant,restaurant,0.9173227185611086,0.0,0.0,0.0,0.0,1.0,1.0,1.0,0.0,,1.0,1.0
B000440,L000746-908,source3,,ambiguous,0.2142857142857143,Eastgate Printing Inc,Deepford Insurance,"8172 Jefferson Ln Ste 817, Phoenix, AZ 850747",null,(574) 610-4581,(340) 534-7606,printing,insurance agency,0.596677559912854,0.0,0.0,0.0,,,,1.0,,0.5019417209845874,0.0,1.0
B000253,R000777-255,source2,,certain_nonmatch,0.11428571428571432,Thistledown Printing,Copperfield Siding Inc,"5767 Willow Ave, Denver, CO 802370","4212 Broadway Dr, Denver, CO 802370",(923) 504-9669,531-470-2224,printing,siding,0.6625356125356126,0.0,0.0,0.0,1.0,1.0,1.0,1.0,0.0,,0.0,1.0
B000597,L000440-106,source3,,certain_nonmatch,0.0,Northstar Optometry,Eastgate Printing,-,"8172 Jefferson Ln #817, Phoenix, AZ 850747",(747) 508-1990,(574) 610-4581,optometry,printing and copy centers,0.5565875472996216,0.0,0.0,0.0,,,0.0,1.0,,0.6739028241736464,0.0,1.0
B000478,R000201-824,source2,,ambiguous,0.24428571428571422,Glenmore Barber,Glenmore Plumbing Inc,"619 Willow Rd, Raleigh, NC 276623","2696 Chestnut Pl, Raleigh, NC 276175",(472) 575-9538,320-896-3365,beauty,plumbing,0.8509803921568627,0.0,0.0,0.0,0.0,1.0,1.0,1.0,0.0,,0.0,1.0
B000937,L000464-454,source3,,certain_nonmatch,0.0,Grandview Pharmacy,Eastgate Childcareu,"5186 Market St Ste 700, Charlotte, NC 282947","1467 Lake Rd #193, Charlotte, NC 282947",(576) 728-0232,(834) 546-0983,pharmacy,daycare,0.5939571150097466,0.0,0.0,0.0,1.0,1.0,0.0,1.0,0.0,0.15106130992186942,0.0,2.0
B000198,R000198-536,source2,,probable_match,0.7285714285714284,Meridian Hardware,Meridian Hardware LP,"5096 Market Pl Ste 402, Denver, CO 802633","5096 Market Pl Ste 402, Denver, CO 802633",(830) 426-3590,-,hardware,hardware,1.0,1.0,,,1.0,1.0,0.0,1.0,1.0,,1.0,2.0
B001049,L001049-781,source3,,probable_match,0.42857142857142877,Deepford Coffee,Deepford Coffee,"322 Union Dr, Spokane, WA 992642","322A Union Dr, Spokane, WA 992642",(442) 756-9044,-,coffee,coffee shop,1.0,1.0,,,1.0,1.0,0.0,1.0,0.0,0.10209192750457757,1.0,2.0
B000365,L000451-700,source3,,certain_nonmatch,0.0,Kensington Optometry,Eatsgate Floral,"8571 Market Ln, New Orleans, LA 701598","8988 Willow Pl, New Orleans, LA 701408",(644) 877-4072,805-9790,optometry,flowers,0.5722222222222223,0.0,,0.0,0.0,1.0,0.0,1.0,0.0,0.536762188714811,0.0,1.0
B000390,L001215-476,source3,,probable_match,0.2585714285714286,Clearwater Electrical,Clearwater Floral,"5259 Lincoln Blvd, Seattle, WA 981224","Broadway Ave, Seattle, WA 981224",N/A,(665) 940-3253,electrical,florists,0.919327731092437,0.0,,,1.0,1.0,0.0,1.0,,0.5559666114139943,0.0,2.0
B001262,L000939-207,source3,,probable_match,0.22857142857142854,Deepford Restaurant,Deepford Resaurant,"8045 Pine Ave Ste 885, Naperville, IL 605030","1416 Pine Ave #741, Naperville, IL 605030",(672) 272-5222,(986) 373-0171,restaurant,food services,0.956140350877193,0.0,0.0,0.0,1.0,1.0,0.0,1.0,0.0,2.111719209064794,1.0,2.0
B001081,R001123-186,source2,,ambiguous,0.31428571428571433,Thistledown Bakery,Clearwater Bicycle Co,N/A,"3869 Union Ct Ste 274, Rochester, MN 559142",(690) 340-5167,424-302-5290,bakery,bike,0.5703703703703704,0.0,0.0,0.0,1.0,1.0,1.0,1.0,,,0.0,1.0
B000962,R000354-161,source2,,ambiguous,0.1642857142857143,Silver Lake Bakery Co,Blue Ride Optometry LLC,"6494 Franklin Way, Naperville, IL 605030","1898 Jefferson St, Naperville, IL 605030",(742) 261-8392,761-458-7772,restaurant,restaurant,0.62729044834308,0.0,0.0,0.0,1.0,1.0,1.0,1.0,0.0,,1.0,1.0
B000282,R000282-852,source2,,certain_match,0.8285714285714285,Blue Ridge Dental,Blue Ridge Dental LLC,"208 Market Rd Ste 111, Pittsburgh, PA 152786","280 Market Rd Ste 111, Pittsburgh, PA 152786",(709) 555-8568,null,restaurant,restaurant,1.0,1.0,,,1.0,1.0,1.0,1.0,0.0,,1.0,2.0
B000928,L000700-530,source3,,ambiguous,0.2285714285714286,Silver Lake Dental,Fairview Bike,"1634 Highland Ct, Portland, OR 972094",-,(683) 585-4771,(529) 611-9648,restaurant,null,0.5616096866096866,0.0,0.0,0.0,1.0,1.0,,1.0,,0.0613701714078082,,2.0
B001211,R001157-111,source2,,certain_match,0.8285714285714285,Highland Hardware,Highland Hardware LP,"2993 Pine Blvd Ste 883, Eugene, OR 974618","9209 Pinea Blvd, Eugene, OR 974618",(450) 524-2381,641-709-5402,hardware,hardware,1.0,1.0,0.0,0.0,1.0,1.0,1.0,1.0,0.0,,1.0,2.0
B000519,L000731-854,source3,,ambiguous,0.2142857142857143,Silver Lake Electric,Thistledown Cleaners,"5537 Broadway Blvd, Cleveland, OH 441459",-,(237) 861-2224,,restaurant,dry cleaner,0.6090909090909091,0.0,,,0.0,1.0,,,,0.16906379979422564,0.0,1.0
B000263,L000546-917-U,source3,,probable_match,0.1785714285714285,Quarry Hill Pools,Quarry Hill Salon,"2079 Market Dr, Chicago, IL 606142","2753 Birch Ln, Chicago, IL 606104",(350) 928-5277,(788) 951-5431,restaurant,beauty salons,0.9396078431372549,0.0,0.0,0.0,0.0,1.0,0.0,1.0,0.0,0.4687356627586326,0.0,2.0
B000416,L000016-878,source3,,ambiguous,0.2142857142857143,,Ironwood Roofing,"9235 Sycamore Pl Ste 836, Cleveland, OH 441284",null,(878) 490-1404,(323) 783-4033,pool,roofer,,0.0,0.0,0.0,0.0,1.0,,1.0,,0.06390031558488117,0.0,1.0
B000602,L000602-573,source3,,certain_match,1.0,Windward Insurance,Windward Insurance,"6327 Walnut Way Ste 453, Columbus, OH 432203","6327 Walnut Way, Columbus, OH 432203",(516) 656-9191,(516) 656-9191,insurance,insurance agencies,1.0,1.0,1.0,1.0,1.0,1.0,0.0,1.0,1.0,0.5870659754191435,1.0,3.0
B000394,R000394-343-D,source2,,probable_match,0.48928571428571427,Northstar Restaurant,Northstar Restaurant Inc,"4128 Cherry St Ste 941, Aurora, IL 605558","5633 Market Pl, Chicago, IL 606412",(465) 617-6357,465-617-6357,-,restaurant,1.0,1.0,1.0,1.0,0.0,0.0,0.0,1.0,0.0,,,1.0
B000585,R000876-252,source2,,ambiguous,0.2942857142857142,Silver Lake Floral,Silver Lake Siding Corp,"6642 Pine Rd, Austin, TX 787296","3689 Broadway Pl, Austin, TX 787081",(842) 675-0022,561-471-1938,restaurant,restaurant,0.8666666666666666,0.0,0.0,0.0,0.0,1.0,1.0,1.0,0.0,,1.0,1.0
B000154,L000154-662,source3,,probable_match,0.27857142857142864,Highland Legal,Hgihland Legal,"4844 Park Ave, Naperville, IL 605616","Pak Ave, Naperville, IL 605616",(637) 370-7272,null,legal,law office,0.9785714285714286,0.0,,,1.0,1.0,0.0,1.0,,0.3116393548319835,1.0,2.0
B000290,R000290-177,source2,,certain_match,1.0,Willowbrook Bakery,Willowbrook Bakery LLC,"3818 Cherry Way Ste 959, Springfield, IL 627250","3881 Chrery Way Ste 959, Springfield, IL 627250",(210) 543-0023,210-543-0023,bakery,bakery,1.0,1.0,1.0,1.0,1.0,1.0,1.0,1.0,0.0,,1.0,3.0
B000075,L000656-990,source3,,certain_nonmatch,0.0,Havenwood Accounting,,"7243 Liberty Ct Ste 373, Charlotte, NC 282276","6467 Broadway Way, Charlotte, NC 282276",(335) 494-7178,794-2938,accounting,fitness centers and gyms,,0.0,,0.0,1.0,1.0,0.0,1.0,0.0,0.32646565476482087,0.0,2.0
B001063,L000825-595,source3,,ambiguous,0.2142857142857143,Sunset Bicycle,Highland Electrical,"1489 Franklin Ct Ste 265, Spokane, WA 992881",N/A,(931) 969-9023,488-5854,bike,electrician,0.5944026733500417,0.0,,0.0,1.0,1.0,,1.0,,0.29980989846609235,0.0,1.0
B000645,R000790-647,source2,,probable_match,0.4585714285714286,Riverbend Barber,Riverbend Hardware LLC,"6365 Main Blvd, New Orleans, LA 701597","9089 Willow Rd, New Orleans, LA 701598",(462) 508-1478,241-331-9422,beauty,hardware,0.9162698412698412,0.0,0.0,0.0,1.0,1.0,1.0,1.0,0.0,,0.0,2.0
B000222,R000047-521,source2,,ambiguous,0.5085714285714287,Quarry Hill Bakery,Quarry Hill Landscaping Co,"2475 Main Blvd Ste 566, Kansas City, MO 641574","318 Union Ave, Kansas City, MO 641574",(262) 832-7916,430-865-1124,restaurant,restaurant,0.8574879227053139,0.0,0.0,0.0,1.0,1.0,1.0,1.0,0.0,,1.0,2.0
B000723,R000352-687,source2,,probable_match,0.24428571428571422,Foxglove Plumbing,Foxglove Moving Co,"5596 Washington Blvd, Indianapolis, IN 462163","314 Lake Rd Ste 234, Indianapolis, IN 462890",(909) 678-9826,213-476-9661,plumbing,moving,0.9262745098039216,0.0,0.0,0.0,0.0,1.0,1.0,1.0,0.0,,0.0,1.0
B000336,L000336-368,source3,,probable_match,0.42857142857142855,Kensington Pharmacy,Kensington Pahrmacy,"6710 Spruce Blvd Ste 899, Nashville, TN 372220","Spruce Blvd, Nashville, TN 372220",(210) 685-2167,-,pharmacy,pharmacies,0.9894736842105263,0.0,,,1.0,1.0,0.0,1.0,,0.5887776582533141,1.0,2.0
B000119,L001292-639,source3,,probable_match,0.16428571428571426,Northstar Electrical,Northstar Electricalo,"3350 Park St, Denver, CO 802643","899 Pine Dr #806, Denver, CO 802633",(983) 461-4742,(974) 650-0507,electrical,electricians,0.9904761904761905,1.0,0.0,0.0,0.0,1.0,0.0,1.0,0.0,2.398884033655258,0.0,1.0
B000310,R000212-424,source2,,ambiguous,0.4585714285714286,Foxglove Electrical,Foxglove Pharmacy Ltd,"5027 Union Rd, Pittsburgh, PA 152786","5223 Market Way, Pittsburgh, PA 152786",(382) 946-0029,911-343-3012,electrical,pharmacy,0.8508255933952528,0.0,0.0,0.0,1.0,1.0,1.0,1.0,0.0,,0.0,2.0
B000769,L001034-560-U,source3,,certain_nonmatch,0.0,Quarry Hill Gym LP,Brookfield Optometry,"7061 Pine Dr Ste 290, Boulder, CO 803677","1688 Cedar St, Boulder, CO 803071",(338) 402-7970,(219) 243-3161,restaurant,opticians and ophthalmologists,0.45555555555555555,0.0,0.0,0.0,0.0,1.0,0.0,1.0,0.0,0.18313920733704142,0.0,1.0
B001134,L000795-283-U,source3,,ambiguous,0.5442857142857143,Kensington Electric,Kensington Storage,"3925 Monroe Ct, Pittsburgh, PA 152234",null,(790) 214-5225,(645) 588-0424,electric,storage units,0.8886382623224728,0.0,0.0,0.0,0.0,1.0,,1.0,,0.34440518249777746,0.0,1.0
B000941,R000941-379,source2,,certain_match,1.0,Grandview Hardware,Grandview Hardware LP,"7203 Highland Dr Ste 463, Eugene, OR 974618","7203 Highland Dr Ste 463, Eugene, OR 974618",,573-557-8569,hardware,null,1.0,1.0,,,1.0,1.0,1.0,1.0,1.0,,,2.0
B000860,R000135-999,source2,,ambiguous,0.4585714285714286,Elmhurst Accounting,Elmhurst Moving Inc,"2596 Spruce Pl, Dallas, TX 752887","2254 Elm Blvd Ste 964, Dallas, TX 752887",(398) 820-0484,720-989-8843,accounting,moving,0.8947908232118758,0.0,0.0,0.0,1.0,1.0,1.0,1.0,0.0,,0.0,2.0
B000607,L000162-785,source3,,certain_nonmatch,0.0,Willowbrook Bicycle,Glenmore Electrical,"1094 Hickory Dr, Naperville, IL 605517","3879 Franklin Blvd, Naperville, IL 605223",(693) 779-7144,(768) 786-6044,bike,electrician,0.5508771929824561,0.0,0.0,0.0,0.0,1.0,0.0,1.0,0.0,0.3564113369946998,0.0,1.0
B001140,R001050-804,source2,,ambiguous,0.31428571428571433,N/A,Glenmore Printing Inc,"586 Park Pl Ste 169, Atlanta, GA 303854",-,(489) 262-4455,778-344-8251,restaurant,printing,,0.0,0.0,0.0,1.0,1.0,1.0,1.0,,,0.0,1.0
B001124,R000696-909,source2,,ambiguous,0.24428571428571422,Fernwood Accounting Ltd,Fernwood Childcare LP,"2414 Broadway Rd, Austin, TX 787233","8409 Spruce Rd Ste 317, Austin, TX 787081",(722) 602-9167,553-324-2569,accounting,childcare,0.865901934322987,0.0,0.0,0.0,0.0,1.0,1.0,1.0,0.0,,0.0,1.0
B000841,R000880-366,source2,,ambiguous,0.31428571428571433,Glenmore Gym,-,-,"3371 Pineo Dr, Worcester, MA 016965",(839) 641-0655,522-408-9769,fitness,restaurant,,0.0,0.0,0.0,1.0,1.0,1.0,1.0,,,0.0,1.0
B000732,L000930-989,source3,,ambiguous,0.2285714285714286,Glenmore Printing,Lakeside Automotive,"7661 Jefferson Way, Phoenix, AZ 850470",,(525) 479-6264,(759) 711-5128,printing,tires,0.5888802889576884,0.0,0.0,0.0,1.0,1.0,,1.0,,0.35907679337540954,0.0,2.0
B000430,L000075-629,source3,,certain_nonmatch,0.0,Brookfield Electrical,Havenwood Accoutning,"6619 Poplar Blvd Ste 279, Charlotte, NC 282388","7243 Liberty Ct, Charlotte, NC 282276",(719) 309-9152,(335) 494-7178,,cpa,0.5587301587301586,0.0,0.0,0.0,0.0,1.0,0.0,1.0,0.0,0.33133752081775497,,1.0
B000232,R001240-870,source2,,ambiguous,0.24428571428571422,Thistledown Pet,Thistledown Accounting Corp,"4840 Franklin Way Ste 175, Cleveland, OH 441558","7357 Willow Ct, Cleveland, OH 441429",(475) 357-6225,431-412-0728,pet,accounting,0.8915151515151515,0.0,0.0,0.0,0.0,1.0,1.0,1.0,0.0,,0.0,1.0
B001039,R001039-780,source2,,certain_match,1.0,Fernwood Electrical,Fernwood Electrical Ltd,"2401 Franklin Way Ste 882, Seattle, WA 981224","2401 Franklin Way Ste 882, Seattle, WA 981224",,null,electrical,electrical,1.0,1.0,,,1.0,1.0,1.0,1.0,1.0,,1.0,2.0
B000545,L000545-600,source3,,certain_match,1.0,Windward Coffee,Windward Coffee,"1312 Elm Ct, Raleigh, NC 276546","1312 Elm Ct, Raleigh, NC 276546",(969) 997-4578,(969) 997-4578,coffee,null,1.0,1.0,1.0,1.0,1.0,1.0,0.0,1.0,1.0,0.7086054077848584,,3.0
B000894,L001066-839,source3,,ambiguous,0.2142857142857143,Acme Hardware,Bramblewood Bicycle,"3454 Walnut Pl, Tucson, AZ 857565",-,(600) 725-1028,891-4400,hardware,cycling,0.5538124156545209,0.0,,0.0,0.0,1.0,,1.0,,0.5229118130699758,0.0,1.0
B000536,R000987-497,source2,,ambiguous,0.24428571428571422,Willowbrook Hardware,Willowbrook Printing Co,"9408 Monroe Ave, Pittsburgh, PA 152234","9348A Market Dr, Pittsburgh, PA 152841",(811) 674-5330,518-409-4466,hardware,printing,0.86,0.0,0.0,0.0,0.0,1.0,1.0,1.0,0.0,,0.0,1.0
B001098,R000487-898,source2,,certain_nonmatch,0.0,Eastgate Gym,Blue Ridge Electrical Corp,"5555 Walnut Ct Ste 546, Charlotte, NC 282250","226 Chestnut Rd, Charlotte, NC 282250",(801) 921-0452,365-632-7719,fitness,restaurant,0.484920634920635,0.0,0.0,0.0,1.0,1.0,1.0,1.0,0.0,,0.0,1.0
B001065,R001065-300,source2,,certain_match,1.0,Kensington Childcare,Kensington Childcare LLC,"9345 Spruce Rd, Denver, CO 802633","9345 Spruce Rd, Denver, CO 802633",(571) 261-4967,571-261-4967,childcare,childcare,1.0,1.0,1.0,1.0,1.0,1.0,1.0,1.0,1.0,,1.0,3.0
B001171,L000095-548,source3,,ambiguous,0.2642857142857143,Maple Hill Restaurant LP,Windwrd Restaurant,"2105 Washington Rd, Rochester, MN 559658",N/A,(278) 470-2726,(967) 888-4295,restaurant,cafes,0.6349206349206349,0.0,0.0,0.0,0.0,1.0,,1.0,,0.19573685558249712,1.0,1.0
B000671,R000945-452,source2,,ambiguous,0.4585714285714286,Bramblewood Automotive,Bramblewood Pools Inc,"4877 Chestnut Way, Aurora, IL 605604","8192 Washnigton Blvd Ste 409, Aurora, IL 605604",(976) 886-7371,296-547-6292,auto,pool,0.8919786096256684,0.0,0.0,0.0,1.0,1.0,1.0,1.0,0.0,,0.0,2.0
B000558,L000733-511,source3,,certain_nonmatch,0.0,Cedar Grove Pharmacy,Silvre Hardware,"5299 Highland Dr Ste 175, Austin, TX 787296","1244 Walnut Blvd, Austin, TX 787296",(264) 591-6366,725-8956,restaurant,food services,0.6095959595959596,0.0,,0.0,1.0,1.0,0.0,1.0,0.0,0.18394230681114018,1.0,1.0
B000559,L000265-848,source3,,ambiguous,0.2142857142857143,Elmhurst Automotive,Glenmore Salon,"7219 Maple Dr, Portland, OR 972781",N/A,(825) 602-2923,(296) 948-7511,auto,barber,0.5944026733500417,0.0,0.0,0.0,0.0,1.0,,1.0,,0.08929633037132767,0.0,1.0
B000582,R001138-266,source2,,ambiguous,0.24428571428571422,Kensington Siding,Kensington Storage Co,"84 Jefferson Rd, Spokane, WA 992048","2417 Cherry Pl, Spokane, WA 992156",(682) 951-8261,781-540-6729,siding,storage,0.8973856209150327,0.0,0.0,0.0,0.0,1.0,1.0,1.0,0.0,,0.0,1.0
B000099,L000856-376,source3,,ambiguous,0.2142857142857143,Fernwood Printing,Ironwood Bicycle,"6071 Washington Dr, Boulder, CO 803196",,(572) 301-6018,785-6265,printing,bicycle dealers,0.6151960784313726,0.0,,0.0,0.0,1.0,,1.0,,0.05721920336155616,0.0,1.0
B000258,L000258-911,source3,,certain_match,1.0,Silver Lake Storage,Silver Storage,"536 Highland Blvd Ste 395, Minneapolis, MN 554217","536 Highland Blvd, Minneapolis, MN 554217",(669) 779-8115,(669) 779-8115,restaurant,food services,0.9045112781954887,0.0,1.0,1.0,1.0,1.0,0.0,1.0,1.0,0.25936893072403977,1.0,4.0
B000743,L000027-518,source3,,ambiguous,0.2285714285714286,Bramblewood Printing,Brookfield Hardware,"5389 Poplar Blvd, Rochester, MN 559146",null,(674) 789-0640,N/A,printing,home improvement,0.6187400318979267,0.0,,,1.0,1.0,,1.0,,0.4897748996276978,0.0,2.0
B000384,R000656-557,source2,,probable_match,0.24428571428571422,Stonegate Plumbing,Stonegate Gym Corp,"6026 Liberty Ct, Charlotte, NC 282947","6467 Broadway Way, Charlotte, NC 282276",(818) 401-3170,243-794-2938,plumbing,fitness,0.9012820512820513,0.0,0.0,0.0,0.0,1.0,1.0,1.0,0.0,,0.0,1.0
B000970,R000970-695,source2,,probable_match,0.4642857142857143,Kensington Landscaping,N/A,"7572 Broadway Dr, Cleveland, OH 441603","7572 Broadway Dr, Cleveland, OH 441603",,962-842-2157,landscaping,landscaping,,0.0,,,1.0,1.0,1.0,1.0,1.0,,1.0,1.0
B000335,R000321-772,source2,,ambiguous,0.1642857142857143,Foxglove Accounting,Thistledown Accounting LLC,"1481 Park Dr Ste 150, Cleveland, OH 441429","4314 Willow Ct, Cleveland, OH 441429",(786) 998-3511,476-777-1009,accounting,accounting,0.6958304853041696,0.0,0.0,0.0,1.0,1.0,1.0,1.0,0.0,,1.0,1.0
B000411,L000411-578,source3,,certain_match,1.0,Fairview Insurance,FairviewInsurance,"9629 Sycamore Way, Philadelphia, PA 191655","9629 Sycamore Way, Philadelphia, PA 191655",(730) 457-6165,(730) 457-6165,insurance,insurance agency,0.9888888888888889,0.0,1.0,1.0,1.0,1.0,0.0,1.0,1.0,0.3204185645847429,1.0,4.0
B001060,L001060-186,source3,,probable_match,0.42857142857142877,Amberly Automotive,Amberly Automotive,"3175 Poplar Way, Worcester, MA 016735","3157 Poplar Way, Worcester, MA 016735",(458) 506-8879,N/A,auto,car repair,1.0,1.0,,,1.0,1.0,0.0,1.0,0.0,0.3135526032309939,1.0,2.0
B000897,R000124-911,source2,,ambiguous,0.1642857142857143,Eastgate Legal,,"3877 Cedar Blvd, Minneapolis, MN 554217","8364 Sycamore Rd Ste 622, Minneapolis, MN 554217",-,558-559-2419,legal,legal,,0.0,,,1.0,1.0,1.0,1.0,0.0,,1.0,1.0
B001233,R001233-522,source2,,probable_match,0.7428571428571429,Acme Landscaping,Acme Landscaping LP,"2654 Union Pl Ste 567, Spokane, WA 992112","2654 Union Pl Ste 567, Spokane, WA 992112",-,561-628-3081,landscaping,landscaping,1.0,1.0,,,1.0,1.0,0.0,1.0,1.0,,1.0,3.0
B000912,L000912-684,source3,,certain_match,0.967857142857143,Windward Pharmacy,Winwdard Pharmacy,"6863 Lake Blvd, Dallas, TX 752103","Lake Blvd, Dallas, TX 752103",(751) 450-6678,(751) 450-6678,pharmacy,drugstore,0.9862745098039216,0.0,1.0,1.0,1.0,1.0,0.0,1.0,,0.521141284558855,1.0,3.0
B000800,R000800-206,source2,,certain_match,1.0,Quarry Hill Childcare,Quarry Hill Childcare Co,"5800 Franklin Rd, Austin, TX 787296","5800 Franklin Rd, Austin, TX 787296",(483) 638-8529,713-642-8529,restaurant,restaurant,1.0,1.0,0.0,0.0,1.0,1.0,1.0,1.0,1.0,,1.0,3.0
B000485,L001219-978,source3,,ambiguous,0.2142857142857143,Ironwood Coffee,N/A,"5985 Walnut Way Ste 452, Pittsburgh, PA 152234",-,(872) 224-4994,486-7321,coffee,-,,0.0,,0.0,1.0,1.0,,1.0,,1.9076065138335192,,1.0
B001158,L000120-542,source3,,certain_nonmatch,0.0,Glenmore Pet,Copperfield Coffee,"8052 Broadway Ave Ste 676, Springfield, IL 627250","7056 Pine Ct #645, Springfield, IL 627250",(900) 385-3349,712-9154,pet,coffee and tea shops,0.6203703703703703,0.0,,0.0,1.0,1.0,0.0,1.0,0.0,0.26914076872986964,0.0,1.0
B000876,R000876-252,source2,,certain_match,1.0,Silver Lake Siding,Silver Lake Siding Corp,"469 Birch Rd, Austin, TX 787081","3689 Broadway Pl, Austin, TX 787081",(561) 471-1938,561-471-1938,restaurant,restaurant,1.0,1.0,1.0,1.0,,,1.0,1.0,0.0,,1.0,1.0
B000567,L000567-669,source3,,probable_match,0.5285714285714285,Kensington Pools LP,Kensington Poolu,"2320 Birch St, Aurora, IL 605604","2320 Birch St, Aurora, IL 605604",(834) 246-3976,N/A,pool,pool service,0.975,0.0,,,1.0,1.0,0.0,1.0,1.0,0.21800181937339333,1.0,2.0
B000263,L001151-957,source3,,certain_nonmatch,0.0,Quarry Hill Pools,Glnmore Coffee,"2079 Market Dr, Chicago, IL 606142","9003 Broadway Ave #276, Chicago, IL 606228",(350) 928-5277,(250) 968-5137,restaurant,coffee shop,0.46358543417366943,0.0,0.0,0.0,0.0,1.0,0.0,1.0,0.0,0.6052988104569169,0.0,1.0
B000205,R000495-502,source2,,probable_match,0.24428571428571422,Sunset Moving,Sunset Plumbing Ltd,"6267 Willow Way, Philadelphia, PA 191224","8870 Broadway Rd, Philadelphia, PA 191704",(585) 282-8835,517-905-8582,moving,plumbing,0.9158974358974359,0.0,0.0,0.0,0.0,1.0,1.0,1.0,0.0,,0.0,1.0
B001009,L000651-623,source3,,certain_nonmatch,0.0,Stonegate Floral,Stonegate Bakery,"6603 Main Way, Naperville, IL 605223","9249 Cedar Ln, Aurora, IL 605604",(552) 597-6142,(665) 889-8096,floral,bakeries,0.8833333333333333,0.0,0.0,0.0,0.0,1.0,0.0,1.0,0.0,13.962031979456734,0.0,1.0
B000144,R000618-492,source2,,ambiguous,0.1642857142857143,Silver Lake Landscaping Ltd,Maple Hill Pools LP,"8648 Jefferson Rd Ste 395, Indianapolis, IN 462890","7778 Walnut Pl, Indianapolis, IN 462890",(509) 324-0782,651-889-1758,restaurant,restaurant,0.5865942028985507,0.0,0.0,0.0,1.0,1.0,1.0,1.0,0.0,,1.0,1.0
B000775,L000256-118,source3,,ambiguous,0.2142857142857143,Grandview Childcare,Fernwood Dental,"8268 Oak Pl Ste 915, Columbus, OH 432027",-,(509) 889-8990,(697) 339-3196,childcare,dentists,0.5976608187134502,0.0,0.0,0.0,1.0,1.0,,1.0,,0.5570006469182002,0.0,1.0
B000189,R000707-678,source2,,ambiguous,0.4585714285714286,Harborview Plumbing,Harborview Cleaners Corp,"9209 Market Pl Ste 211, Kansas City, MO 641269","746 Pnie Pl, Kansas City, MO 641269",(959) 800-3920,272-507-1469,plumbing,cleaning,0.8736842105263157,0.0,0.0,0.0,1.0,1.0,1.0,1.0,0.0,,0.0,2.0
B000759,R000759-190,source2,,probable_match,0.6392857142857142,null,Fairview Cleaners Inc,"8314 Maple Blvd, Savannah, GA 314959","6015 Union St, Savannah, GA 314959",(519) 368-3236,519-368-3236,cleaning,cleaning,,0.0,1.0,1.0,,,1.0,1.0,0.0,,1.0,1.0
B000995,L000995-472,source3,,probable_match,0.7285714285714284,Stonegate Barber,Stonegate Barber,"4370 Maple Ct, Indianapolis, IN 462163","4370 Maple Ct, Indianapolis, IN 462163",(287) 882-5220,,beauty,nail salon,1.0,1.0,,,1.0,1.0,0.0,1.0,1.0,0.23477002813516032,1.0,2.0
B001291,R001270-530,source2,,ambiguous,0.30857142857142855,Eastgate Childcare,Eastgte Siding Inc,"3424 Lake Rd Ste 126, Charlotte, NC 282947","7760 Liberty St, Charlotte, NC 282947",(401) 878-8150,984-837-4293,childcare,null,0.8539682539682539,0.0,0.0,0.0,1.0,1.0,1.0,1.0,0.0,,,2.0
B000577,R000577-446-D,source2,,probable_match,0.2392857142857141,Cedar Grove Siding Ltd,Cedar Grove Siding Ltd,"9499 Chestnut Ct, Nashville, TN 372220","3050 Market St, Denver, CO 802012",(894) 533-3769,894-533-3769,restaurant,restaurant,1.0,1.0,1.0,1.0,0.0,0.0,0.0,0.0,0.0,,1.0,1.0
B000740,L000740-228,source3,,certain_match,0.9035714285714287,Thistledown Plumbing,Thistledown Plumbing,"9331 Willow Ave, Dallas, TX 752389","9331 Willow Ave, Dallas, TX 752389",(296) 375-1709,375-1709,plumbing,,1.0,1.0,,1.0,1.0,1.0,0.0,1.0,1.0,0.3773424823401573,,2.0
B000195,L000195-107,source3,,certain_match,0.9678571428571432,Stonegate Childcare,Stonegate Childcare,"5524 Franklin St Ste 790, Cleveland, OH 441429","5524 Franklin St #790, Cleveland, OH 441429",(380) 825-6643,825-6643,childcare,child care services,1.0,1.0,,1.0,1.0,1.0,0.0,1.0,1.0,0.28516469828024754,1.0,3.0
B000427,R000191-367-D,source2,,certain_nonmatch,0.0,Acme Plumbing,Acme Barber Co,"3191 Oak Pl, New Orleans, LA 701408","4373 Sycamore Way, Indianapolis, IN 462813",(729) 915-3795,529-492-0969,plumbing,beauty,0.668997668997669,0.0,0.0,0.0,0.0,0.0,0.0,0.0,0.0,,0.0,1.0
B000218,R000514-189,source2,,ambiguous,0.2942857142857142,Maple Hill Storage,Maple Hill Cleaners LLC,"3329 Walnut Ct Ste 146, Worcester, MA 016897","7925 Union Pl, Worcester, MA 016735",(427) 959-2390,495-637-9975,restaurant,restaurant,0.8978947368421053,0.0,0.0,0.0,0.0,1.0,1.0,1.0,0.0,,1.0,1.0
B001165,R001162-566,source2,,ambiguous,0.2785714285714285,Glenmore Bicycle,Glenmore Optometry Inc,"4201 Spruce Ln, Indianapolis, IN 462006","5822 Sprcue St, Indianapolis, IN 462006",(948) 451-9176,629-990-5214,null,optometry,0.8415404040404041,0.0,0.0,0.0,1.0,1.0,1.0,1.0,0.0,,,2.0
B000934,R000260-617,source2,,ambiguous,0.24428571428571422,Amberly Cleaners,Amberly Coffee Corpu,"6608 Highland Dr, Worcester, MA 016735","529 Willow Blvd Ste 982, Worcester, MA 016216",(876) 407-1269,650-320-3882,cleaning,coffee,0.87,0.0,0.0,0.0,0.0,1.0,1.0,1.0,0.0,,0.0,1.0
B001290,R001016-446,source2,,certain_match,0.8285714285714285,Kensington Roofing,Kensington Roofing Ltd,"5868 Franklin Pl, Raleigh, NC 276175","8699 Franklin Pl Ste 137, Raleigh, NC 276175",(869) 670-2490,575-805-3745,roofing,roofing,1.0,1.0,0.0,0.0,1.0,1.0,1.0,1.0,0.0,,1.0,2.0
B001032,L000979-115,source3,,ambiguous,0.2142857142857143,Northstar Electric,Sunset Pools,"6388 Pine Dr, Denver, CO 802633",,(976) 497-0693,430-7250,electric,pool and spa services,0.5621693121693122,0.0,,0.0,0.0,1.0,,1.0,,0.5887903295791672,0.0,1.0
B000733,R000558-830,source2,,ambiguous,0.1642857142857143,Silver Lake Hardware,Cedar Grove Pharmacy Co,"1244 Walnut Blvd, Austin, TX 787296","5299 Highland Dr Ste 175, Austin, TX 787296",(714) 725-8956,,restaurant,restaurant,0.5944444444444444,0.0,,,1.0,1.0,1.0,1.0,0.0,,1.0,1.0
B000630,R000630-181,source2,,probable_match,0.42857142857142877,Windward Accounting,Windward Accounting LP,"5592 Lincoln St Ste 453, Rochester, MN 559469","5529 Lincoln St Ste 453, Rochester, MN 559469",(622) 559-0924,889-661-0924,accounting,accounting,1.0,1.0,0.0,0.0,1.0,1.0,0.0,1.0,0.0,,1.0,2.0
B000703,R001030-501,source2,,certain_nonmatch,0.0,Maple Hill Legal,Kensington Storage LLC,"4226 Lincoln Way, Columbus, OH 432027","8330 Hickory Blvd, Columbus, OH 432027",(254) 407-3925,448-751-9048,restaurant,storage,0.4583333333333333,0.0,0.0,0.0,1.0,1.0,1.0,1.0,0.0,,0.0,1.0
B000858,R001231-629,source2,,certain_match,0.8285714285714285,Maple Hill Furniture,Maple Hill Furniture LLC,"1206 Birch St, Rochester, MN 559936","5197 Birch St, Rochester, MN 559936",(416) 903-6879,305-587-0575,restaurant,restaurant,1.0,1.0,0.0,0.0,1.0,1.0,1.0,1.0,0.0,,1.0,2.0
B000147,R000747-623,source2,,ambiguous,0.2942857142857142,Cedar Grove Gym,Cedar Grove Restaurant LP,"9080 Main Pl, Savannah, GA 314959","7172 Elm Blvd, Savannah, GA 314718",(245) 850-6338,366-374-0295,restaurant,restaurant,0.8690909090909091,0.0,0.0,0.0,0.0,1.0,1.0,1.0,0.0,,1.0,1.0
B000537,R000295-841,source2,,ambiguous,0.2942857142857142,Maple Hill Electric,Maple Hill Hardware Corp,"6649 Maple Rd, Austin, TX 787238","6661 Cedar Ct, Austin, TX 787791",(811) 989-6208,663-515-7591,restaurant,restaurant,0.8582995951417004,0.0,0.0,0.0,0.0,1.0,1.0,1.0,0.0,,1.0,1.0
B000998,R000476-101,source2,,probable_match,0.24428571428571422,Copperfield Moving,Copperfield Printing Inc,"9705 Park Rd, Nashville, TN 372159","6146 Lbierty Pl, Nashville, TN 372220",(856) 492-3575,461-568-7412,moving,printing,0.9166666666666667,0.0,0.0,0.0,0.0,1.0,1.0,1.0,0.0,,0.0,1.0
B000320,L001105-679,source3,,certain_nonmatch,0.0,Riverbend Dental,Silver Electrical,"8014 Broadway Way Ste 757, Rochester, MN 559271","3611 Birch St, Rochester, MN 559469",(597) 389-6078,637-0817,dental,eating places,0.5710784313725491,0.0,,0.0,0.0,1.0,0.0,1.0,0.0,0.3729885845101383,0.0,1.0
B000307,L000546-325,source3,,ambiguous,0.2142857142857143,Fairview Furniture,Meridian Printing,"3812 Hickory Ave Ste 639, Chicago, IL 606104",,(201) 539-3300,-,furniture,sign shop,0.6145969498910675,0.0,,,,,,1.0,,0.504929452333895,0.0,1.0
B001275,R000980-484,source2,,probable_match,0.7785714285714287,Willowbrook Storage,Willowbrook Storage LLC,"441 Market Rd Ste 936, Savannah, GA 314718","8315 Market Rd, Savannah, GA 314718",(690) 822-4143,308-818-3732,N/A,storage,1.0,1.0,0.0,0.0,1.0,1.0,1.0,1.0,0.0,,,2.0
B000731,L000731-854,source3,,certain_match,0.942857142857143,Thistledown Cleaners,Thistledown Cleaners,"9021 Maple Ln Ste 186, Cleveland, OH 441225",-,N/A,,cleaning,dry cleaner,1.0,1.0,,,1.0,1.0,,,,0.16906379979422564,1.0,3.0
B000523,R000587-332,source2,,ambiguous,0.24428571428571422,Ironwood Furniture,Ironwood Printing LP,"7405 Monroe Blvd, Seattle, WA 981141","899 Spruce Ln, Seattle, WA 981773",(738) 509-2867,N/A,furniture,printing,0.8820010055304174,0.0,,,0.0,1.0,1.0,1.0,0.0,,0.0,1.0
B000785,R000785-806,source2,,certain_match,0.8285714285714285,Lakeside Insurance,Lakeside Insurance LLC,"1574 Walnut Rd, Boulder, CO 803196","1547 Wanlut Rd, Boulder, CO 803196",,,insurance,insurance,1.0,1.0,,,1.0,1.0,1.0,1.0,0.0,,1.0,2.0
B000807,R000807-522,source2,,ambiguous,0.1642857142857143,N/A,Fairview Barber LLC,"7186 Broadway Dr, Rochester, MN 559658","7168 Broadway Dr, Rochester, MN 559658",(344) 562-7110,356-244-7110,beauty,beauty,,0.0,0.0,0.0,1.0,1.0,1.0,1.0,0.0,,1.0,1.0
B001250,R000321-772,source2,,ambiguous,0.1642857142857143,Foxglove Accounting,Thistledown Accounting LLC,"2497 Park Dr Ste 445, Cleveland, OH 441429","4314 Willow Ct, Cleveland, OH 441429",null,476-777-1009,accounting,accounting,0.6958304853041696,0.0,,,1.0,1.0,1.0,1.0,0.0,,1.0,1.0
B000479,R000874-332,source2,,ambiguous,0.24428571428571422,Harborview Salon,Harborview Childcare Co,"2833 Birch Ln, Aurora, IL 605032","988 Washington Ave Ste 321, Aurora, IL 605604",(920) 790-1562,595-392-7989,beauty,childcare,0.8771153846153846,0.0,0.0,0.0,0.0,1.0,1.0,1.0,0.0,,0.0,1.0
B000842,L000749-563,source3,,certain_nonmatch,0.0,Thistledown Electrical,Foxglove Hardware,"9289 Sycamore Ave, Indianapolis, IN 462828","8722 Washingtona St, Indianapolis, IN 462828",(216) 346-5071,,electrical,building supply,0.5475935828877004,0.0,,,1.0,1.0,0.0,1.0,0.0,0.14625500445901743,0.0,1.0
B000227,L000227-915,source3,,probable_match,0.6821428571428574,Acme Childcare,Acme Childcare,"7110 Sycamore Ave, Cleveland, OH 441603","7110A Sycamore Ave, Cleveland, OH 441603",(298) 740-0697,740-0697,childcare,child care services,1.0,1.0,,1.0,1.0,1.0,0.0,1.0,0.0,0.58976481325344,1.0,4.0
B000714,R000342-894,source2,,ambiguous,0.24428571428571422,Grandview Optometry LLC,Grandview Legal LP,"9637 Elm Rd, Worcester, MA 016935","8760 Sycamore Blvd, Worcester, MA 016735",(466) 783-3734,568-719-4918,optometry,legal,0.8624561403508771,0.0,0.0,0.0,0.0,1.0,1.0,1.0,0.0,,0.0,1.0
B000637,R000789-802,source2,,ambiguous,0.24428571428571422,Amberly Pools,Amberly Dental LLC,"3288 Walnut St, Raleigh, NC 276623","5329 Mpale Rd, Raleigh, NC 276546",(355) 964-4919,390-615-0323,pool,dental,0.8670329670329671,0.0,0.0,0.0,0.0,1.0,1.0,1.0,0.0,,0.0,1.0
B000194,L000879-134,source3,,ambiguous,0.2142857142857143,Havenwood Furniture,Riverbend Auto,"7669 Highland Rd Ste 215, Seattle, WA 981521",-,(367) 948-7518,(432) 835-6628,furniture,,0.6314397103870788,0.0,0.0,0.0,1.0,1.0,,1.0,,0.33733687821403613,,1.0
B000926,R000576-207,source2,,certain_nonmatch,0.0,Blue Ridge Gym,Windward Dental Corp,"3252 Pine Ln, Indianapolis, IN 462777","5478 Hickory Way, Indianapolis, IN 462777",(936) 434-4754,245-306-0859,restaurant,dental,0.43015873015873013,0.0,0.0,0.0,1.0,1.0,1.0,1.0,0.0,,0.0,1.0
B000297,R001205-575,source2,,ambiguous,0.24428571428571422,Willowbrook Accounting,Willowbrook Cleaners Corp,"4897 Highland Pl, Denver, CO 802643","1523 Chestnut Blvd, Denver, CO 802370",(232) 614-7408,393-444-7513,accounting,cleaning,0.873030303030303,0.0,0.0,0.0,0.0,1.0,1.0,1.0,0.0,,0.0,1.0
B000717,R000717-573,source2,,certain_match,0.8642857142857142,Acme Insurance,Acme Insurance LLC,"9369 Franklin Ln Ste 855, Indianapolis, IN 462890","9369 Franklin Ln Ste 855, Indianapolis, IN 462890",(907) 633-1219,821-504-1219,insurance,-,1.0,1.0,0.0,0.0,,,1.0,1.0,1.0,,,1.0
B001279,L001279-514,source3,,probable_match,0.4678571428571429,Ironwood Accounting,null,"1429 Lincoln Ln Ste 344, Kansas City, MO 641551","1492 Lincoln Ln #344, Kansas City, MO 641551",(498) 331-1900,(498) 331-1900,accounting,accounting and tax services,,0.0,1.0,1.0,1.0,1.0,0.0,1.0,0.0,0.07850839661078335,1.0,3.0
B001006,R000411-256-D,source2,,probable_match,0.24428571428571422,Fairview Cleaners,Fairview Insurance Corp,"5693 Liberty Ln Ste 933, Denver, CO 802370","2576 Pine Ct, Denver, CO 802422",(970) 706-8884,985-963-6165,cleaning,insurance,0.9031372549019608,0.0,0.0,0.0,0.0,1.0,1.0,1.0,0.0,,0.0,1.0
B000171,R000993-210,source2,,ambiguous,0.4585714285714286,Copperfield Roofing,Copperfield Dental Corp,"5659 Lincoln Ln Ste 479, Boston, MA 021274","8106 Main Ave, Boston, MA 021274",(776) 308-5228,628-373-5983,roofing,,0.8812865497076023,0.0,0.0,0.0,1.0,1.0,1.0,1.0,0.0,,,2.0
B000821,L000487-160,source3,,certain_nonmatch,0.0,Bramblewood Optometry,Blue Ridge Electrical,"2352 Maple Blvd, Charlotte, NC 282388","226 Chestnut Rd, Charlotte, NC 282250",(861) 612-1642,-,optometry,restaurants,0.5079365079365079,0.0,,,0.0,1.0,0.0,1.0,0.0,0.2854853786694198,0.0,1.0
B000834,R000332-211,source2,,certain_nonmatch,0.11428571428571432,Glenmore Dental,Cedar Grove Dental Co,"2570 Highland Blvd, Boston, MA 021274","2223 Liberty Pl, Boston, MA 021274",(587) 328-3471,431-267-3158,dental,restaurant,0.7388888888888889,0.0,0.0,0.0,1.0,1.0,1.0,1.0,0.0,,0.0,1.0
B001197,R001206-170,source2,,ambiguous,0.6585714285714286,Stonegate Accounting,Stonegate Automotive Co,,"9396 Main Blvd, Tucson, AZ 857944",(923) 540-7023,904-822-7328,accounting,auto,0.8866666666666667,0.0,0.0,0.0,1.0,1.0,1.0,1.0,,,0.0,2.0
B000547,L000344-828,source3,,certain_nonmatch,0.0,Quarry Hill Accounting,Meridian Pet,"2745 Oak Dr, Rochester, MN 559271","4270 Poplar Ln #971, Rochester, MN 559936",N/A,254-9561,restaurant,pet supplies,0.47979797979797983,0.0,,,0.0,1.0,0.0,1.0,0.0,0.10619243307799318,0.0,1.0
B000576,R001200-557-D,source2,,ambiguous,0.24428571428571422,Windward Dental,Windward Automotive LP,"5478 Hickory Way, Indianapolis, IN 462777","6450 Sycamore Ln, Indianapolis, IN 462820",(245) 306-0859,871-714-3762,dental,auto,0.8696491228070176,0.0,0.0,0.0,0.0,1.0,1.0,1.0,0.0,,0.0,1.0
B001252,L001101-262,source3,,probable_match,0.42857142857142877,Bramblewood Floral,Bramblewood Floral,"6904 Walnut Blvd, Aurora, IL 605558","7891A Walnut Blvd, Aurora, IL 605558",(493) 609-7540,(634) 480-7757,floral,flowers,1.0,1.0,0.0,0.0,1.0,1.0,0.0,1.0,0.0,2.969155904888309,1.0,2.0
B000466,R000431-405,source2,,ambiguous,0.1642857142857143,-,Glenmore Landscaping Ltd,"7169 Cherry St Ste 813, Seattle, WA 981505","7778 Lake Pl, Seattle, WA 981505",(395) 780-3057,777-695-3985,landscaping,landscaping,,0.0,0.0,0.0,1.0,1.0,1.0,1.0,0.0,,1.0,1.0
B000774,R001079-276,source2,,ambiguous,0.44428571428571423,Fernwood Insurance Corp,Fernwood Hardware LP,"7011 Birch Ave, Worcester, MA 016735",,(303) 951-6305,245-747-8746,insurance,hardware,0.8578431372549019,0.0,0.0,0.0,0.0,1.0,1.0,1.0,,,0.0,1.0
B000533,R001296-134,source2,,ambiguous,0.24428571428571422,Copperfield Floral,Copperfield Hardware LLC,"7788 Cedar St, Dallas, TX 752284","4495 Chestut Blvd, Dallas, TX 752650",(375) 489-5711,928-491-3242,floral,hardware,0.8812698412698413,0.0,0.0,0.0,0.0,1.0,1.0,1.0,0.0,,0.0,1.0
B000133,R000133-881-D,source2,,probable_match,0.2392857142857141,Lakeside Pools,Lakeside Pools LP,"6422 Elm Dr, Tucson, AZ 857996","4351 Elm Dr, Dallas, TX 752916",(518) 772-6171,518-772-6171,pool,pool,1.0,1.0,1.0,1.0,0.0,0.0,0.0,0.0,0.0,,1.0,1.0
B000209,R000794-271,source2,,ambiguous,0.1642857142857143,Northstar Insurance,Pinecrest Insurance Corp,"3560 Liberty Blvd, Austin, TX 787233","6969 Marketu Ave Ste 308, Austin, TX 787233",(344) 715-4739,845-950-4413,insurance,insurance,0.7293233082706766,0.0,0.0,0.0,1.0,1.0,1.0,1.0,0.0,,1.0,1.0
B000909,R000136-640,source2,,certain_nonmatch,0.11428571428571432,Northstar Hardware,Havenwood Automotive Ltdu,"9501 Chestnut Pl Ste 834, Pittsburgh, PA 152786","2148 Hickory Ln, Pittsburgh, PA 152786",(263) 931-4244,null,N/A,auto,0.5624915824915825,0.0,,,1.0,1.0,1.0,1.0,0.0,,,1.0
B000437,R000194-766,source2,,ambiguous,0.1642857142857143,Copperfield Furniture,Havenwood Furniture Ltd,"2997 Liberty Dr, Seattle, WA 981521","7669 Highland Rd Ste 215, Seattle, WA 981521",(608) 427-9448,515-584-7518,furniture,furniture,0.6139065612749822,0.0,0.0,0.0,1.0,1.0,1.0,1.0,0.0,,1.0,1.0
B001087,R000416-325,source2,,ambiguous,0.24428571428571422,Stonegate Storage Corp,Stonegate Pools Co,"1112 Sycamore St, Cleveland, OH 441429","9235 Sycamore Pl Ste 836, Cleveland, OH 441284",(288) 825-0570,878-490-1404,storage,pool,0.8845098039215685,0.0,0.0,0.0,0.0,1.0,1.0,1.0,0.0,,0.0,1.0
B000183,R000505-910,source2,,ambiguous,0.24428571428571422,Grandview Bicycle,Grandview Siding Corp,"2482 Jefferson Ln, Austin, TX 787081","5310 Market Ave, Austin, TX 787238",(714) 993-7726,,bike,siding,0.8669117647058824,0.0,,,0.0,1.0,1.0,1.0,0.0,,0.0,1.0
B000177,L001110-330,source3,,certain_nonmatch,0.0,Brookfield Electric,Copperfield Plumbing,"1585 Lincoln Ave, Charlotte, NC 282473","3107 Liberty Pl, Charlotte, NC 282167",(772) 574-2363,(330) 612-0161,electric,plumber,0.5884370015948964,0.0,0.0,0.0,0.0,1.0,0.0,1.0,0.0,0.6478334376763273,0.0,1.0
B001229,R000203-417,source2,,ambiguous,0.24428571428571422,Deepford Cleaners,Deepford Optometry LP,"1947 Maple Ln, Rochester, MN 559271","357 Lincoln Dr Ste 103, Rochester, MN 559142",(272) 568-6710,415-578-1196,cleaning,optometry,0.8516339869281045,0.0,0.0,0.0,0.0,1.0,1.0,1.0,0.0,,0.0,1.0
B000952,R000605-373,source2,,ambiguous,0.24428571428571422,Thistledown Pools,Thistledown Dental LLC,"2024 Cedar Rd, Savannah, GA 314273","4948 Monore Ct, Savannah, GA 314959",(314) 784-4740,773-957-7593,pool,dental,0.8973856209150327,0.0,0.0,0.0,0.0,1.0,1.0,1.0,0.0,,0.0,1.0
B000652,L000652-264,source3,,certain_match,1.0,Riverbend Electrical,Riverbend Electrical,"4362 Park Blvd, Boston, MA 021410","4362 Park Blvd, Boston, MA 021410",(334) 641-3385,(334) 641-3385,electrical,electrical contractors,1.0,1.0,1.0,1.0,1.0,1.0,0.0,1.0,1.0,0.37570917685117317,1.0,3.0
B000816,R000816-579,source2,,certain_match,1.0,Havenwood Pools,Havenwood Pools Inc,"4492 Market St, Atlanta, GA 303166","4429 Market St, Atlanta, GA 303166",(247) 779-0996,247-779-0996,pool,pool,1.0,1.0,1.0,1.0,1.0,1.0,1.0,1.0,0.0,,1.0,3.0
B001214,L001135-525,source3,,probable_match,0.42857142857142877,Riverbend Salon,Riverbend Salon Shop,"3644 Hickory Ln, Phoenix, AZ 850747","6572 Hickory Ln #647, Phoenix, AZ 850747",(279) 448-5848,669-4616,beauty,nail salon,1.0,1.0,,0.0,1.0,1.0,0.0,1.0,0.0,1.5078156069881528,1.0,2.0
B000334,L000334-295,source3,,probable_match,0.7285714285714284,Bramblewood Pharmacy,Bramblewood Pharmacy,"501 Lake Ave, Spokane, WA 992642","501 Lake Ave, Spokane, WA 992642",(657) 381-7775,,pharmacy,pharmacies,1.0,1.0,,,1.0,1.0,0.0,1.0,1.0,0.1685125985291961,1.0,2.0
B000677,R000211-498,source2,,ambiguous,0.24428571428571422,Havenwood Bicycle,Havenwood Electrical Corp,"1041 Highland Ln, Boulder, CO 803071","999 Cherry Dr, Boulder, CO 803677",(685) 319-8106,380-841-6999,bike,electrical,0.8998039215686274,0.0,0.0,0.0,0.0,1.0,1.0,1.0,0.0,,0.0,1.0
B001121,R000866-155,source2,,certain_nonmatch,0.0,Sunset Electric LP,Brookfield Childcare Ltd,"8520 Lincoln Ln, Charlotte, NC 282473","6910 Broadway Ave, Charlotte, NC 282473",(309) 784-6885,528-402-3229,electric,childcare,0.46269841269841266,0.0,0.0,0.0,1.0,1.0,1.0,1.0,0.0,,0.0,1.0
B000287,L000287-431,source3,,probable_match,0.3335714285714288,Quarry Hill Electrical,Quarry Electrical,"5242 Highland Blvd, Phoenix, AZ 850549","5224 Highland Blvd, Phoenix, AZ 850549",(582) 322-8225,322-8225,restaurant,food services,0.9074866310160428,0.0,,1.0,1.0,1.0,0.0,1.0,0.0,0.24391493648790727,1.0,2.0
B001121,L001121-241,source3,,certain_match,1.0,Sunset Electric LP,Sunset Electric,"8520 Lincoln Ln, Charlotte, NC 282473","8520 Linclon Ln, Charlotte, NC 282473",(309) 784-6885,(309) 784-6885,electric,electricians,1.0,1.0,1.0,1.0,1.0,1.0,0.0,1.0,1.0,0.38009610795808324,1.0,4.0
B000503,R001115-594,source2,,certain_nonmatch,0.0,Blue Ridge Plumbing,Clearwater Bicycle LP,"4990 Liberty Ct, Eugene, OR 974352","2528 Liberty Ct, Eugene, OR 974352",(371) 632-4823,245-432-3223,restaurant,null,0.4968323586744639,0.0,0.0,0.0,1.0,1.0,1.0,1.0,0.0,,,1.0
B000942,R000981-803,source2,,ambiguous,0.24428571428571422,Clearwater Electric,Clearwater Barber Corp,"9589 Lincoln Rd Ste 682, Philadelphia, PA 191704","7810 Market St Ste 798, Philadelphia, PA 191570",(920) 644-5683,267-936-4523,electric,beauty,0.8743986663491308,0.0,0.0,0.0,0.0,1.0,1.0,1.0,0.0,,0.0,1.0
B000540,L001163-312,source3,,ambiguous,0.2142857142857143,Ironwood Cleaners,Meridian Dental,"2090 Park Pl Ste 662, Springfield, IL 627654",-,(201) 920-9175,(249) 831-6672,cleaning,dentist,0.5616557734204793,0.0,0.0,0.0,,,,1.0,,0.5385863447815843,0.0,1.0
B000149,L000149-209,source3,,probable_match,0.6785714285714286,Elmhurst Bakery,Elmhurst Bakery,"5547 Monroe Ln, Chicago, IL 606758","5547 Monroe Ln, Chicago, IL 606758",-,(676) 912-7840,bakery,,1.0,1.0,,,1.0,1.0,0.0,1.0,1.0,0.2853209138747558,,2.0
B000767,L000767-584,source3,,probable_match,0.30357142857142877,Amberly Hardware,AmberlyH ardware,"4952 Spruce Way, Kansas City, MO 641764","646 Lincoln Way, Kansas City, MO 641764",(592) 800-5045,800-5045,hardware,home improvement,0.9874999999999999,0.0,,1.0,1.0,1.0,0.0,1.0,0.0,0.5100232538865743,1.0,2.0
B000313,R001112-239,source2,,ambiguous,0.24428571428571422,Clearwater Bicycle,Clearwater Landscaping LP,"1111 Walnut Blvd Ste 210, Portland, OR 972389","5993 Lake Way, Portland, OR 972980",(202) 249-6323,608-248-8059,bike,landscaping,0.8685425685425685,0.0,0.0,0.0,0.0,1.0,1.0,1.0,0.0,,0.0,1.0
B000402,R000402-427,source2,,probable_match,0.6785714285714286,Lakeside Cleaners,Lakeside Cleaners Corp,"7018 Pine Ln Ste 352, Raleigh, NC 276623","7018 Pine Ln Ste 352, Raleigh, NC 276623",(930) 957-7145,986-749-7145,cleaning,-,1.0,1.0,0.0,0.0,1.0,1.0,0.0,1.0,1.0,,,2.0
B000905,L000433-193,source3,,certain_nonmatch,0.0,Harborview Coffee,Copperfield Pet,"3852 Market Rd, Tucson, AZ 857080","Markt Pl, Tucson, AZ 857944",(317) 221-8174,(495) 295-6536,coffee,pets,0.5429738562091503,0.0,0.0,0.0,,,0.0,1.0,,0.3974166138397884,0.0,1.0
B001273,R001248-301,source2,,certain_nonmatch,0.11428571428571432,Fernwood Printing,Havenwood Acounting Corp,"4745 Franklin Ave, Charlotte, NC 282276","8696 Liberty Ct, Charlotte, NC 282276",(223) 789-4104,623-897-3577,printing,accounting,0.751375988992088,0.0,0.0,0.0,1.0,1.0,1.0,1.0,0.0,,0.0,1.0
B000560,R001224-578,source2,,ambiguous,0.1642857142857143,Lakeside Barber,Ironwood Barber Ltd,"1741 Willow Way, Minneapolis, MN 554322","4227 Franklin Ave, Minneapolis, MN 554322",(236) 274-1153,,beauty,beauty,0.6222222222222222,0.0,,,1.0,1.0,1.0,1.0,0.0,,1.0,1.0
B000715,L000701-262,source3,,certain_nonmatch,0.0,Brookfield Plumbing,Northstar Furniture,"8732 Hickory St Ste 673, New Orleans, LA 701597","7161A Pine St, New Orleans, LA 701408",(203) 637-0849,(525) 591-4213,plumbing,furniture stores,0.4360902255639097,0.0,0.0,0.0,0.0,1.0,0.0,1.0,0.0,0.28249183497781555,0.0,1.0
B000434,R001176-796,source2,,ambiguous,0.24428571428571422,Elmhurst Restaurant Co,Elmhurst Dental Corp,"5143 Walnut Rd Ste 687, Savannah, GA 314718","4021 Cedar Ct Ste 692, Savannah, GA 314663",(388) 964-3115,972-983-8524,restaurant,dental,0.8947908232118758,0.0,0.0,0.0,0.0,1.0,1.0,1.0,0.0,,0.0,1.0
B001280,R000239-707,source2,,probable_match,0.7785714285714287,Amberly Electric,Amberly Electric Corp,"1415 Hickory Rd, Kansas City, MO 641762","5070 Maple Blvd, Kansas City, MO 641762",(925) 408-8232,806-605-2910,,electric,1.0,1.0,0.0,0.0,1.0,1.0,1.0,1.0,0.0,,,2.0
B000550,R000550-829,source2,,certain_match,1.0,Northstar Legal,Northstar Legal Ltd,-,"2526 Monroe Rd, Aurora, IL 605604",(593) 443-7211,593-443-7211,legal,legal,1.0,1.0,1.0,1.0,1.0,1.0,1.0,1.0,,,1.0,3.0
B000826,R000753-221,source2,,ambiguous,0.1642857142857143,Cedar Grove Printing,Maple Hill Accounting LLC,"1390 Oak Ave, Phoenix, AZ 850044","6589 Sycamore Rd Ste 498, Phoenix, AZ 850044",(639) 743-5486,751-479-1081,restaurant,restaurant,0.6306637806637808,0.0,0.0,0.0,1.0,1.0,1.0,1.0,0.0,,1.0,1.0
B001286,R000992-969,source2,,probable_match,0.4785714285714286,Silver Lake Bicycle,SilverL ake Bicycle Corp,"8977 Chestnut St, Spokane, WA 992112","1474A Chestnut St, Spokane, WA 992112",(295) 833-1886,408-961-2467,restaurant,restaurant,0.9894736842105263,0.0,0.0,0.0,1.0,1.0,1.0,1.0,0.0,,1.0,2.0
B000916,L001063-169,source3,,certain_nonmatch,0.0,Glenmore Roofing,Sunset Bike,"5289 Lincoln Way Ste 282, Spokane, WA 992881","1489 Franklin Ct, Spokane, WA 992881",(243) 952-3451,(931) 969-9023,roofing,bike shops,0.45568181818181824,0.0,0.0,0.0,1.0,1.0,0.0,1.0,0.0,0.4098022875723292,0.0,1.0
B000360,L000360-999-U,source3,,probable_match,0.16785714285714287,Riverbend Coffee LLC,Maple Hill Cleaners,"2268 Broadway St, New Orleans, LA 701919","3375 Broadway St, New Orleans, LA 701919",(567) 648-4395,(567) 648-4395,coffee,dry cleaner,0.4591165413533835,0.0,1.0,1.0,1.0,1.0,0.0,1.0,0.0,0.5471722489891703,0.0,3.0
B001289,R000881-612,source2,,certain_match,0.8285714285714285,Elmhurst Bicycle Corp,Elmhurst Bicycle LLC,"8508 Broadway Dr, Cleveland, OH 441558","2798 Broadway Dr, Cleveland, OH 441558",(601) 553-0950,809-560-7763,bike,bike,1.0,1.0,0.0,0.0,1.0,1.0,1.0,1.0,0.0,,1.0,2.0
B001197,R000225-228,source2,,ambiguous,0.44428571428571423,Stonegate Accounting,Stonegate Electric Co,,"1295 Walnut Dr, Tucson, AZ 857080",(923) 540-7023,757-958-3700,accounting,-,0.8812698412698413,0.0,0.0,0.0,0.0,1.0,1.0,1.0,,,,1.0
B000103,L000103-364,source3,,certain_match,1.0,Fairview Coffee Inc,Farview Coffee Shop,"244 Walnut St, Pittsburgh, PA 152786","244 Walnut St, Pittsburgh, PA 152786",(803) 531-0258,(803) 531-0258,coffee,coffee shop,0.9631746031746032,0.0,1.0,1.0,1.0,1.0,0.0,1.0,1.0,0.35620371646599325,1.0,3.0
B000083,R000083-331-D,source2,,probable_match,0.25357142857142834,Acme Salon,Acme Salon LP,"2530 Maple Way, Columbus, OH 432203","9396 Jefferson Dr, Atlanta, GA 303910",(547) 838-6512,547-838-6512,beauty,beauty,1.0,1.0,1.0,1.0,0.0,0.0,0.0,0.0,0.0,,1.0,2.0
B000550,R000874-332,source2,,ambiguous,0.31428571428571433,Northstar Legal,Harborview Childcare Co,-,"988 Washington Ave Ste 321, Aurora, IL 605604",(593) 443-7211,595-392-7989,legal,childcare,0.5722222222222223,0.0,0.0,0.0,1.0,1.0,1.0,1.0,,,0.0,1.0
B000931,R000086-748,source2,,ambiguous,0.24428571428571422,Pinecrest Bakery,Pinecrest Childcare LLC,"3350 Franklin Pl, Eugene, OR 974270","5315A Franklin St Ste 467, Eugene, OR 974867",(581) 731-9904,246-225-4000,bakery,,0.8839574898785426,0.0,0.0,0.0,0.0,1.0,1.0,1.0,0.0,,,1.0
B000165,R000083-331,source2,,certain_nonmatch,0.11428571428571432,Fairview Moving,Acme Salon LP,"908 Monroe Way Ste 256, Columbus, OH 432203","2530A Maple Way, Columbus, OH 432203",(369) 365-5286,547-838-6512,moving,beauty,0.611111111111111,0.0,0.0,0.0,1.0,1.0,1.0,1.0,0.0,,0.0,1.0
B000978,L001058-299,source3,,ambiguous,0.2285714285714286,Pinecrest Hardware,Elmhurst Fitness,"3110 Poplar St Ste 618, Phoenix, AZ 850127",null,(858) 773-4853,(966) 341-7999,hardware,health club,0.5611772486772487,0.0,0.0,0.0,1.0,1.0,,1.0,,0.37898262773783614,0.0,2.0
B000849,R000840-559,source2,,ambiguous,0.12857142857142861,Lakeside Siding,Lakesde Optometry LP,"5185 Cedar Rd, Austin, TX 787238","2417 Hickory Pl, Austin, TX 787238",(617) 469-8531,870-344-2638,siding,optometry,0.6679738562091503,0.0,0.0,0.0,1.0,1.0,1.0,1.0,0.0,,0.0,2.0
B001033,L000964-970,source3,,certain_nonmatch,0.0,Glenmore Furniture,Ironwood Barber,"1562 Willow Ln, Minneapolis, MN 554511","3181 Elm Blvd, Minneapolis, MN 554322",(766) 937-8592,679-9994,furniture,barber,0.5232804232804233,0.0,,0.0,0.0,1.0,0.0,1.0,0.0,0.2536116230134411,0.0,1.0
B000078,R000045-278,source2,,ambiguous,0.12857142857142861,Deepford Barber Inc,Deepfodr Pools LLC,"8328 Union Way, Columbus, OH 432027","5837 Union Way, Columbus, OH 432027",(483) 991-6798,286-858-7022,beauty,pool,0.8263492063492063,0.0,0.0,0.0,1.0,1.0,1.0,1.0,0.0,,0.0,2.0
B001159,L000868-618,source3,,certain_nonmatch,0.0,Foxglove Gym,Sunset Electrial,"3543 Lincoln Ct Ste 250, Denver, CO 802849","8643 Oak St, Denver, CO 802849",(399) 965-6921,297-6800,fitness,electricians,0.3680555555555555,0.0,,0.0,1.0,1.0,0.0,1.0,0.0,0.38433003521253045,0.0,2.0
B001174,L001174-832,source3,,probable_match,0.6785714285714286,Bramblewood Floral,Bramblewood Floral,"154 Lincoln Way Ste 417, Austin, TX 787296","154 Lincoln Way #417, Austin, TX 787296",(872) 931-9619,N/A,floral,-,1.0,1.0,,,1.0,1.0,0.0,1.0,1.0,0.5299602545608619,,2.0
B000909,L001261-702,source3,,certain_nonmatch,0.0,Northstar Hardware,Highland Fitness,"9501 Chestnut Pl Ste 834, Pittsburgh, PA 152786","3387 Broadway Ln, Pittsburgh, PA 152786",(263) 931-4244,533-6614,N/A,gym,0.5231481481481481,0.0,,0.0,1.0,1.0,0.0,1.0,0.0,2.071049811368658,,1.0
B000650,R001147-706,source2,,ambiguous,0.2142857142857143,Silver Lake Pools,Foxglove Pharmacy LP,N/A,null,(251) 610-7027,822-605-4910,restaurant,pharmacy,0.5602240896358542,0.0,0.0,0.0,1.0,1.0,,1.0,,,0.0,1.0
B000081,L000214-700,source3,,ambiguous,0.2142857142857143,Willowbrook Cleaners,Havenwood Bakery,"716 Chestnut Blvd, Denver, CO 802370",null,(591) 595-2492,(580) 294-8775,cleaning,bakeries,0.5597222222222222,0.0,0.0,0.0,0.0,1.0,,1.0,,0.6270443364952611,0.0,1.0
B001237,L001237-382,source3,,probable_match,0.7428571428571429,Stonegate Pharmacy,Stonegate Pharmacy,"9028 Walnut Ct, Pittsburgh, PA 152234","9028 Walnut Ct, Pittsburgh, PA 152234",(381) 546-2285,-,pharmacy,pharmacies and drug stores,1.0,1.0,,,1.0,1.0,0.0,1.0,1.0,0.31538211026259205,1.0,3.0
B001275,R001275-322,source2,,certain_match,1.0,Willowbrook Storage,Willowbrook Storage LLC,"441 Market Rd Ste 936, Savannah, GA 314718","441 Market Rd Ste 936, Savannah, GA 314718",(690) 822-4143,690-822-4143,N/A,storage,1.0,1.0,1.0,1.0,1.0,1.0,1.0,1.0,1.0,,,3.0
B001166,L001166-542,source3,,probable_match,0.4535714285714287,Lakeside Restaurant,Lakeide Restaurant,"3288 Maple Ln, Nashville, TN 372348","Maple Ln, Nashville, TN 372348",(553) 900-5402,900-5402,,cafe,0.956140350877193,0.0,,1.0,1.0,1.0,0.0,1.0,,0.2934919209517774,,2.0
B000523,L001236-322,source3,,certain_nonmatch,0.04428571428571426,Ironwood Furniture,Ironwood torage,"7405 Monroe Blvd, Seattle, WA 981141","6576 Monroe Ave, Seattle, WA 981505",(738) 509-2867,(563) 643-5342,furniture,self storage,0.8766666666666666,0.0,0.0,0.0,0.0,1.0,0.0,1.0,0.0,0.677259632481009,0.0,1.0
B001032,L000119-643,source3,,probable_match,0.36428571428571427,Northstar Electric,Northstar Electrical,"6388 Pine Dr, Denver, CO 802633","3350 Park St, Denver, CO 802643",(976) 497-0693,(983) 461-4742,electric,N/A,0.98,1.0,0.0,0.0,0.0,1.0,0.0,1.0,0.0,0.276497948354836,,1.0
B000698,R001201-646,source2,,certain_nonmatch,0.0,Clearwater Bakery,Riverbend Coffee LP,"6712 Lincoln Ln Ste 504, New Orleans, LA 701919","2821 Broadway St, New Orleans, LA 701919",(754) 246-7259,682-573-9880,bakery,coffee,0.47356442577030816,0.0,0.0,0.0,1.0,1.0,1.0,1.0,0.0,,0.0,1.0
B000926,L000926-676,source3,,probable_match,0.45357142857142857,Blue Ridge Gym,Blue Fitness,"3252 Pine Ln, Indianapolis, IN 462777","3252 Pine Ln, Indianapolis, IN 462777",(936) 434-4754,434-4754,restaurant,cafe,0.6944444444444445,0.0,,1.0,1.0,1.0,0.0,1.0,1.0,0.5005835311570517,1.0,2.0
B000461,L000461-863,source3,,probable_match,0.7285714285714284,Northstar Plumbing,Northstar Plumbing Shop,"3416 Birch Ave, Austin, TX 787296","3416 Birch Ave, Austin, TX 787296",(531) 362-0691,N/A,plumbing,plumbing contractors,1.0,1.0,,,1.0,1.0,0.0,1.0,1.0,0.23427285493287694,1.0,2.0
B000078,R000078-661,source2,,certain_match,1.0,Deepford Barber Inc,Deepford Barber Inc,"8328 Union Way, Columbus, OH 432027","8328 Union Way, Columbus, OH 432027",(483) 991-6798,771-786-6798,beauty,beauty,1.0,1.0,0.0,0.0,1.0,1.0,1.0,1.0,1.0,,1.0,2.0
B000506,R000018-923,source2,,ambiguous,0.31428571428571433,Havenwood Childcare,Willowbrook Landscaping LP,"2620 Lincoln Pl, Denver, CO 802849",,(987) 374-5491,210-669-9224,childcare,landscaping,0.5645239581166354,0.0,0.0,0.0,1.0,1.0,1.0,1.0,,,0.0,1.0
B000553,L000859-560-U,source3,,ambiguous,0.1642857142857143,Thistledown Optometry,Fernwood Optometry,"673 Cedar Pl, Phoenix, AZ 850127","8542 Park Ct #282, Phoenix, AZ 850127",-,846-9939,optometry,optician,0.7603174603174603,0.0,,,1.0,1.0,1.0,1.0,0.0,0.7957098114912172,1.0,1.0
B001046,L001282-627,source3,,certain_nonmatch,0.0,Riverbend Printing,Meridian Dental,"1847 Lincoln Ave, Minneapolis, MN 554217","8656 Oak Rd, Minneapolis, MN 554217",(386) 242-1981,(793) 588-6752,printing,dentists,0.6407407407407407,0.0,0.0,0.0,1.0,1.0,0.0,1.0,0.0,3.1130500275232023,0.0,1.0
B000118,L000118-503,source3,,probable_match,0.7285714285714284,Harborview Moving,Harborview Movingi,"7044 Cedar Ave Ste 794, Atlanta, GA 303363","7044 Cedar Ave #794, Atlanta, GA 303363",(699) 739-5053,null,moving,movers,0.9888888888888889,1.0,,,1.0,1.0,0.0,1.0,1.0,0.6504191043777093,1.0,2.0
B000379,L000557-553,source3,,ambiguous,0.1642857142857143,Copperfield Childcare,,"7871 Poplar Ln, Naperville, IL 605616","2129 Lincoln Ave, Naperville, IL 605616",(928) 627-8747,,childcare,child care services,,0.0,,,1.0,1.0,1.0,1.0,0.0,0.35812690846821266,1.0,1.0
B001019,R000704-951,source2,,ambiguous,0.1642857142857143,Silver Lake Pet,Quary Hill Restaurant Co,"8337 Park Dr, Dallas, TX 752650","3830 Maina St Ste 700, Dallas, TX 752650",(615) 252-9694,null,restaurant,restaurant,0.565079365079365,0.0,,,1.0,1.0,1.0,1.0,0.0,,1.0,1.0
B000856,L000677-806,source3,,certain_nonmatch,0.0,Ironwood Bicycle,Havenwood Bicycle,"9721 Elm St Ste 824, Boulder, CO 803046","1774 Pine Pl, Boulder, CO 803071",(281) 785-6265,null,bike,,0.8334276018099548,0.0,,,0.0,1.0,0.0,1.0,0.0,0.18756208263262683,,1.0
B000187,L001020-708,source3,,ambiguous,0.24428571428571427,Fernwood Legal,Fernwood Sidingu,"4481 Park Ln Ste 792, Dallas, TX 752464","Lincoln Way, Dallas, TX 752103",(589) 604-5654,,legal,siding contractors,0.8678571428571429,0.0,,,0.0,1.0,0.0,1.0,,0.5874856809148448,0.0,1.0
B000308,R000308-532,source2,,certain_match,1.0,Sunset Legal,Sunset Legal Corp,"976 Main Rd Ste 821, Boston, MA 021824","976 Main Rd Ste 821, Boston, MA 021824",-,314-738-5978,legal,legal,1.0,1.0,,,1.0,1.0,1.0,1.0,1.0,,1.0,2.0
B001004,L000272-364-U,source3,,certain_nonmatch,0.04428571428571426,Glenmore Bicycle,Glenmore Electric,"2965 Chestnut St Ste 837, Eugene, OR 974352","1526 Sycamore Rd, Eugene, OR 974367",,(271) 743-9228,bike,electricians,0.9111344537815126,0.0,,,0.0,1.0,0.0,1.0,0.0,0.43942172498755616,0.0,1.0
B000643,L000307-386,source3,,certain_nonmatch,0.0,Fairview Plumbing,Fairview Furniture,"4167 Poplar Ct Ste 646, Portland, OR 972344","3812 Hickory Ave, Chicago, IL 606104",(917) 315-5185,-,plumbing,furniture stores,0.8578431372549019,0.0,,,0.0,0.0,0.0,0.0,0.0,2823.4233641494943,0.0,1.0
B001100,L000793-848,source3,,probable_match,0.24428571428571427,Meridian Siding,Meridian Roofing Shop,,"9046 Washington Blvd, Kansas City, MO 641574",(799) 430-2840,946-6914,siding,roofer,0.91,0.0,,0.0,0.0,1.0,0.0,1.0,,0.26559773353473126,0.0,1.0
B001104,R000323-504,source2,,certain_nonmatch,0.0,Foxglove Landscaping,Eastgate Cleaners Co,"3222 Willow Dr Ste 581, Seattle, WA 981773","4897 Maplea Blvd, Seattle, WA 981773",null,236-714-9358,landscaping,cleaning,0.5116557734204793,0.0,,,1.0,1.0,1.0,1.0,0.0,,0.0,1.0
B000669,L001034-560-U,source3,,certain_nonmatch,0.0,Willowbrook Gym,Brookfield Optometry,"782 Cherry Dr Ste 146, Boulder, CO 803046","1688 Cedar St, Boulder, CO 803071",(311) 722-6961,(219) 243-3161,fitness,opticians and ophthalmologists,0.6095959595959596,0.0,0.0,0.0,,,0.0,1.0,0.0,0.18313920733704142,0.0,1.0
B001171,R000813-327,source2,,certain_nonmatch,0.0,Maple Hill Restaurant LP,Windward Salon LP,"2105 Washington Rd, Rochester, MN 559658","9649 Spruce Ln, Rochester, MN 559658",(278) 470-2726,866-482-3441,restaurant,beauty,0.5257936507936508,0.0,0.0,0.0,1.0,1.0,1.0,1.0,0.0,,0.0,1.0
B000425,R000207-910,source2,,ambiguous,0.31428571428571433,Harborview Gym,Amberly Barber Inc,"853 Pine Ln, Denver, CO 802370",N/A,(206) 293-2381,801-320-0527,fitness,beauty,0.5714285714285715,0.0,0.0,0.0,1.0,1.0,1.0,1.0,,,0.0,1.0
B000578,R001251-218-D,source2,,ambiguous,0.24428571428571422,Riverbend Legal,Riverbend Pharmacy Co,"6760 Washington Ave, Nashville, TN 372432","536 Sycamore Ct, Nashville, TN 372846",(276) 682-9586,407-515-9140,-,pharmacy,0.8688888888888889,0.0,0.0,0.0,0.0,1.0,1.0,1.0,0.0,,,1.0
B000934,R000774-242,source2,,certain_nonmatch,0.11428571428571432,Amberly Cleaners,Fernwood Insurance Corp,"6608 Highland Dr, Worcester, MA 016735","7011 Birch Ave, Worcester, MA 016735",(876) 407-1269,985-883-6305,cleaning,insurance,0.5763888888888888,0.0,0.0,0.0,1.0,1.0,1.0,1.0,0.0,,0.0,1.0
B000886,L000328-852,source3,,certain_nonmatch,0.0,Riverbend Bicycle,Thistledown Phrmacy,"2462 Spruce Rd, Dallas, TX 752464","2822 Highland Ct, Dallas, TX 752464",(772) 880-2664,(824) 897-6581,bike,pharmacies and drug stores,0.5457762052189296,0.0,0.0,0.0,1.0,1.0,0.0,1.0,0.0,0.5740353561647034,0.0,1.0
B000858,L000520-969,source3,,certain_nonmatch,0.0,Maple Hill Furniture,Elmhurst Floral,"1206 Birch St, Rochester, MN 559936","918 Moroe Way, Rochester, MN 559271",(416) 903-6879,(943) 894-5169,restaurant,flower shop,0.6611111111111111,0.0,0.0,0.0,0.0,1.0,0.0,1.0,0.0,0.007052835977211142,0.0,1.0
B001153,R000552-822,source2,,ambiguous,0.24428571428571422,Kensington Furniture,Kensington Insurance Co,"3720 Market Blvd, Pittsburgh, PA 152794","4303 Elm Way, Pittsburgh, PA 152057",(791) 385-2375,696-890-7353,furniture,insurance,0.895,0.0,0.0,0.0,0.0,1.0,1.0,1.0,0.0,,0.0,1.0
B000413,R000709-426,source2,,ambiguous,0.4585714285714286,Clearwater Hardware,Clearwater Lansdcaping Corp,"4601 Washington Ave Ste 261, Nashville, TN 372348","3451 Willow Ln, Nashville, TN 372348",,217-908-2190,hardware,landscaping,0.8746411483253588,0.0,,,1.0,1.0,1.0,1.0,0.0,,0.0,2.0
B000784,R000784-371,source2,,probable_match,0.7785714285714286,Bramblewood Restaurant,BramblewoodRestaurant Corp,"3197 Market Dr, Atlanta, GA 303379","3197 Market Dr, Atlanta, GA 303379",(300) 334-5298,-,restaurant,restaurant,0.990909090909091,0.0,,,1.0,1.0,1.0,1.0,1.0,,1.0,2.0
B001108,R000219-321,source2,,ambiguous,0.1642857142857143,Silver Lake Floral,Quarry Hill Dental Corp,"9494 Chestnut Pl, Columbus, OH 432574","3769 Lincoln Blvd, Columbus, OH 432574",(857) 862-7650,865-713-5530,restaurant,restaurant,0.5703703703703704,0.0,0.0,0.0,1.0,1.0,1.0,1.0,0.0,,1.0,1.0
B000354,L000345-339,source3,,certain_nonmatch,0.0,Blue Ridge Optometry,Grandview Gym,"1898 Jefferson St, Naperville, IL 605030","4889 Jefferson Way, Naperville, IL 605095",(761) 458-7772,(341) 405-5614,restaurant,fitness centers and gyms,0.5467948717948717,0.0,0.0,0.0,0.0,1.0,0.0,1.0,0.0,0.3287186517301613,0.0,1.0
B000429,R000971-818,source2,,probable_match,0.4585714285714286,Bramblewood Cleaners,Bramblewood Floral Ltd,"1125 Maple Pl, Indianapolis, IN 462163","4306 Cherry Ct, Indianapolis, IN 462163",(773) 796-5703,null,cleaning,floral,0.9033333333333333,0.0,,,1.0,1.0,1.0,1.0,0.0,,0.0,2.0
B000407,L000412-311-U,source3,,ambiguous,0.1785714285714286,Glenmore Restaurant,Highland Restaurant,"174 Broadway Ln Ste 925, Denver, CO 802882","3354 Franklin Ln, Denver, CO 802882",(901) 369-8423,713-2276,restaurant,eating places,0.7769423558897243,0.0,,0.0,1.0,1.0,1.0,1.0,0.0,0.09326115806711378,1.0,2.0
B000266,R000635-984,source2,,ambiguous,0.24428571428571422,Foxglove Roofing,Foxglove Storage Ltd,"3569 Jefferson Pl, Aurora, IL 605604","4914 Jefferson Dr, Aurora, IL 605089",(475) 530-4646,null,roofing,storage,0.8833333333333333,0.0,,,0.0,1.0,1.0,1.0,0.0,,0.0,1.0
B000692,L001022-885,source3,,certain_nonmatch,0.0,Acme Floral,Harboview Bakery,"9529 Poplar Blvd, Phoenix, AZ 850127","8698 Lincoln Pl, Phoenix, AZ 850549",(882) 746-9757,N/A,N/A,bakeries,0.529040404040404,0.0,,,0.0,1.0,0.0,1.0,0.0,0.708402042086938,,1.0
B000434,R000747-673,source2,,ambiguous,0.1642857142857143,Elmhurst Restaurant Co,Cedar Grove Restaurant LP,"5143 Walnut Rd Ste 687, Savannah, GA 314718","7172 Elm Blvd, Savannah, GA 314718",(388) 964-3115,366-374-0295,restaurant,restaurant,0.604527051895473,0.0,0.0,0.0,1.0,1.0,1.0,1.0,0.0,,1.0,1.0
B000874,L000234-680,source3,,ambiguous,0.2142857142857143,Harborview Childcare,Maple Hill Bakery,"988 Washington Ave Ste 321, Aurora, IL 605604",-,(595) 392-7989,(306) 226-1468,childcare,restaurants,0.5627450980392158,0.0,0.0,0.0,1.0,1.0,,1.0,,0.060273927406470806,0.0,1.0
B001294,R000360-923-D,source2,,ambiguous,0.24428571428571422,Riverbend Electric,Riverbend Coffe LLC,"6503 Washington Pl, Columbus, OH 432203","5159 Lincoln Rd, Columbus, OH 432686",(820) 451-2243,853-242-4395,electric,coffee,0.8766666666666666,0.0,0.0,0.0,0.0,1.0,1.0,1.0,0.0,,0.0,1.0
B000174,L000741-578,source3,,certain_nonmatch,0.0,N/A,Cedar Grove Polos,"3945 Washington Pl, Denver, CO 802849","3891 Park Dr, Denver, CO 802849",(252) 488-8108,,restaurant,restaurants,,0.0,,,1.0,1.0,0.0,1.0,0.0,0.17552011834352654,1.0,1.0
B000650,L000650-483,source3,,probable_match,0.5785714285714287,Silver Lake Pools,Silver Lake Pools Shop,N/A,"4205 Cherry Pl, Savannah, GA 314273",(251) 610-7027,-,restaurant,,1.0,1.0,,,1.0,1.0,0.0,1.0,,0.8056951083956087,,2.0
B001097,L000794-562,source3,,certain_nonmatch,0.0,Fairview Siding,Pinecrest Insurance,"4944 Spruce Dr, Austin, TX 787238","6969 Market Ave, Austin, TX 787233",(671) 887-2966,950-4413,siding,insurance agency,0.5164578111946533,0.0,,0.0,1.0,1.0,0.0,1.0,0.0,0.2571021122899816,0.0,1.0
B000231,L000486-245,source3,,certain_nonmatch,0.0,Cedar Grove Legal,Pinecrest Accounting Shop,"486 Sycamore Way Ste 561, Charlotte, NC 282388","2390 Willow Ct, Charlotte, NC 282167",(434) 564-9060,N/A,restaurant,tax preparation,0.4985294117647059,0.0,,,0.0,1.0,0.0,1.0,0.0,0.5858199713689617,0.0,1.0
B000201,L000478-269,source3,,ambiguous,0.24428571428571427,Glenmore Plumbing,Glenmore Barber,N/A,"619 Willow Rd, Raleigh, NC 276623",(320) 896-3365,575-9538,plumbing,barber shops,0.8509803921568627,0.0,,0.0,0.0,1.0,0.0,1.0,,0.4247244789574694,0.0,1.0
B000497,R000497-187,source2,,certain_match,1.0,Copperfield Electric LP,Copperfield Electric LP,"484 Liberty Rd Ste 523, Seattle, WA 981505","484 Liberty Rd Ste 523, Seattle, WA 981505",(511) 653-4485,511-653-4485,electric,electric,1.0,1.0,1.0,1.0,,,1.0,1.0,1.0,,1.0,1.0
B000897,L000897-245,source3,,probable_match,0.642857142857143,Eastgate Legal,Eastgate Legal,"3877 Cedar Blvd, Minneapolis, MN 554217","Cedar Blvd, Minneapolis, MN 554217",-,593-6882,legal,attorney,1.0,1.0,,,1.0,1.0,0.0,1.0,,0.3678205280863207,1.0,3.0
B000452,L000249-686,source3,,certain_nonmatch,0.0,Deepford Pharmacy,Pinecrest Pools Shop,"8746 Park Way, Worcester, MA 016580","Chrery Blvd, Worcester, MA 016580",(753) 432-1467,(674) 437-6636,pharmacy,pool and spa services,0.48328664799253035,0.0,0.0,0.0,1.0,1.0,0.0,1.0,,0.36709059808481953,0.0,1.0
B000537,R000295-142,source2,,ambiguous,0.2942857142857142,Maple Hill Electric,Maple Hill Hardware Corp,"6649 Maple Rd, Austin, TX 787238","6661 Cedar Ct, Austin, TX 787791",(811) 989-6208,397-505-7591,restaurant,restaurant,0.8582995951417004,0.0,0.0,0.0,0.0,1.0,1.0,1.0,0.0,,1.0,1.0
B000081,R000081-702,source2,,certain_match,1.0,Willowbrook Cleaners,Willowbrook Cleaners Co,"716 Chestnut Blvd, Denver, CO 802370","964 Birch Rd, Denver, CO 802370",(591) 595-2492,591-595-2492,cleaning,cleaning,1.0,1.0,1.0,1.0,,,1.0,1.0,0.0,,1.0,1.0
B000360,L000360-311,source3,,probable_match,0.6535714285714287,Riverbend Coffee LLC,Riverbend Coffee Shop,"2268 Broadway St, New Orleans, LA 701919","2268A Brodaway St, New Orleans, LA 701919",(567) 648-4395,648-4395,coffee,coffeehouse,1.0,1.0,,1.0,1.0,1.0,0.0,1.0,0.0,0.4711682609466295,1.0,2.0
B000245,L000245-633,source3,,probable_match,0.7142857142857142,Northstar Cleaners,Northstar Cleaners Shop,"7053 Cedar Way Ste 364, Philadelphia, PA 191704","7053 Cedar Way #364, Philadelphia, PA 191704",(723) 964-8499,,cleaning,dry cleaners and laundry,1.0,1.0,,,1.0,1.0,0.0,1.0,1.0,0.4005186098889456,1.0,1.0
B001253,R000703-368,source2,,ambiguous,0.1642857142857143,Silver Lake Gym,Maple Hill Legal Corp,"6228 Lake Dr, Columbus, OH 432027","4226 Lincoln Way, Columbus, OH 432027",null,null,restaurant,restaurant,0.6467592592592593,0.0,,,1.0,1.0,1.0,1.0,0.0,,1.0,1.0
B000648,R000122-571,source2,,ambiguous,0.44428571428571423,Bramblewood Plumbing,Bramblewood Childcare Corp,"9435 Maple Dr Ste 355, Philadelphia, PA 191701","1888 Lincoln Way Ste 432, Philadelphia, PA 191704",null,833-671-5928,plumbing,,0.8590476190476191,0.0,,,1.0,1.0,1.0,1.0,0.0,,,1.0
B001280,R001025-129,source2,,certain_nonmatch,0.0,Amberly Electric,Meridian Barber Corp,"1415 Hickory Rd, Kansas City, MO 641762","638 Cedar Way Ste 407, Kansas City, MO 641764",(925) 408-8232,N/A,,beauty,0.5111111111111111,0.0,,,1.0,1.0,1.0,1.0,0.0,,,1.0
B000893,R000744-428,source2,,ambiguous,0.31428571428571433,Brookfield Insurance,Amberly Floral LP,,"9317 Cedar Rd, Denver, CO 802849",(491) 668-1968,446-361-4485,insurance,null,0.5865079365079365,0.0,0.0,0.0,1.0,1.0,1.0,1.0,,,,1.0
B001255,L001271-486,source3,,ambiguous,0.2142857142857143,Bramblewood Pharmacy,Ironwood Electrical,"8760 Lake Ave, Spokane, WA 992642",-,(907) 648-0475,null,pharmacy,electricians,0.5884370015948964,0.0,,,1.0,1.0,,1.0,,0.7148921407150722,0.0,1.0
B000714,R000714-999,source2,,certain_match,1.0,Grandview Optometry LLC,Grandview Optometry LLC,"9637 Elm Rd, Worcester, MA 016935","9637 Elm Rd, Worcester, MA 016935",(466) 783-3734,466-783-3734,optometry,,1.0,1.0,1.0,1.0,1.0,1.0,1.0,1.0,1.0,,,3.0
B000208,R000208-639,source2,,certain_match,1.0,Silver Lake Electrical,Silver Lake Electrical LLC,"9732 Oak Ave, Indianapolis, IN 462163","9732 Oak Ave, Indianapolis, IN 462163",(921) 249-4009,215-772-4009,restaurant,restaurant,1.0,1.0,0.0,0.0,1.0,1.0,1.0,1.0,1.0,,1.0,2.0
B001126,R000651-647,source2,,probable_match,0.24428571428571422,Stonegate Storage,Stonegate Bakery Inc,"737 Main Dr Ste 978, Aurora, IL 605432","9139 Maple Ct, Aurora, IL 605604",(532) 202-2931,null,storage,bakery,0.9000565610859729,0.0,,,0.0,1.0,1.0,1.0,0.0,,0.0,1.0
B001129,L001129-537,source3,,probable_match,0.42857142857142877,Pinecrest Pharmacy,Pinecrest Pharmacy Shop,"8963 Lake Way Ste 317, Austin, TX 787238","8936 Lake Way #317, Austin, TX 787238",(494) 620-8987,-,pharmacy,pharmacies,1.0,1.0,,,1.0,1.0,0.0,1.0,0.0,0.7682491570617657,1.0,2.0
B000411,L000165-678,source3,,certain_nonmatch,0.0,Fairview Insurance,Fairview Moving,"9629 Sycamore Way, Philadelphia, PA 191655","908 Monroe Way #256, Columbus, OH 432203",(730) 457-6165,365-5286,insurance,movers,0.8688888888888889,0.0,,0.0,0.0,0.0,0.0,0.0,0.0,667.1503536061997,0.0,1.0
B000385,L001293-878,source3,,probable_match,0.442857142857143,Fairview Optometry,Fairview Optometry,"8419 Cedar Rd, Aurora, IL 605604","3372 Cedar Rd #508, Aurora, IL 605604",(486) 769-4329,null,optometry,opticians and ophthalmologists,1.0,1.0,,,1.0,1.0,0.0,1.0,0.0,1.1018969318133922,1.0,3.0
B000997,L000041-695,source3,,certain_nonmatch,0.0,Ironwood Insurance,Brokfield Legal,"7800 Monroe Pl Ste 607, Phoenix, AZ 850549","2268 Elm Pl, Phoenix, AZ 850044",(924) 390-7687,(924) 419-1052,insurance,attorneys,0.5232804232804233,0.0,0.0,0.0,0.0,1.0,0.0,1.0,0.0,0.23390914124399184,0.0,1.0
B000792,L000650-205,source3,,ambiguous,0.2142857142857143,Foxglove Printing,Silver Pool,"1623 Broadway Pl, Savannah, GA 314273",-,(238) 392-2321,610-7027,printing,cafes,0.5659536541889483,0.0,,0.0,1.0,1.0,,1.0,,0.7367883409863076,0.0,1.0
B001165,L001122-111,source3,,certain_nonmatch,0.0,Glenmore Bicycle,-,"4201 Spruce Ln, Indianapolis, IN 462006","1087 Walnut Ct, Indianapolis, IN 462006",(948) 451-9176,null,null,beauty salon,,0.0,,,1.0,1.0,0.0,1.0,0.0,0.5859951228876076,,1.0
B001194,L001273-167,source3,,probable_match,0.42857142857142877,Fernwood Printing,Fernwood Printing,"3087 Franklin Ave, Charlotte, NC 282276","4745 Franklin Ave, Charlotte, NC 282276",(762) 428-0300,789-4104,printing,print shop,1.0,1.0,,0.0,1.0,1.0,0.0,1.0,0.0,2.7615914513842856,1.0,2.0
B000824,R000824-741,source2,,certain_match,1.0,Elmhurst Furniture,Elmhurst Furniture LLC,"8906 Market Blvd Ste 656, Columbus, OH 432027","8906 Market Blvd Ste 656, Columbus, OH 432027",null,222-245-1684,furniture,furniture,1.0,1.0,,,1.0,1.0,1.0,1.0,1.0,,1.0,2.0
B001189,R000950-280,source2,,probable_match,0.24428571428571422,Copperfield Pet,Copperfield Electrical LP,"9592 Willow Way Ste 364, Aurora, IL 605089","7548 Poplar Dr, Aurora, IL 605432",(965) 838-8425,537-754-6374,pet,,0.9139393939393939,0.0,0.0,0.0,0.0,1.0,1.0,1.0,0.0,,,1.0
B000185,R000185-423,source2,,certain_match,0.842857142857143,Fairview Floral Corp,Fairview Floral Corp,"8951 Walnut Pl, Spokane, WA 992163","8915 Walnut Pl, Spokane, WA 992163",(898) 858-4331,222-535-4331,floral,floral,1.0,1.0,0.0,0.0,1.0,1.0,1.0,1.0,0.0,,1.0,3.0
B001108,R001253-225,source2,,ambiguous,0.2942857142857142,Silver Lake Floral,Silver Lake Gym Corp,"9494 Chestnut Pl, Columbus, OH 432574","6228 Lake Dr, Columbus, OH 432027",(857) 862-7650,505-485-8436,restaurant,restaurant,0.8933333333333334,0.0,0.0,0.0,0.0,1.0,1.0,1.0,0.0,,1.0,1.0
B000150,R000165-768,source2,,ambiguous,0.24428571428571422,Fairview Storage,Fairview Moving Ltd,"7499 Oak Ave Ste 144, Columbus, OH 432574","980 Monroe Way Ste 256, Columbus, OH 432203",(243) 523-5080,387-906-5286,storage,null,0.8841666666666667,0.0,0.0,0.0,0.0,1.0,1.0,1.0,0.0,,,1.0
B001209,R001058-244,source2,,probable_match,0.7785714285714287,Elmhurst Gym Ltd,Elmhurst Gym Co,"572 Willow Ave, Phoenix, AZ 850127","7974 Willow Ave Ste 192, Phoenix, AZ 850127",(417) 545-8246,966-341-7999,fitness,null,1.0,1.0,0.0,0.0,1.0,1.0,1.0,1.0,0.0,,,2.0
B001156,L001156-551,source3,,probable_match,0.442857142857143,Cedar Grove Legal,Cedar Grove Legal Shop,"9437 Park Dr Ste 606, Boulder, CO 803721","9473 Park Dr #606, Boulder, CO 803721",(398) 835-8833,null,restaurant,food services,1.0,1.0,,,1.0,1.0,0.0,1.0,0.0,0.4822335214598703,1.0,3.0
B000537,L000295-802,source3,,ambiguous,0.5942857142857143,Maple Hill Electric,Maple Hill Hardware,"6649 Maple Rd, Austin, TX 787238",-,(811) 989-6208,515-7591,restaurant,food services,0.8582995951417004,0.0,,0.0,0.0,1.0,,1.0,,0.39150536179867207,1.0,1.0
B000577,L000476-628,source3,,certain_nonmatch,0.0,Cedar Grove Siding Ltd,Cpoperfield Printing,"9499 Chestnut Ct, Nashville, TN 372220","6164 Liberty Pl, Nashville, TN 372220",(894) 533-3769,N/A,restaurant,print shop,0.6722222222222222,0.0,,,1.0,1.0,0.0,1.0,0.0,0.2799844779233409,0.0,1.0
B000763,R000029-786,source2,,ambiguous,0.1642857142857143,Cedar Grove Pet,Silver Lake Coffee Inco,"6305 Poplar St Ste 881, Seattle, WA 981505","9531 Highland Dr Ste 710, Seattle, WA 981505",(462) 989-5711,277-283-5139,restaurant,restaurant,0.5526570048309178,0.0,0.0,0.0,1.0,1.0,1.0,1.0,0.0,,1.0,1.0
B001132,R000411-256,source2,,ambiguous,0.2585714285714285,Fairview Moving,Fairview Insurance Corp,"5110 Maple Ct Ste 748, Philadelphia, PA 191570","9629 Scamore Way, Philadelphia, PA 191655",(490) 698-1065,985-963-6165,moving,insurance,0.8688888888888889,0.0,0.0,0.0,0.0,1.0,1.0,1.0,0.0,,0.0,2.0
B000485,R000123-403-D,source2,,ambiguous,0.24428571428571422,Ironwood Coffee,Ironwood Pet Inc,"5985 Walnut Way Ste 452, Pittsburgh, PA 152234","3792 Oak Ave, Pittsburgh, PA 152706",(872) 224-4994,756-748-5562,coffee,pet,0.9,0.0,0.0,0.0,0.0,1.0,1.0,1.0,0.0,,0.0,1.0
B000417,R000578-973,source2,,certain_nonmatch,0.0,Eastgate Hardware,Riverbend Legal Inc,"2339 Franklin Way, Nashville, TN 372432","6760 Washington Ave, Nashville, TN 372432",(839) 875-8369,276-682-9586,hardware,-,0.48328664799253035,0.0,0.0,0.0,1.0,1.0,1.0,1.0,0.0,,,1.0
B000868,L000233-229,source3,,certain_nonmatch,0.0,Sunset Electric,Lakeside Salon,"8643 Oak St Ste 116, Denver, CO 802849","1746 Maple Ln, Denver, CO 802906",(682) 297-6800,,electric,barber shops,0.5539682539682539,0.0,,,,,0.0,1.0,0.0,0.5032113587437176,0.0,1.0
B000939,L000172-471,source3,,certain_nonmatch,0.0,Deepford Restaurant,Willowbrook Floral,"1416 Pine Ave Ste 741, Naperville, IL 605030","4062 Elm Dr #397, Naperville, IL 605238",(986) 373-0171,628-4067,restaurant,florist,0.4385964912280702,0.0,,0.0,0.0,1.0,0.0,1.0,0.0,0.1442127161056291,0.0,1.0
B000014,R000934-506,source2,,probable_match,0.24428571428571422,Amberly Childcare,Amberly Cleaners Corp,"7974 Elm Pl Ste 322, Worcester, MA 016216","6608 Highland Dr, Worcester, MA 016735",(794) 953-8883,747-778-1269,childcare,cleaning,0.9000565610859729,0.0,0.0,0.0,0.0,1.0,1.0,1.0,0.0,,0.0,1.0
B000085,R001269-828,source2,,ambiguous,0.4585714285714286,Willowbrook Pharmacy Inc,Willowbrook Automotive Co,"1481 Jefferson Dr, Pittsburgh, PA 152841","4840 Oak Pl, Pittsburgh, PA 152841",-,528-352-0983,pharmacy,auto,0.8672727272727273,0.0,,,1.0,1.0,1.0,1.0,0.0,,0.0,2.0
B000811,L000811-674,source3,,probable_match,0.6035714285714286,Lakeside Electrical,LakesideE lectrical,"629 Highland Rd, Naperville, IL 605095","629 Highland Rd, Naperville, IL 605095",(637) 218-3270,218-3270,electrical,electrician,0.9894736842105263,0.0,,1.0,1.0,1.0,0.0,1.0,1.0,0.29411512030456044,1.0,2.0
B000902,L000056-142,source3,,certain_nonmatch,0.11428571428571432,Northstar Accounting,Havenwood Plumbing,"1321 Cherry Way, Aurora, IL 605558","6659 Birch Blvd, Aurora, IL 605558",(478) 940-0683,,accounting,plumbing contractors,0.5518518518518518,0.0,,,1.0,1.0,1.0,1.0,0.0,0.24810318913060744,0.0,1.0
B001087,R000946-734,source2,,probable_match,0.44428571428571423,Stonegate Storage Corp,Stonegate Pet Co,"1112 Sycamore St, Cleveland, OH 441429",N/A,(288) 825-0570,-,storage,pet,0.9091251885369532,0.0,,,0.0,1.0,1.0,1.0,,,0.0,1.0
B001087,R000727-776,source2,,probable_match,0.24428571428571422,Stonegate Storage Corp,Stonegate Salon Ltd,"1112 Sycamore St, Cleveland, OH 441429","4030 Pine Ln Ste 280, Cleveland, OH 441225",(288) 825-0570,304-221-2248,storage,beauty,0.9108898944193061,0.0,0.0,0.0,0.0,1.0,1.0,1.0,0.0,,0.0,1.0
B001101,R000170-900,source2,,ambiguous,0.1642857142857143,Bramblewood Floral,Meridian Floral Inc,"7891 Walnut Blvd Ste 510, Aurora, IL 605558","7203 Jefferson St, Aurora, IL 605558",(634) 480-7757,null,floral,floral,0.6555555555555556,0.0,,,1.0,1.0,1.0,1.0,0.0,,1.0,1.0
B000333,R001223-474,source2,,ambiguous,0.31428571428571433,Grandview Electric,Glenmore Legal LP,"7479 Oak Blvd, Chicago, IL 606758",N/A,(404) 480-6035,755-737-7553,electric,legal,0.5886243386243386,0.0,0.0,0.0,1.0,1.0,1.0,1.0,,,0.0,1.0
B000885,L000228-530-U,source3,,certain_nonmatch,0.0,Maple Hill Landscaping,Deepford Optometry,"8633 Pine Pl Ste 795, Seattle, WA 981521","9714 Maple Ct, Seattle, WA 981521",(540) 600-9652,(757) 777-0539,restaurant,optician,0.36835016835016837,0.0,0.0,0.0,1.0,1.0,0.0,1.0,0.0,0.11289238001833192,0.0,1.0
B000054,R000202-142,source2,,certain_nonmatch,0.11428571428571432,Ironwood Landscaping,Fernwood Restaurant Co,"7614 Poplar Ct, Seattle, WA 981505","1676 Poplar Ave, Seattle, WA 981505",(545) 229-8098,778-259-9155,landscaping,restaurant,0.6187400318979267,0.0,0.0,0.0,1.0,1.0,1.0,1.0,0.0,,0.0,1.0
B000634,R000315-177,source2,,ambiguous,0.5085714285714287,Cedar Grove Electric Inc,Cedar Grove Storage Corp,"4709 Highland Pl Ste 687, New Orleans, LA 701597","329 Chestnut St Ste 207, New Orleans, LA 701598",(432) 839-1506,690-224-6151,restaurant,restaurant,0.894561403508772,0.0,0.0,0.0,1.0,1.0,1.0,1.0,0.0,,1.0,2.0
B000728,R000294-468,source2,,ambiguous,0.31428571428571433,Pinecrest Gym,Copperfield Pools LP,-,"5346 Cestnut Way, Rochester, MN 559658",(397) 745-6196,208-649-2230,fitness,pool,0.5548373195432018,0.0,0.0,0.0,1.0,1.0,1.0,1.0,,,0.0,1.0
B000948,R000910-819,source2,,certain_nonmatch,0.0,Blue Ridge Floral LLC,Windward Furniture Inc,"8022 Willow St, Eugene, OR 974618","6035 Oak St Ste 253, Eugene, OR 974618",(903) 578-4134,227-308-9978,restaurant,furniture,0.5133442265795206,0.0,0.0,0.0,1.0,1.0,1.0,1.0,0.0,,0.0,1.0
B000809,R001073-302,source2,,certain_nonmatch,0.0,Thistledown Bakery,Thistledown Electrical Inc,"2067 Elm Ave Ste 113, Naperville, IL 605616","456 Lincoln Ave, Aurora, IL 605558",(443) 253-5605,504-387-3121,bakery,electrical,0.8896969696969697,0.0,0.0,0.0,0.0,1.0,0.0,1.0,0.0,,0.0,1.0
B001232,L001066-839-U,source3,,ambiguous,0.2642857142857143,Stonegate Restaurant,Harborview Restaurant,"3954 Sycamore Rd Ste 318, Tucson, AZ 857944",-,null,891-4400,restaurant,food services,0.6698412698412698,0.0,,,,,,1.0,,0.572369350249745,1.0,1.0
B000731,R000852-587,source2,,ambiguous,0.31428571428571433,Thistledown Cleaners,N/A,"9021 Maple Ln Ste 186, Cleveland, OH 441225",null,N/A,762-412-7167,cleaning,accounting,,0.0,,,1.0,1.0,1.0,1.0,,,0.0,1.0
B000140,R000156-325-D,source2,,ambiguous,0.24428571428571422,Windward Barber,Windward Gym LLC,"8453 Cedar Ave Ste 881, Spokane, WA 992881","7154 Elm Ct, Spokane, WA 992278",(480) 660-8410,236-329-1101,beauty,fitness,0.87,0.0,0.0,0.0,0.0,1.0,1.0,1.0,0.0,,0.0,1.0
B000956,R000327-940,source2,,ambiguous,0.1642857142857143,Meridian Bakery Corp,Lakeside Bakery LLC,"5967 Union St, Raleigh, NC 276546","9220 Liberty Ave Ste 392, Raleigh, NC 276546",(616) 688-2791,553-620-4327,bakery,bakery,0.701010101010101,0.0,0.0,0.0,1.0,1.0,1.0,1.0,0.0,,1.0,1.0
B000538,L000926-507,source3,,ambiguous,0.2642857142857143,Blue Ridge Restaurant,Bule Fitness,"4 Liberty Rd Ste 252, Indianapolis, IN 462777",,-,(936) 434-4754,restaurant,cafes,0.6521164021164022,0.0,,,1.0,1.0,,1.0,,0.4123369054148909,1.0,1.0
B000714,R000342-259,source2,,ambiguous,0.24428571428571422,Grandview Optometry LLC,Grandview Legal LP,"9637 Elm Rd, Worcester, MA 016935","8760 Sycaore Blvd, Worcester, MA 016735",(466) 783-3734,568-719-4918,optometry,legal,0.8624561403508771,0.0,0.0,0.0,0.0,1.0,1.0,1.0,0.0,,0.0,1.0
B001024,R000990-457-D,source2,,ambiguous,0.2942857142857142,Cedar Grove Salon,Cedar Grove Bicycle Ltd,"7502 Lincoln Ct Ste 477, Nashville, TN 372432","6916 Chestnut Way, Nashville, TN 372192",null,661-966-3893,restaurant,restaurant,0.8897832817337461,0.0,,,0.0,1.0,1.0,1.0,0.0,,1.0,1.0
B001045,L001242-610,source3,,certain_nonmatch,0.0,Riverbend Plumbing,Fernwood Legal,"9496 Cherry Ln, Dallas, TX 752464","3435 Park Ln, Dallas, TX 752464",(449) 333-2445,412-7087,null,law office,0.546957671957672,0.0,,0.0,1.0,1.0,0.0,1.0,0.0,2.323562846416897,,1.0
B000383,R000383-477,source2,,certain_match,1.0,Highland Childcare,Highland Childcare Co,"6350 Jefferson St, Pittsburgh, PA 152841","6350A Jefferson St, Pittsburgh, PA 152841",(521) 765-0881,521-765-0881,childcare,childcare,1.0,1.0,1.0,1.0,1.0,1.0,1.0,1.0,0.0,,1.0,3.0
B000438,L000438-442,source3,,certain_match,1.0,Amberly Furniture,Amberly Furniture Shop,"5690 Lincoln St, Savannah, GA 314273","5690 Lincoln St, Savannah, GA 314273",(669) 323-8490,(669) 323-8490,furniture,furniture store,1.0,1.0,1.0,1.0,1.0,1.0,0.0,1.0,1.0,0.20946245720463746,1.0,4.0
B001216,L000652-264,source3,,certain_nonmatch,0.0,Grandview Dental,Riverbend Electrical,"654 Birch Way, Boston, MA 021410","4362 Park Blvd, Boston, MA 021410",null,(334) 641-3385,dental,electrical contractors,0.5943181818181819,0.0,,,1.0,1.0,0.0,1.0,0.0,2.279745798556638,0.0,1.0
B000354,L000513-958,source3,,certain_nonmatch,0.0,Blue Ridge Optometry,Eastgate Bakery,"1898 Jefferson St, Naperville, IL 605030","8636 Jefferson Dr, Naperville, IL 605616",(761) 458-7772,N/A,restaurant,bakeries,0.5351851851851852,0.0,,,0.0,1.0,0.0,1.0,0.0,0.23633948332422738,0.0,1.0
B001275,L000980-518,source3,,probable_match,0.39285714285714296,Willowbrook Storage,Willowbrook Storage,"441 Market Rd Ste 936, Savannah, GA 314718","8315 Market Rd, Savannah, GA 314718",(690) 822-4143,818-3732,N/A,self storage,1.0,1.0,,0.0,1.0,1.0,0.0,1.0,0.0,0.4130013450785389,,3.0
B000827,R000827-326-D,source2,,probable_match,0.48928571428571427,Highland Accounting,Highland Accounting Corp,"8180 Broadway Ave, Seattle, WA 981521","9512 Chestnut Way, Spokane, WA 992013",(929) 278-0035,929-278-0035,accounting,null,1.0,1.0,1.0,1.0,0.0,0.0,0.0,1.0,0.0,,,1.0
B000747,R000147-329,source2,,ambiguous,0.2942857142857142,Cedar Grove Restaurant,Cedar Grove Gym Ltd,"7172 Elm Blvd, Savannah, GA 314718","9008 Main Pl, Savannah, GA 314959",(366) 374-0295,722-773-6338,restaurant,restaurant,0.8690909090909091,0.0,0.0,0.0,0.0,1.0,1.0,1.0,0.0,,1.0,1.0
B001222,R000496-386,source2,,certain_nonmatch,0.0,Havenwood Printing,Sunset Pet LP,"2361 Willow Rd, Spokane, WA 992642","9255 Pine Rd Ste 670, Spokane, WA 992642",(386) 633-7307,937-321-3016,printing,pet,0.525925925925926,0.0,0.0,0.0,1.0,1.0,1.0,1.0,0.0,,0.0,1.0
B000775,R000477-976,source2,,certain_nonmatch,0.0,Grandview Childcare,Silver Lake Gym LLC,"8268 Oak Pl Ste 915, Columbus, OH 432027","4921 Lake Dr Ste 422, Columbus, OH 432027",(509) 889-8990,907-482-9071,childcare,restaurant,0.5264619883040935,0.0,0.0,0.0,1.0,1.0,0.0,1.0,0.0,,0.0,1.0
B000790,R000360-923,source2,,ambiguous,0.24428571428571422,Riverbend Hardware,Riverbend Coffe LLC,"9089 Willow Rd, New Orleans, LA 701598","2268 Broadway St, New Orleans, LA 701919",(241) 331-9422,853-242-4395,hardware,coffee,0.8688888888888889,0.0,0.0,0.0,0.0,1.0,1.0,1.0,0.0,,0.0,1.0
B000693,R000255-868,source2,,ambiguous,0.44428571428571423,Sunset Childcare,Sunset Cleaners Inc,"4058 Cedar Pl Ste 696, Denver, CO 802643",-,null,378-768-2733,childcare,cleaning,0.8933333333333334,0.0,,,0.0,1.0,1.0,1.0,,,0.0,1.0
B001008,L001233-566,source3,,probable_match,0.7142857142857143,Acme Landscaping LP,Acme Landscaping,"2699 Union Pl Ste 826, Spokane, WA 992112",-,(701) 319-5332,628-3081,landscaping,gardener,1.0,1.0,,0.0,,,,1.0,,1.8344892325453812,1.0,1.0
B000741,L000979-115,source3,,ambiguous,0.2285714285714286,Cedar Grove Pools,Sunset Pools,"3819 Park Dr, Denver, CO 802849",,(666) 258-6039,430-7250,restaurant,pool and spa services,0.6174136321195145,0.0,,0.0,1.0,1.0,,1.0,,0.5887903295791672,0.0,2.0
B001050,R001050-804,source2,,certain_match,1.0,Glenmore Printing,Glenmore Printing Inc,"1835 Maple Ct, Atlanta, GA 303854",-,(949) 750-8251,778-344-8251,printing,printing,1.0,1.0,0.0,0.0,1.0,1.0,1.0,1.0,,,1.0,2.0
B000629,R000407-581,source2,,ambiguous,0.24428571428571422,Glenmore Automotive,Glenmore Restaurant Ltd,"9684 Lincoln Dr, Denver, CO 802633","174 Broadway Ln Ste 925, Denver, CO 802882",(985) 491-5250,616-467-8423,auto,restaurant,0.8661654135338346,0.0,0.0,0.0,0.0,1.0,1.0,1.0,0.0,,0.0,1.0
B001086,L000939-207-U,source3,,certain_nonmatch,0.0,Glenmore Roofing,Maple Hill Hardware,"4247 Broadway Dr Ste 218, Naperville, IL 605517","7249 Pine Ave #741, Naperville, IL 605030",(974) 792-3766,(986) 373-0171,roofing,hardware store,0.4591165413533835,0.0,0.0,0.0,0.0,1.0,0.0,1.0,0.0,0.32234246642132885,0.0,1.0
B000191,L000191-701,source3,,probable_match,0.6678571428571431,Acme Barber,Acme Barber,"7794 Birch Rd, Spokane, WA 992112","7749 Birch Rd, Spokane, WA 992112",(529) 492-0969,492-0969,beauty,nail salon,1.0,1.0,,1.0,1.0,1.0,0.0,1.0,0.0,0.14668449084675864,1.0,3.0
B001276,R000695-844,source2,,ambiguous,0.31428571428571433,Blue Ridge Cleaners,Stonegate Cleaners Co,"2521 Elm Rd Ste 516, Dallas, TX 752103",N/A,null,N/A,restaurant,null,0.6827485380116959,0.0,,,1.0,1.0,1.0,1.0,,,,1.0
B001098,L001098-322,source3,,probable_match,0.5978571428571429,Eastgate Gym,Eastgate Fitness,"5555 Walnut Ct Ste 546, Charlotte, NC 282250","5555 Walnut Ct, Charlotte, NC 282250",(801) 921-0452,921-0452,fitness,-,0.8625,0.0,,1.0,1.0,1.0,0.0,1.0,1.0,0.30317744777025774,,3.0
B000405,L000405-385,source3,,probable_match,0.3785714285714285,Silver Lake Roofing,Silver Roofing,"9485 Lincoln St, Atlanta, GA 303373","Lincoln St, Atlanta, GA 303373",(238) 764-4269,null,restaurant,null,0.9473684210526316,0.0,,,1.0,1.0,0.0,1.0,,0.3438599949745973,,2.0
B001097,R000574-289,source2,,certain_nonmatch,0.0,Fairview Siding,Fairview Childcare LPi,"4944 Spruce Dr, Austin, TX 787238","4935 Walnut Ave, Dallas, TX 752464",(671) 887-2966,442-396-1925,siding,childcare,0.8690909090909091,0.0,0.0,0.0,0.0,0.0,0.0,1.0,0.0,,0.0,1.0
B000962,L000962-979,source3,,probable_match,0.6785714285714286,Silver Lake Bakery Co,Silver Lake Bakery,"6494 Franklin Way, Naperville, IL 605030","6494 Franklin Way, Naperville, IL 605030",(742) 261-8392,N/A,restaurant,,1.0,1.0,,,1.0,1.0,0.0,1.0,1.0,0.3952042791073428,,2.0
B000546,L000546-325,source3,,certain_match,0.9142857142857144,Meridian Printing,Meridian Printing,"177 Birch Ln, Chicago, IL 606104",,(788) 951-5431,-,printing,sign shop,1.0,1.0,,,,,,1.0,,0.504929452333895,1.0,1.0
B001235,R001235-529,source2,,probable_match,0.7785714285714286,Pinecrest Dental,Pinerest Dental LLC,"6474 Market Dr, Pittsburgh, PA 152786","6474 Market Dr, Pittsburgh, PA 152786",(527) 913-4895,N/A,dental,dental,0.9874999999999999,0.0,,,1.0,1.0,1.0,1.0,1.0,,1.0,2.0
B000346,L000431-114,source3,,ambiguous,0.2142857142857143,Quarry Hill Cleaners,Glenmore Landscapig,"5184 Market Ct Ste 182, Seattle, WA 981505",null,(541) 846-2897,(777) 695-3985,restaurant,gardener,0.5884370015948964,0.0,0.0,0.0,1.0,1.0,,1.0,,0.3677363987283368,0.0,1.0
B000211,R000688-316,source2,,probable_match,0.24428571428571422,Havenwood Electrical,Havenwood Dental LP,"999 Cherry Dr, Boulder, CO 803677","9071 Park Way, Boulder, CO 803721",(380) 841-6999,585-337-4583,electrical,dental,0.9007142857142857,0.0,0.0,0.0,0.0,1.0,1.0,1.0,0.0,,0.0,1.0
B000927,L000303-561,source3,,certain_nonmatch,0.0,Quarry Hill Plumbing,Foxglove Furniture,"592 Main Blvd, Savannah, GA 314699","9268 Spruce Ct, Savannah, GA 314273",(305) 713-6519,(227) 526-9783,restaurant,furniture stores,0.43677248677248676,0.0,0.0,0.0,0.0,1.0,0.0,1.0,0.0,0.35186583637032803,0.0,1.0
B000496,R000496-386-D,source2,,probable_match,0.2142857142857143,Sunset Pet,Sunset Pet LP,"9255 Pine Rd Ste 670, Spokane, WA 992642","4936 Walnut Ave, Spokane, WA 992237",null,937-321-3016,pet,pet,1.0,1.0,,,0.0,1.0,0.0,1.0,0.0,,1.0,1.0
B000781,R000351-786,source2,,ambiguous,0.4585714285714286,Highland Bakery,Highland Floral Ltd,"5246 Park St, Worcester, MA 016735","8588 Cestnut Pl, Worcester, MA 016735",,338-550-8031,bakery,floral,0.8751515151515151,0.0,,,1.0,1.0,1.0,1.0,0.0,,0.0,2.0
B000920,R000051-189,source2,,probable_match,0.2942857142857142,Cedar Grove Childcare,Cedar Grove Cleaners LLC,"7101 Cedar Ln, Boston, MA 021274","4924 Broadway Blvd, Boston, MA 021032",(526) 394-9145,780-242-5688,restaurant,restaurant,0.9201400560224089,0.0,0.0,0.0,0.0,1.0,1.0,1.0,0.0,,1.0,1.0
B000922,L001038-413,source3,,ambiguous,0.2142857142857143,Meridian Electric,N/A,"7948 Birch Dr, Nashville, TN 372284",-,(813) 565-8903,(760) 787-5651,electric,coffee and tea shops,,0.0,0.0,0.0,1.0,1.0,,1.0,,0.6090337769096689,0.0,1.0
B000675,L000675-602,source3,,certain_match,1.0,Clearwater Cleaners,Clearwater Cleaners,"9330 Monroe Blvd, Nashville, TN 372714","9330 Monroe Blvd, Nashville, TN 372714",(542) 208-1682,(542) 208-1682,cleaning,cleaners,1.0,1.0,1.0,1.0,1.0,1.0,0.0,1.0,1.0,0.3661955213093648,1.0,3.0
B000725,R000725-566,source2,,certain_match,1.0,Harborview Electrical,Harborview Electrical LPi,"6159 Washington Ln, Dallas, TX 752887","6159 Washington Ln, Dallas, TX 752887",(572) 210-1208,407-278-1208,,electrical,0.968,1.0,0.0,0.0,1.0,1.0,1.0,1.0,1.0,,,2.0
B001213,R000422-590,source2,,ambiguous,0.2785714285714285,Acme Roofing,Acme Cleaners Ltd,"4101 Jefferson Ln, Atlanta, GA 303214","118 Lincoln Ave, Atlanta, GA 303214",-,524-618-5935,roofing,cleaning,0.6538461538461539,0.0,,,1.0,1.0,1.0,1.0,0.0,,0.0,2.0
B000666,L000310-568,source3,,certain_nonmatch,0.0,Meridian Siding,Foxglove Electrical,"1575 Monroe Rd, Pittsburgh, PA 152786","5072 Union Rd, Pittsburgh, PA 152786",(702) 656-6358,(382) 946-0029,siding,electrical contractors,0.45263157894736844,0.0,0.0,0.0,1.0,1.0,1.0,1.0,0.0,0.1987591112950136,0.0,1.0
B000006,R000896-995,source2,,certain_nonmatch,0.0,Havenwood Roofing,Foxglove Cleaners LLC,"8836 Liberty Way, Charlotte, NC 282167","737 Main Way, Charlotte, NC 282167",(931) 519-6537,438-298-1740,roofing,,0.46498599439775906,0.0,0.0,0.0,1.0,1.0,1.0,1.0,0.0,,,1.0
B000385,R001293-716,source2,,probable_match,0.6428571428571428,Fairview Optometry,Fairview Optometyr Co,"8419 Cedar Rd, Aurora, IL 605604","3372 Cedar Rd Ste 508, Aurora, IL 605604",(486) 769-4329,673-223-0223,optometry,optometry,0.9888888888888889,0.0,0.0,0.0,1.0,1.0,1.0,1.0,0.0,,1.0,3.0
B000379,L000358-567-U,source3,,ambiguous,0.12857142857142861,Copperfield Childcare,Riverbend Barber,"7871 Poplar Ln, Naperville, IL 605616","8926 Liberty Ct, Naperville, IL 605616",(928) 627-8747,(941) 303-4192,childcare,barber shops,0.6266534391534392,0.0,0.0,0.0,1.0,1.0,1.0,1.0,0.0,0.048936280610217875,0.0,2.0
B000078,R000824-559,source2,,certain_nonmatch,0.0,Deepford Barber Inc,Elmhurst Fruniture LLC,"8328 Union Way, Columbus, OH 432027","8906 Maret Blvd Ste 656, Columbus, OH 432027",(483) 991-6798,222-245-1684,beauty,furniture,0.5232804232804233,0.0,0.0,0.0,1.0,1.0,1.0,1.0,0.0,,0.0,1.0
B001162,L001162-300-U,source3,,probable_match,0.15357142857142864,Glenmore Optometry,Deepford Accounting,"5822 Spruce St, Indianapolis, IN 462006","12 Spruce St, Indianapolis, IN 462006",(629) 990-5214,(629) 990-5214,optometry,accounting and tax services,0.4968323586744639,0.0,1.0,1.0,1.0,1.0,0.0,1.0,0.0,0.2125573790457208,0.0,2.0
B000503,R000948-837,source2,,ambiguous,0.24428571428571422,Blue Ridge Plumbing,Blue Ridge Floral LLC,"4990 Liberty Ct, Eugene, OR 974352","8022 Wllow St, Eugene, OR 974618",(371) 632-4823,903-578-4134,restaurant,,0.8674922600619195,0.0,0.0,0.0,0.0,1.0,1.0,1.0,0.0,,,1.0
B000117,R001068-487,source2,,ambiguous,0.24428571428571422,Lakeside Hardware LP,Lakeside Gym Inc,"1337 Highland St, Minneapolis, MN 554511","439 Hickory Way, Minneapolis, MN 554405",(698) 821-7242,944-846-7940,hardware,fitness,0.8558823529411764,0.0,0.0,0.0,0.0,1.0,1.0,1.0,0.0,,0.0,1.0
B000195,R001240-870,source2,,certain_nonmatch,0.11428571428571432,Stonegate Childcare,Thistledown Accounting Corp,"5524 Franklin St Ste 790, Cleveland, OH 441429","7357 Willow Ct, Cleveland, OH 441429",(380) 825-6643,431-412-0728,childcare,accounting,0.6482114376851219,0.0,0.0,0.0,1.0,1.0,1.0,1.0,0.0,,0.0,1.0
B001006,R000255-868,source2,,ambiguous,0.3642857142857143,Fairview Cleaners,Sunset Cleaners Inc,"5693 Liberty Ln Ste 933, Denver, CO 802370",-,(970) 706-8884,378-768-2733,cleaning,cleaning,0.7516339869281046,0.0,0.0,0.0,1.0,1.0,1.0,1.0,,,1.0,1.0
B000309,R000051-189,source2,,ambiguous,0.2942857142857142,Cedar Grove Accounting,Cedar Grove Cleaners LLC,"1656 Chestnut Way Ste 239, Boston, MA 021824","4924 Broadway Blvd, Boston, MA 021032",(950) 647-7982,780-242-5688,restaurant,restaurant,0.873030303030303,0.0,0.0,0.0,0.0,1.0,1.0,1.0,0.0,,1.0,1.0
B000916,R001188-640,source2,,certain_nonmatch,0.0,Glenmore Roofing,Amberly Childcare Corp,"5289 Lincoln Way Ste 282, Spokane, WA 992881","8300A Birch Rd, Spokane, WA 992881",(243) 952-3451,401-964-9177,roofing,childcare,0.5211834733893558,0.0,0.0,0.0,1.0,1.0,0.0,1.0,0.0,,0.0,1.0
B001051,L000006-295,source3,,certain_nonmatch,0.0,Northstar Siding LP,Havenwood Roofing,"4638 Monroe Way, Charlotte, NC 282388","Liberty Way, Charlotte, NC 282167",(760) 454-4338,,siding,roofing contractors,0.6377450980392158,0.0,,,0.0,1.0,0.0,1.0,,0.5757994000489189,0.0,1.0
B001063,R000496-386,source2,,ambiguous,0.24428571428571422,Sunset Bicycle,Sunset Pet LP,"1489 Franklin Ct Ste 265, Spokane, WA 992881","9255 Pine Rd Ste 670, Spokane, WA 992642",(931) 969-9023,937-321-3016,bike,pet,0.8742857142857142,0.0,0.0,0.0,0.0,1.0,1.0,1.0,0.0,,0.0,1.0
B001094,R000289-605,source2,,ambiguous,0.1642857142857143,Acme Plumbing,Windward Plumbing LP,"3944 Cedar Ct, Eugene, OR 974352","3975A Willow Dr, Eugene, OR 974352",(966) 301-9661,829-908-8954,plumbing,plumbing,0.7858220211161387,0.0,0.0,0.0,1.0,1.0,1.0,1.0,0.0,,1.0,1.0
B000821,R001051-121,source2,,certain_nonmatch,0.06428571428571433,Bramblewood Optometry,Northstar Siding LP,"2352 Maple Blvd, Charlotte, NC 282388",-,(861) 612-1642,620-568-4338,optometry,siding,0.44246031746031744,0.0,0.0,0.0,1.0,1.0,1.0,1.0,,,0.0,1.0
B000569,L000027-518,source3,,ambiguous,0.2285714285714286,Kensington Restaurant,Brookfield Hardware,"5528 Franklin Blvd, Rochester, MN 559142",null,N/A,N/A,restaurant,home improvement,0.5675020885547201,0.0,,,1.0,1.0,,1.0,,0.4897748996276978,0.0,2.0
B001255,L000689-170,source3,,ambiguous,0.2142857142857143,Bramblewood Pharmacy,Havenwood Printing Shop,"8760 Lake Ave, Spokane, WA 992642",-,(907) 648-0475,833-7244,pharmacy,sign shop,0.65,0.0,,0.0,1.0,1.0,,1.0,,1.0494082383682606,0.0,1.0
B001238,R000813-327,source2,,ambiguous,0.24428571428571422,Windward Gym,Windward Salon LP,"8853 Hickory Rd, Rochester, MN 559146","9649 Spruce Ln, Rochester, MN 559658",(799) 242-5178,866-482-3441,fitness,beauty,0.8785714285714286,0.0,0.0,0.0,0.0,1.0,1.0,1.0,0.0,,0.0,1.0
B000232,R000321-772,source2,,ambiguous,0.24428571428571422,Thistledown Pet,Thistledown Accounting LLC,"4840 Franklin Way Ste 175, Cleveland, OH 441558","4314 Willow Ct, Cleveland, OH 441429",(475) 357-6225,476-777-1009,pet,accounting,0.8915151515151515,0.0,0.0,0.0,0.0,1.0,1.0,1.0,0.0,,0.0,1.0
B000270,L000926-339,source3,,certain_nonmatch,0.0,Maple Hill Bicycle,Blue Ridge Gym,"2175 Poplar Ct Ste 796, Indianapolis, IN 462777","3252 Pine Ln, Indianapolis, IN 462777",(210) 208-5629,null,restaurant,cafes,0.582010582010582,0.0,,,1.0,1.0,0.0,1.0,0.0,0.4093202135487924,1.0,1.0
B000089,R000794-378,source2,,ambiguous,0.4585714285714286,Pinecrest Restaurant Ltd,Pinecrest Insurance Corp,"4902 Sycamore Ln, Austin, TX 787238","6969 Market Ave Ste 308, Austin, TX 787233",(457) 667-4949,845-950-4413,restaurant,insurance,0.890921052631579,0.0,0.0,0.0,1.0,1.0,1.0,1.0,0.0,,0.0,2.0
B000061,R000967-669,source2,,ambiguous,0.24428571428571422,Meridian Bicycle,Meridian Electrical LPo,"4495 Oak Pl, Boston, MA 021274","6385A Birch Ave Ste 381, Boston, MA 021067",(500) 914-2068,863-531-0743,bike,electrical,0.8681677018633541,0.0,0.0,0.0,0.0,1.0,1.0,1.0,0.0,,0.0,1.0
B000207,L000868-618,source3,,certain_nonmatch,0.0,Amberly Barber,Sunset Electrial,"7547 Walnut Blvd Ste 293, Denver, CO 802370","8643 Oak St, Denver, CO 802849",(984) 315-0527,297-6800,beauty,electricians,0.4900793650793651,0.0,,0.0,0.0,1.0,0.0,1.0,0.0,0.38433003521253045,0.0,1.0
B000206,R001250-735,source2,,ambiguous,0.4585714285714286,Foxglove Coffee Co,Foxglove Accounting LP,"8665 Elm Pl, Cleveland, OH 441429","2497 Park Dr Ste 445, Cleveland, OH 441429",(204) 974-0372,498-620-8539,coffee,accounting,0.8624561403508771,0.0,0.0,0.0,1.0,1.0,1.0,1.0,0.0,,0.0,2.0
B000148,L000148-821,source3,,certain_match,1.0,Windward Landscaping,Windward Landscaping,"1107 Walnut St Ste 772, Worcester, MA 016735","1107 Walnut St, Worcester, MA 016735",(307) 990-9533,(307) 990-9533,landscaping,landscaping services,1.0,1.0,1.0,1.0,,,0.0,1.0,1.0,0.5249007331260304,1.0,1.0
B001148,R000301-385,source2,,certain_nonmatch,0.0,Stonegate Moving,Silver Lake Insurance Inc,"8053 Hickory Blvd, Pittsburgh, PA 152794","5800 Washington Way, Pittsburgh, PA 152794",(393) 280-1647,487-656-2435,moving,restaurant,0.5436507936507936,0.0,0.0,0.0,1.0,1.0,0.0,1.0,0.0,,0.0,1.0
B000600,R001110-192,source2,,ambiguous,0.24428571428571422,Copperfield Automotive Ltd,Copperfield lPumbing LP,"8626 Lake Blvd, Charlotte, NC 282473","3107 Liberty Pl, Charlotte, NC 282167",(401) 223-1369,330-612-0161,auto,plumbing,0.8863636363636364,0.0,0.0,0.0,0.0,1.0,1.0,1.0,0.0,,0.0,1.0
B001165,R001162-663,source2,,ambiguous,0.2785714285714285,Glenmore Bicycle,Glenmore Optometry Inc,"4201 Spruce Ln, Indianapolis, IN 462006","5822 Spruce St, Indianapolis, IN 462006",(948) 451-9176,null,null,optometry,0.8415404040404041,0.0,,,1.0,1.0,1.0,1.0,0.0,,,2.0
B000015,R000475-640,source2,,ambiguous,0.2142857142857143,Blue Ridge Salon,Bramblewood Gym Ltd,"9572 Birch St, Phoenix, AZ 850549",N/A,(362) 258-8320,533-580-6755,restaurant,fitness,0.5527777777777777,0.0,0.0,0.0,1.0,1.0,,1.0,,,0.0,1.0
B001256,R000491-349,source2,,ambiguous,0.31428571428571433,Highland Printing,N/A,N/A,"9187 Market Pl Ste 353, Indianapolis, IN 462825",(469) 520-9546,513-541-8027,printing,hardware,,0.0,0.0,0.0,1.0,1.0,1.0,1.0,,,0.0,1.0
B000505,L000127-409,source3,,certain_nonmatch,0.0,Grandview Siding,Ceda Grove Furniture Shop,"5310 Market Ave, Austin, TX 787238","9690 Oak Dr, Austin, TX 787233",(368) 935-2024,(518) 672-7404,siding,cafe,0.5226851851851851,0.0,0.0,0.0,1.0,1.0,0.0,1.0,0.0,0.10796867640102538,0.0,1.0
B001035,R000142-369,source2,,probable_match,0.24428571428571422,Windward Cleaners,Windward Electrical Corp,"5413 Poplar Blvd Ste 121, Denver, CO 802882","3679 Main Ave Ste 201, Denver, CO 802370",(518) 783-3185,866-543-2392,cleaning,electrical,0.9076986584107327,0.0,0.0,0.0,0.0,1.0,1.0,1.0,0.0,,0.0,1.0
B000328,L000328-852-U,source3,,probable_match,0.40357142857142864,Thistledown Pharmacy,Glenmore Landscaping,"2822 Highland Ct, Dallas, TX 752464","1197 Highland Ct, Dallas, TX 752464",(824) 897-6581,(824) 897-6581,pharmacy,exterminator,0.6090909090909091,0.0,1.0,1.0,1.0,1.0,0.0,1.0,0.0,0.5740353561647034,0.0,2.0
B001138,R000582-182,source2,,ambiguous,0.24428571428571422,Kensington Storage,Kensington Siding Ltd,"5988 Broadway Blvd, Spokane, WA 992156","84 Jefferson Rd, Spokane, WA 992048",(829) 680-6729,null,storage,siding,0.8973856209150327,0.0,,,0.0,1.0,1.0,1.0,0.0,,0.0,1.0
B000812,R000936-618,source2,,ambiguous,0.24428571428571422,Foxglove Childcare,Foxglove Salon Ltd,"780 Pine Blvd Ste 153, Boulder, CO 803677","9172A Washington Blvd, Boulder, CO 803196",,383-304-3208,N/A,beauty,0.8611832611832612,0.0,,,0.0,1.0,1.0,1.0,0.0,,,1.0
B000920,R000332-504,source2,,probable_match,0.5085714285714287,Cedar Grove Childcare,Cedar Grove Dental Co,"7101 Cedar Ln, Boston, MA 021274","2223 Librty Pl, Boston, MA 021274",(526) 394-9145,230-377-3158,restaurant,restaurant,0.9176587301587301,0.0,0.0,0.0,1.0,1.0,1.0,1.0,0.0,,1.0,2.0
B000512,L000836-804,source3,,ambiguous,0.2142857142857143,Windward Pools,Thistledown Hardware,"5290 Walnut Ave, Chicago, IL 606228",,(977) 637-9018,817-5496,pool,home improvement,0.5714285714285715,0.0,,0.0,1.0,1.0,,1.0,,0.20701588182648173,0.0,1.0
B000165,R000134-724,source2,,certain_nonmatch,0.0,Fairview Moving,N/A,"908 Monroe Way Ste 256, Columbus, OH 432203","6938A Spruce Pl, Columbus, OH 432203",(369) 365-5286,729-583-3509,moving,electric,,0.0,0.0,0.0,1.0,1.0,0.0,1.0,0.0,,0.0,1.0
B001032,L000376-381,source3,,certain_nonmatch,0.0,Northstar Electric,Sunste Coffee,"6388 Pine Dr, Denver, CO 802633","6303 Jeffesron Ln, Denver, CO 802370",(976) 497-0693,(981) 454-4482,electric,coffeehouse,0.5616096866096866,0.0,0.0,0.0,0.0,1.0,0.0,1.0,0.0,0.4233820334205224,0.0,1.0
B000474,R000962-675,source2,,ambiguous,0.1642857142857143,Quarry Hill Salon,Silver Lake Bakery Co,"7516 Market Ln, Naperville, IL 605030","6494 Franklin Way, Naperville, IL 605030",(371) 384-9010,742-261-8392,restaurant,restaurant,0.5550108932461874,0.0,0.0,0.0,1.0,1.0,1.0,1.0,0.0,,1.0,1.0
B000422,R001213-209,source2,,ambiguous,0.2785714285714285,Acme Cleaners,Acme Rofing Ltd,"118 Lincoln Ave, Atlanta, GA 303214","4101 Jefferson Ln, Atlanta, GA 303214",(524) 618-5935,635-723-9989,cleaning,roofing,0.668997668997669,0.0,0.0,0.0,1.0,1.0,1.0,1.0,0.0,,0.0,2.0
B000217,L001135-525,source3,,certain_nonmatch,0.0,Willowbrook Barber,Riverbend Salon Shop,"7640 Cherry Dr, Phoenix, AZ 850747","6572 Hickory Ln #647, Phoenix, AZ 850747",,669-4616,beauty,nail salon,0.41111111111111115,0.0,,,1.0,1.0,0.0,1.0,0.0,0.5687693936395641,1.0,1.0
B001059,L000433-356,source3,,ambiguous,0.2142857142857143,Blue Ridge Storage LP,Copperfield Pet,"967 Maple Pl Ste 480, Tucson, AZ 857996",null,(826) 382-7599,N/A,restaurant,pets,0.5518518518518519,0.0,,,0.0,1.0,,1.0,,0.3564767194733863,0.0,1.0
B000071,R001177-959,source2,,ambiguous,0.4585714285714286,Silver Lake Moving,Silver Lake Bakery LP,"660 Liberty Dr, Pittsburgh, PA 152057","60 Maple Rd, Pittsburgh, PA 152057",(732) 867-7245,206-962-6005,,restaurant,0.8666666666666666,0.0,0.0,0.0,1.0,1.0,1.0,1.0,0.0,,,2.0
B001072,L001072-500,source3,,certain_match,1.0,Brookfield Siding,Brookfield Siding,"8616 Liberty Dr, Boulder, CO 803677","8616 Liberty Dr, Boulder, CO 803677",(917) 774-2807,(917) 774-2807,siding,siding contractors,1.0,1.0,1.0,1.0,1.0,1.0,0.0,1.0,1.0,0.24489354278652373,1.0,4.0
B000516,L001130-460,source3,,ambiguous,0.1642857142857143,Kensington Childcare,Thistledown Childcare,"1937 Main Blvd, Eugene, OR 974099","6718 Willow Ct, Eugene, OR 974099",(956) 412-6793,(622) 898-9022,childcare,day care centers,0.7498015873015872,0.0,0.0,0.0,1.0,1.0,1.0,1.0,0.0,0.2563180852596247,1.0,1.0
B001128,L001128-644,source3,,probable_match,0.6535714285714287,Harborview Hardware,Harborview Hardware,"6746 Broadway Dr Ste 229, Nashville, TN 372432","6764 Broadway Dr, Nashville, TN 372432",(512) 390-8201,390-8201,hardware,hardware retail,1.0,1.0,,1.0,1.0,1.0,0.0,1.0,0.0,0.3514400584725503,1.0,2.0
B001270,R000464-866,source2,,ambiguous,0.4585714285714286,Eastgate Siding,Eastgate Childcare Corp,"7760 Liberty St, Charlotte, NC 282947","1467 Lake Rd Ste 193, Charlotte, NC 282947",(984) 837-4293,544-941-0983,siding,childcare,0.8688888888888889,0.0,0.0,0.0,1.0,1.0,1.0,1.0,0.0,,0.0,2.0
B000511,L000353-669,source3,,certain_nonmatch,0.0,Ironwood Automotive,N/A,"2644 Broadway Way Ste 776, Naperville, IL 605616","631 Lincoln Ln, Naperville, IL 605223",N/A,N/A,auto,home improvement,,0.0,,,,,0.0,1.0,0.0,0.2865689333282058,0.0,1.0
B000562,L000493-278,source3,,certain_nonmatch,0.0,Eastgate Pet,Stonegate Siding,"3701 Main Ave, Denver, CO 802370","4591 Lake St, Denver, CO 802370",(694) 324-9293,-,pet,siding contractors,0.6388888888888888,0.0,,,1.0,1.0,0.0,1.0,0.0,0.04254194115593458,0.0,2.0
B000420,L000857-891,source3,,ambiguous,0.31428571428571433,Acme Siding Ltd,N/A,"6893 Walnut Way, Minneapolis, MN 554905","Highland Way, Minneapolis, MN 554905",(743) 639-3759,N/A,siding,barber,,0.0,,,,,1.0,1.0,,0.37354466046844964,0.0,1.0
B000143,R001010-432,source2,,ambiguous,0.1642857142857143,Sunset Automotive,Thistledown Atuomotive Inc,"2274 Liberty Ct, Eugene, OR 974352","5572 Broadway Rd, Eugene, OR 974352",(831) 205-1298,,auto,auto,0.7436125965537729,0.0,,,1.0,1.0,1.0,1.0,0.0,,1.0,1.0
B000728,R000728-845-D,source2,,probable_match,0.6142857142857142,Pinecrest Gym,Pinecrest Gmy LP,-,"6860 Poplar Way, Rochester, MN 559728",(397) 745-6196,,fitness,fitness,0.9846153846153847,0.0,,,0.0,1.0,1.0,1.0,,,1.0,1.0
B000913,R000913-390,source2,,certain_match,1.0,Fairview Siding,Fairview Siding Inc,"1980 Jefferson St Ste 667, Austin, TX 787238","1980 Jefferson St Ste 667, Austin, TX 787238",(682) 960-1654,852-224-1654,siding,siding,1.0,1.0,0.0,0.0,1.0,1.0,1.0,1.0,1.0,,1.0,3.0
B000553,R000638-445,source2,,certain_nonmatch,0.0,Thistledown Optometry,Amberly Pet LP,"673 Cedar Pl, Phoenix, AZ 850127","3336 Jefferson Ave Ste 393, Phoenix, AZ 850127",-,365-462-9850,optometry,pet,0.49927849927849927,0.0,,,1.0,1.0,0.0,1.0,0.0,,0.0,1.0
B001079,R001079-394,source2,,certain_match,1.0,Fernwood Hardware,Fernwood Hardware LP,"2469 Market St, Worcester, MA 016965","2469 Market St, Worcester, MA 016965",(913) 608-8746,569-907-8746,hardware,hardware,1.0,1.0,0.0,0.0,1.0,1.0,1.0,1.0,1.0,,1.0,2.0
B000373,R000105-959,source2,,certain_nonmatch,0.11428571428571432,Grandview Plumbing,Glenmore Cleaners Ltd,"7489 Monroe Way, Naperville, IL 605616","3630 Hickory Ct Ste 902, Naperville, IL 605616",(547) 310-6790,734-508-7504,plumbing,cleaning,0.5525988173046996,0.0,0.0,0.0,1.0,1.0,1.0,1.0,0.0,,0.0,1.0
B000367,L000367-187-U,source3,,probable_match,0.16785714285714287,Willowbrook Legal,Glenmore Pharmacy,"3649 Cherry St, Portland, OR 972104","2999 Cherry St, Portland, OR 972104",(441) 280-7521,(441) 280-7521,legal,pharmacies and drug stores,0.5130718954248367,0.0,1.0,1.0,1.0,1.0,0.0,1.0,0.0,0.2511705040561204,0.0,3.0
B000100,L000100-512,source3,,probable_match,0.5428571428571427,Foxglove Automotive,Foxglove Auomotive,"2002 Monroe Dr, Denver, CO 802370","2002 Monroe Dr, Denver, CO 802370",N/A,(418) 857-9783,auto,auto repair,0.967251461988304,0.0,,,1.0,1.0,0.0,1.0,1.0,0.4462464844862093,1.0,3.0
B000028,L000028-326,source3,,probable_match,0.7285714285714284,Grandview Insurance,Grandview Insurance Shop,"4574 Walnut Dr, Phoenix, AZ 850470","4574 Walnut Dr, Phoenix, AZ 850470",(896) 749-5425,,insurance,insurance agency,1.0,1.0,,,1.0,1.0,0.0,1.0,1.0,0.5296060780531534,1.0,2.0
B000493,L000493-126,source3,,probable_match,0.7535714285714283,Stonegate Siding,-,"4591 Lake St Ste 502, Denver, CO 802370","4591 Lake St #502, Denver, CO 802370",(341) 289-6262,(341) 289-6262,siding,siding contractors,,0.0,1.0,1.0,1.0,1.0,0.0,1.0,1.0,0.24625422793350935,1.0,2.0
B000644,L000644-664,source3,,probable_match,0.6785714285714286,Lakeside Accounting,Lakeside Accounting,"346 Sycamore Ln, Dallas, TX 752464","346 Sycamore Ln, Dallas, TX 752464",(236) 957-0895,,-,accounting and tax services,1.0,1.0,,,1.0,1.0,0.0,1.0,1.0,0.6370000071697232,,2.0
B001247,L000746-908,source3,,ambiguous,0.2142857142857143,Eastgate Restaurant,Deepford Insurance,"2843 Willow St Ste 765, Phoenix, AZ 850127",null,(333) 663-8187,(340) 534-7606,restaurant,insurance agency,0.5939571150097466,0.0,0.0,0.0,,,,1.0,,0.7760384124395929,0.0,1.0
B000677,R000632-368,source2,,certain_nonmatch,0.0,Havenwood Bicycle,Glenmor eSiding LLC,"1041 Highland Ln, Boulder, CO 803071","7669 Poplar Dr Ste 424, Boulder, CO 803071",(685) 319-8106,785-599-5282,bike,null,0.5287581699346405,0.0,0.0,0.0,1.0,1.0,1.0,1.0,0.0,,,1.0
B000113,L000700-530,source3,,ambiguous,0.2285714285714286,Riverbend Moving,Fairview Bike,"9191 Liberty Blvd, Portland, OR 972094",-,(892) 858-9121,(529) 611-9648,moving,null,0.5801282051282052,0.0,0.0,0.0,1.0,1.0,,1.0,,0.0613701714078082,,2.0
B000325,R000959-950,source2,,ambiguous,0.31428571428571433,Amberly Plumbing,Brookfield Bicycle Inc,"4226 Chestnut Rd, Kansas City, MO 641252",,(290) 597-9115,,plumbing,bike,0.5763888888888888,0.0,,,1.0,1.0,1.0,1.0,,,0.0,1.0
B000547,R000547-558,source2,,certain_match,0.9428571428571427,Quarry Hill Accounting,Quarry Hill Accountnig Corp,"2745 Oak Dr, Rochester, MN 559271","2745 Oak Dr, Rochester, MN 559271",N/A,968-511-9235,restaurant,restaurant,0.990909090909091,0.0,,,1.0,1.0,1.0,1.0,1.0,,1.0,3.0
B000892,R000892-533,source2,,certain_match,0.8285714285714285,Meridian Salon,Meridian Salon Co,"3289 Cedar St Ste 256, Spokane, WA 992642","9267 Monroe Ct, Spokane, WA 992642",(324) 732-1587,322-609-1587,beauty,beauty,1.0,1.0,0.0,0.0,1.0,1.0,1.0,1.0,0.0,,1.0,2.0
B000837,L000080-118,source3,,certain_nonmatch,0.0,Meridian Plumbing LP,Lakeside Floral,"531 Lake Blvd Ste 683, Savannah, GA 314699","5474 Cherry Ct, Savannah, GA 314959",(246) 777-7926,529-3090,plumbing,flowers,0.4732026143790849,0.0,,0.0,0.0,1.0,0.0,1.0,0.0,0.7233566367931081,0.0,1.0
B000939,R000354-161,source2,,ambiguous,0.1642857142857143,Deepford Restaurant,Blue Ride Optometry LLC,"1416 Pine Ave Ste 741, Naperville, IL 605030","1898 Jefferson St, Naperville, IL 605030",(986) 373-0171,761-458-7772,restaurant,restaurant,0.5980861244019139,0.0,0.0,0.0,1.0,1.0,1.0,1.0,0.0,,1.0,1.0
B000645,L000645-435,source3,,probable_match,0.6535714285714287,Riverbend Barber,Riverbend Barber,"6365 Main Blvd, New Orleans, LA 701597","6356 Main Blvd, New Orleans, LA 701597",(462) 508-1478,508-1478,beauty,nail salon,1.0,1.0,,1.0,1.0,1.0,0.0,1.0,0.0,0.8680311097927795,1.0,2.0
B001250,R000335-523,source2,,probable_match,0.6285714285714286,Foxglove Accounting,Foxglove Accoutning LP,"2497 Park Dr Ste 445, Cleveland, OH 441429","1481 Park Dr Ste 150, Cleveland, OH 441429",null,786-998-3511,accounting,accounting,0.9894736842105263,0.0,,,1.0,1.0,1.0,1.0,0.0,,1.0,2.0
B000198,L000176-831,source3,,ambiguous,0.12857142857142861,Meridian Hardware,null,"5096 Market Pl Ste 402, Denver, CO 802633","9205 Wahsington St, Denver, CO 802633",(830) 426-3590,(276) 595-8261,hardware,auto repair,,0.0,0.0,0.0,1.0,1.0,1.0,1.0,0.0,0.5563266480755465,0.0,2.0
B000362,L000362-644,source3,,probable_match,0.7535714285714283,Quarry Hill Pharmacy,Quarry harmacy,"2172 Market Rd, Seattle, WA 981141","2172 Market Rd, Seattle, WA 981141",(307) 626-9678,626-9678,restaurant,food services,0.9400000000000001,0.0,,1.0,1.0,1.0,0.0,1.0,1.0,0.28237362990729803,1.0,2.0
B000663,R000932-477-D,source2,,ambiguous,0.24428571428571422,Deepford Electric,Deepford Plumbing LP,"4413 Hickory Ct, Boston, MA 021323","3412 Park Ave, Boston, MA 021900",(245) 871-7423,211-525-6820,electric,plumbing,0.8588235294117647,0.0,0.0,0.0,0.0,1.0,1.0,1.0,0.0,,0.0,1.0
B000933,R000807-712,source2,,certain_nonmatch,0.0,Fairview Bakery LLC,Fairview Barber LLC,"5110 Market Ave Ste 810, Dallas, TX 752887","7186 Broadway Dr, Rochester, MN 559658",(751) 669-5423,344-562-7110,bakery,beauty,0.9312820512820513,0.0,0.0,0.0,0.0,0.0,0.0,0.0,0.0,,0.0,1.0
B000163,R000053-415-D,source2,,ambiguous,0.24428571428571422,Deepford Storage,Deepford Childcrae Inc,"1413 Maple Rd Ste 834, Savannah, GA 314663","6963 Cedar Blvd, Savannah, GA 314960",(691) 738-6730,696-676-7136,storage,childcare,0.8833333333333333,0.0,0.0,0.0,0.0,1.0,1.0,1.0,0.0,,0.0,1.0
B001281,L000172-844,source3,,probable_match,0.42857142857142877,Willowbrook Floral Corp,Willowbrook Floral,"9701 Elm Dr, Naperville, IL 605238","4062 Elm Dr, Naperville, IL 605238",(774) 235-2666,(831) 628-4067,floral,flowers,1.0,1.0,0.0,0.0,1.0,1.0,0.0,1.0,0.0,3.506015582855604,1.0,2.0
B001081,L000095-548,source3,,ambiguous,0.2285714285714286,Thistledown Bakery,Windwrd Restaurant,N/A,N/A,(690) 340-5167,(967) 888-4295,bakery,cafes,0.5703703703703704,0.0,0.0,0.0,1.0,1.0,,1.0,,0.19573685558249712,0.0,2.0
B000085,R000536-517,source2,,probable_match,0.24428571428571422,Willowbrook Pharmacy Inc,Willowbrook Hardware LP,"1481 Jefferson Dr, Pittsburgh, PA 152841","9408 Monroe Ave, Pittsburgh, PA 152234",-,811-674-5330,pharmacy,hardware,0.92,0.0,,,0.0,1.0,1.0,1.0,0.0,,0.0,1.0
B000832,L001227-301,source3,,certain_nonmatch,0.0,Pinecrest Bicycle,,"1295 Lake Ln Ste 682, Columbus, OH 432733","9527 Market Pl #485, Columbus, OH 432733",(354) 983-2988,728-9876,bike,siding contractors,,0.0,,0.0,1.0,1.0,0.0,1.0,0.0,3.291385069533234,0.0,1.0
B000654,R000734-849,source2,,ambiguous,0.1642857142857143,Clearwater Pools,Brookfield Pools LLC,"7507 Maple Ln Ste 236, Nashville, TN 372348","1169 Walnut Ave Ste 305, Nashville, TN 372348",(910) 607-3476,259-596-5394,pool,pool,0.6712962962962963,0.0,0.0,0.0,1.0,1.0,1.0,1.0,0.0,,1.0,1.0
B000059,R000450-934,source2,,ambiguous,0.24428571428571422,Kensington Coffee,Kensington Electrical Co,"1959 Union Blvd, Worcester, MA 016735","2072 Elm Dr, Worcester, MA 016935",(390) 396-3545,230-235-5846,-,electrical,0.8837535014005603,0.0,0.0,0.0,0.0,1.0,1.0,1.0,0.0,,,1.0
B001101,L001252-315,source3,,probable_match,0.42857142857142877,Bramblewood Floral,Bramblewood Floral,"7891 Walnut Blvd Ste 510, Aurora, IL 605558","6904 Walnut Blvd, Aurora, IL 605558",(634) 480-7757,609-7540,floral,flower shop,1.0,1.0,,0.0,1.0,1.0,0.0,1.0,0.0,2.4462997441605943,1.0,2.0
B000350,L000993-578,source3,,certain_nonmatch,0.0,Willowbrook Electrical,Copperfield Dental,"2113 Cedar Ln, Boston, MA 021274","9668 Jefferson Pl, Boston, MA 021274",null,-,electrical,dentist,0.5033670033670034,0.0,,,1.0,1.0,0.0,1.0,0.0,0.3557547471706733,0.0,1.0
B000410,L000410-538,source3,,probable_match,0.6285714285714288,Deepford Siding LP,Deepford Siding,-,"5310 Cedar St, Chicago, IL 606692",null,(849) 480-4314,siding,siding contractors,1.0,1.0,,,1.0,1.0,0.0,1.0,,0.32796402977015704,1.0,2.0
B000044,R000498-706,source2,,probable_match,0.24428571428571422,Kensington Furniture,Kensington Prniting LP,"7957 Main Dr, Nashville, TN 372220","428 Walnut Blvd Ste 898, Nashville, TN 372284",(896) 614-2704,338-714-9907,furniture,printing,0.9078947368421053,0.0,0.0,0.0,0.0,1.0,1.0,1.0,0.0,,0.0,1.0
B000054,R000587-332,source2,,ambiguous,0.24428571428571422,Ironwood Landscaping,Ironwood Printing LP,"7614 Poplar Ct, Seattle, WA 981505","899 Spruce Ln, Seattle, WA 981773",(545) 229-8098,N/A,landscaping,printing,0.8904201680672269,0.0,,,0.0,1.0,1.0,1.0,0.0,,0.0,1.0
B000181,R000570-731,source2,,probable_match,0.24428571428571422,Riverbend Pet,Riverbend Optometry Inc,"437 Hickory Dr, Raleigh, NC 276746","5269 Monroe Pl, Raleigh, NC 276623",(793) 791-3728,983-246-9717,pet,optometry,0.9214574898785426,0.0,0.0,0.0,0.0,1.0,1.0,1.0,0.0,,0.0,1.0
B000488,R000144-824,source2,,ambiguous,0.2942857142857142,Silver Lake Legal,Silver Lake Landscaping Ltdo,"3340 Cherry Pl, Indianapolis, IN 462006","8648 Jefferson Rd Ste 395, Indianapolis, IN 462890",(762) 694-2315,509-324-0782,restaurant,restaurant,0.8900210084033613,0.0,0.0,0.0,0.0,1.0,1.0,1.0,0.0,,1.0,1.0
B000584,L000722-768,source3,,certain_nonmatch,0.0,Harborview Bakery,Elmhurst Dental,"1487 Main Dr, Tucson, AZ 857387","9690 Broadway St, Tucson, AZ 857996",(366) 920-7524,(444) 719-9166,null,dentist,0.4758169934640523,0.0,0.0,0.0,0.0,1.0,0.0,1.0,0.0,0.2511534272239453,,1.0
B000219,R001037-436,source2,,ambiguous,0.2942857142857142,Quarry Hill Dental,Quarry Hill Pharmacy LP,"3769 Lincoln Blvd, Columbus, OH 432574","6036 Lkae St, Columbus, OH 432203",(712) 763-5530,218-707-7219,restaurant,restaurant,0.8744444444444445,0.0,0.0,0.0,0.0,1.0,1.0,1.0,0.0,,1.0,1.0
B000669,L000619-943,source3,,certain_nonmatch,0.0,Willowbrook Gym,Foxglove Insurance Shop,"782 Cherry Dr Ste 146, Boulder, CO 803046","3729 Jefferson Blvd, Boulder, CO 803591",(311) 722-6961,(678) 312-8515,fitness,insurance agency,0.4666666666666666,0.0,0.0,0.0,,,0.0,1.0,0.0,0.39550311902032204,0.0,1.0
B000425,R000253-988,source2,,certain_nonmatch,0.11428571428571432,Harborview Gym,N/A,"853 Pine Ln, Denver, CO 802370","5767 Willow Ave, Denver, CO 802370",(206) 293-2381,923-504-9669,fitness,printing,,0.0,0.0,0.0,1.0,1.0,1.0,1.0,0.0,,0.0,1.0
B000329,R001136-821,source2,,certain_nonmatch,0.0,Elmhurst Childcare,Willowbrook Pharmacy Corp,"7786 Highland St, Nashville, TN 372714","50 Poplar St, Nashville, TN 372714",(546) 510-5094,819-263-0033,childcare,pharmacy,0.48981481481481487,0.0,0.0,0.0,1.0,1.0,1.0,1.0,0.0,,0.0,1.0
B000728,R000446-614,source2,,probable_match,0.44428571428571423,Pinecrest Gym,Pinecrest Pharmacy Co,-,"9366 Lincoln Ln, Rochester, MN 559936",(397) 745-6196,282-365-5629,fitness,pharmacy,0.9012820512820513,0.0,0.0,0.0,0.0,1.0,1.0,1.0,,,0.0,1.0
B000615,R000615-944,source2,,certain_match,1.0,Riverbend Restaurant,Riverbend Restaurant Co,"697 Washington Ct Ste 912, Springfield, IL 627250","697 Washington Ct Ste 912, Springfield, IL 627250",(726) 807-0971,726-807-0971,restaurant,restaurant,1.0,1.0,1.0,1.0,1.0,1.0,1.0,1.0,1.0,,1.0,3.0
B000412,R000473-565,source2,,ambiguous,0.24428571428571422,Kensington Gym,Kensington Barber Inc,"7977 Franklin Ln, Denver, CO 802882","8622 Broadway Blvd Ste 740, Denver, CO 802643",(207) 713-2276,,fitness,beauty,0.8865546218487396,0.0,,,0.0,1.0,1.0,1.0,0.0,,0.0,1.0
B000824,R000134-245,source2,,ambiguous,0.24428571428571422,Elmhurst Furniture,Elmhurst Eletric LLC,"8906 Market Blvd Ste 656, Columbus, OH 432027","6983 Spruce Pl, Columbus, OH 432203",null,517-384-3509,furniture,electric,0.8761752136752138,0.0,,,0.0,1.0,1.0,1.0,0.0,,0.0,1.0
B000354,L000844-341,source3,,certain_nonmatch,0.0,Blue Ridge Optometry,Copperfield Accounting,"1898 Jefferson St, Naperville, IL 605030","7375 Highland Way, Aurora, IL 605032",(761) 458-7772,835-0934,restaurant,accountant,0.5621212121212121,0.0,,0.0,1.0,1.0,0.0,1.0,0.0,14.041782930063889,0.0,1.0
B000980,R000980-484,source2,,certain_match,1.0,Willowbrook Storage,Willowbrook Storage LLC,"8315 Market Rd, Savannah, GA 314718","8315 Market Rd, Savannah, GA 314718",N/A,308-818-3732,storage,storage,1.0,1.0,,,1.0,1.0,1.0,1.0,1.0,,1.0,2.0
B000351,R000781-251,source2,,ambiguous,0.4585714285714286,Highland Floral,Highland Bakery Ltd,"8588 Chestnut Pl, Worcester, MA 016735","5246 Park St, Worcester, MA 016735",(338) 550-8031,327-480-9403,floral,bakery,0.8751515151515151,0.0,0.0,0.0,1.0,1.0,1.0,1.0,0.0,,0.0,2.0
B000342,R000815-914,source2,,ambiguous,0.4585714285714286,Grandview Legal,Grandview Barber LLC,"8760 Sycamore Blvd, Worcester, MA 016735","4348 Liberty Ln, Worcester, MA 016735",(568) 719-4918,459-977-9180,legal,beauty,0.8933333333333334,0.0,0.0,0.0,1.0,1.0,1.0,1.0,0.0,,0.0,2.0
B000070,R000170-900,source2,,ambiguous,0.1642857142857143,Fernwood Floral,Meridian Floral Inc,"5281 Hickory St Ste 193, Aurora, IL 605558","7203 Jefferson St, Aurora, IL 605558",null,null,floral,floral,0.7313131313131312,0.0,,,1.0,1.0,1.0,1.0,0.0,,1.0,1.0
B000191,R000191-367-D,source2,,probable_match,0.25357142857142834,Acme Barber,Acme Barber Co,"7794 Birch Rd, Spokane, WA 992112","4373 Sycamore Way, Indianapolis, IN 462813",(529) 492-0969,529-492-0969,beauty,beauty,1.0,1.0,1.0,1.0,0.0,0.0,0.0,0.0,0.0,,1.0,2.0
B001159,L001159-860,source3,,certain_match,1.0,Foxglove Gym,Foxglove Gym,"3543 Lincoln Ct Ste 250, Denver, CO 802849","3543 Lincoln Ct #250, Denver, CO 802849",(399) 965-6921,(399) 965-6921,fitness,fitness centers and gyms,1.0,1.0,1.0,1.0,1.0,1.0,0.0,1.0,1.0,0.4269829791733026,1.0,3.0
B000702,L000702-472,source3,,probable_match,0.7428571428571429,Ironwood Bakery,Ironwood Bakery Shop,"2773 Oak Way, Eugene, OR 974867","2773 Oak Way, Eugene, OR 974867",(386) 227-0958,N/A,bakery,bakeries,1.0,1.0,,,1.0,1.0,0.0,1.0,1.0,0.3646548338598695,1.0,3.0
B001005,L001163-312,source3,,ambiguous,0.2142857142857143,Maple Hill Siding,Meridian Dental,"820 Main St, Springfield, IL 627654",-,(511) 655-6249,(249) 831-6672,restaurant,dentist,0.5616557734204793,0.0,0.0,0.0,,,,1.0,,0.5385863447815843,0.0,1.0
B000612,R001139-635,source2,,probable_match,0.4585714285714286,Lakeside Gym,Lakeside Moving Co,"8613 Cherry Blvd, Nashville, TN 372220","2557 Market Blvd Ste 681, Nashville, TN 372220",(975) 316-6837,941-309-5188,fitness,moving,0.9118181818181819,0.0,0.0,0.0,1.0,1.0,1.0,1.0,0.0,,0.0,2.0
B000357,R001103-488,source2,,probable_match,0.24428571428571422,Highland Hardware,Highland Pharmacy LP,"3403 Market Pl, Chicago, IL 606754","3795 Hickory St Ste 855, Chicago, IL 606228",null,842-905-4024,hardware,pharmacy,0.9058823529411765,0.0,,,0.0,1.0,1.0,1.0,0.0,,0.0,1.0
B000921,R000946-734,source2,,ambiguous,0.31428571428571433,Fernwood Electric,Stonegate Pet Co,"2160 Washington Ct, Cleveland, OH 441558",N/A,(729) 940-3509,-,electric,pet,0.5548373195432018,0.0,,,1.0,1.0,1.0,1.0,,,0.0,1.0
B000457,R000457-414,source2,,certain_match,1.0,Riverbend Pharmacy,Riverbend Pharmacy Corp,"8061 Washington Ct Ste 255, Austin, TX 787233","8061 Washngton Ct Ste 255, Austin, TX 787233",N/A,941-608-3046,pharmacy,pharmacy,1.0,1.0,,,1.0,1.0,1.0,1.0,1.0,,1.0,2.0
B000654,R000709-426,source2,,ambiguous,0.4585714285714286,Clearwater Pools,Clearwater Lansdcaping Corp,"7507 Maple Ln Ste 236, Nashville, TN 372348","3451 Willow Ln, Nashville, TN 372348",(910) 607-3476,217-908-2190,pool,landscaping,0.8879870129870129,0.0,0.0,0.0,1.0,1.0,1.0,1.0,0.0,,0.0,2.0
B000501,R000149-332,source2,,certain_nonmatch,0.0,Bramblewood Moving,Elmhurst Bkery Ltd,"5127 Lincoln Way, Chicago, IL 606758","3555 Pine Blvd, Chicago, IL 606758",(786) 808-8784,429-995-7840,moving,bakery,0.42063492063492064,0.0,0.0,0.0,1.0,1.0,1.0,1.0,0.0,,0.0,1.0
B001081,R000156-325,source2,,ambiguous,0.31428571428571433,Thistledown Bakery,Windward Gym LLC,N/A,"2340 Hickory Rd, Rochester, MN 559146",(690) 340-5167,236-329-1101,bakery,fitness,0.5621693121693122,0.0,0.0,0.0,1.0,1.0,1.0,1.0,,,0.0,1.0
B000970,L000731-854,source3,,ambiguous,0.2142857142857143,Kensington Landscaping,Thistledown Cleaners,"7572 Broadway Dr, Cleveland, OH 441603",-,,,landscaping,dry cleaner,0.5931235431235432,0.0,,,0.0,1.0,,,,0.16906379979422564,0.0,1.0
B000490,L000356-367,source3,,certain_nonmatch,0.0,Windward Roofing,Riverbend Storage,"6333 Lake St, Naperville, IL 605517","3273 Liberty Ct #635, Naperville, IL 605095",(927) 301-5168,(567) 920-6713,roofing,storage units,0.5318627450980392,0.0,0.0,0.0,0.0,1.0,0.0,1.0,0.0,0.36449144638100517,0.0,1.0
B000443,R001084-282,source2,,ambiguous,0.2942857142857142,Maple Hill Childcare Inc,Maple Hill Restaurant LP,"4167 Birch St, Cleveland, OH 441558","487 Washington Blvd, Cleveland, OH 441225",(661) 962-5483,971-644-8787,restaurant,restaurant,0.8590476190476191,0.0,0.0,0.0,0.0,1.0,1.0,1.0,0.0,,1.0,1.0
B000516,L000917-487,source3,,certain_nonmatch,0.0,Kensington Childcare,Piencrest Coffee,"1937 Main Blvd, Eugene, OR 974099","7192 Lake Dr, Eugene, OR 974867",(956) 412-6793,(466) 820-1738,childcare,coffee and tea shops,0.6083333333333333,0.0,0.0,0.0,,,0.0,1.0,0.0,0.17930013491710986,0.0,1.0
B001292,L001292-375,source3,,probable_match,0.39285714285714285,Northstar Electric,Northstra Electrical,"899 Pine Dr Ste 806, Denver, CO 802633","899 Pine Dr #806, Denver, CO 802633",,650-0507,electric,electricians,0.9688888888888888,0.0,,,1.0,1.0,0.0,1.0,1.0,0.29926826225560327,1.0,3.0
B000004,L000857-891,source3,,certain_nonmatch,0.0,Pinecrest Barber,N/A,"5311 Birch Pl Ste 471, Minneapolis, MN 554671","Highland Way, Minneapolis, MN 554905",(446) 259-3946,N/A,beauty,barber,,0.0,,,,,0.0,1.0,,0.37354466046844964,1.0,1.0
B000804,L000874-239,source3,,ambiguous,0.2142857142857143,Kensington Hardware,Harborview Childcare,"8417 Walnut Ln, Aurora, IL 605604",null,(708) 588-2793,392-7989,hardware,day care centers,0.5884370015948964,0.0,,0.0,1.0,1.0,,1.0,,0.2653307263184029,0.0,1.0
B001035,L000214-700,source3,,ambiguous,0.2142857142857143,Windward Cleaners,Havenwood Bakery,"5413 Poplar Blvd Ste 121, Denver, CO 802882",null,(518) 783-3185,(580) 294-8775,cleaning,bakeries,0.573529411764706,0.0,0.0,0.0,0.0,1.0,,1.0,,0.6270443364952611,0.0,1.0
B001115,L001130-624,source3,,certain_nonmatch,0.0,Clearwater Bicycle,Thistledon Childcare,"2528 Liberty Ct, Eugene, OR 974352","8318 Lake Way, Eugene, OR 974099",(217) 334-3223,(622) 898-9022,null,child care services,0.5851851851851851,0.0,0.0,0.0,0.0,1.0,0.0,1.0,0.0,0.34597787799812485,,1.0
B000354,R000999-968,source2,,ambiguous,0.2942857142857142,Blue Ridge Optometry,Blue Ridge Accounting Corp,"1898 Jefferson St, Naperville, IL 605030","7811 Hickry Ave Ste 340, Naperville, IL 605517",(761) 458-7772,707-421-6821,restaurant,restaurant,0.8538095238095238,0.0,0.0,0.0,0.0,1.0,1.0,1.0,0.0,,1.0,1.0
B000823,L001158-964,source3,,ambiguous,0.2142857142857143,Acme Storage Ltd,Glenmore Pet,"5545 Market Ave Ste 242, Springfield, IL 627759",null,(978) 776-7279,(900) 385-3349,storage,pets,0.5793650793650794,0.0,0.0,0.0,0.0,1.0,,1.0,,0.6314427369317098,0.0,1.0
B000327,R000599-851,source2,,ambiguous,0.24428571428571422,Lakeside Bakery,Lakeside Storage Corp,"9220 Liberty Ave Ste 392, Raleigh, NC 276546","1841 Union Ct, Raleigh, NC 276073",(553) 620-4327,343-894-9026,bakery,storage,0.8933333333333334,0.0,0.0,0.0,0.0,1.0,1.0,1.0,0.0,,0.0,1.0
B000711,L001236-322,source3,,probable_match,0.6285714285714286,Ironwood Storage,Ironwood torage,"508 Monroe Ave, Seattle, WA 981505","6576 Monroe Ave, Seattle, WA 981505",(889) 326-5783,(563) 643-5342,storage,self storage,0.9874999999999999,0.0,0.0,0.0,1.0,1.0,1.0,1.0,0.0,0.677259632481009,1.0,2.0
B000309,R000309-136,source2,,certain_match,1.0,Cedar Grove Accounting,Cedar Grove Accounting Ltd,"1656 Chestnut Way Ste 239, Boston, MA 021824","1656 Chestnut Way Ste 239, Boston, MA 021824",(950) 647-7982,950-647-7982,restaurant,restaurant,1.0,1.0,1.0,1.0,1.0,1.0,1.0,1.0,1.0,,1.0,3.0
B001172,L000439-264,source3,,ambiguous,0.2585714285714286,Acme Pet,Acme iBke Shop,"1777 Cherry Ct Ste 576, Pittsburgh, PA 152057","Cdear Blvd, Pittsburgh, PA 152794",(348) 958-9891,,pet,bicycle,0.8833333333333333,0.0,,,0.0,1.0,0.0,1.0,,0.5317561336154536,0.0,2.0
B000029,R000029-786,source2,,probable_match,0.42857142857142877,Silver Lake Coffee,Silver Lake Coffee Inco,"9513 Highland Dr Ste 710, Seattle, WA 981505","9531 Highland Dr Ste 710, Seattle, WA 981505",(554) 946-5139,277-283-5139,restaurant,restaurant,0.9565217391304348,1.0,0.0,0.0,1.0,1.0,0.0,1.0,0.0,,1.0,2.0
B001207,L000243-577-U,source3,,certain_nonmatch,0.0,Copperfield Siding,Bramblewood Moving,"79 Broadway Dr, Denver, CO 802370","8347 Birch Ave, Denver, CO 802882",(528) 551-8133,(719) 908-6853,siding,moving company,0.5555555555555555,0.0,0.0,0.0,,,0.0,1.0,0.0,1.2525462074722276,0.0,1.0
B001149,L001149-466,source3,,probable_match,0.6478571428571429,Pinecrest Bicycle,Pinercest Bike,"9356 Lake St Ste 952, Raleigh, NC 276175","9365 Lake St, Raleigh, NC 276175",(447) 220-3848,(447) 220-3848,bike,bicycle,0.9232708468002586,0.0,1.0,1.0,1.0,1.0,0.0,1.0,0.0,0.2529875654413257,1.0,3.0
B000570,L000192-580,source3,,ambiguous,0.2142857142857143,Riverbend Optometry,null,"5269 Monroe Pl, Raleigh, NC 276623",null,(983) 246-9717,(238) 606-8116,optometry,drugstore,,0.0,0.0,0.0,1.0,1.0,,1.0,,0.10202606995038521,0.0,1.0
B001142,R000470-956,source2,,probable_match,0.5642857142857143,Cedar Grove Automotive,Cedar Grove Automotive Inc,"4566 Elm Rd Ste 791, Kansas City, MO 641574","513 Washington Rd Ste 296, Kansas City, MO 641252",(701) 421-0849,233-784-6366,restaurant,,1.0,1.0,0.0,0.0,0.0,1.0,1.0,1.0,0.0,,,1.0
B000447,R000466-729,source2,,ambiguous,0.1642857142857143,Bramblewood Landscaping,Sunset Landscaping Co,"9617 Spruce Ct, Seattle, WA 981505","7196 Chery St Ste 813, Seattle, WA 981505",(372) 388-0378,395-780-3057,landscaping,landscaping,0.6599157686114208,0.0,0.0,0.0,1.0,1.0,1.0,1.0,0.0,,1.0,1.0
B000802,R000802-211,source2,,certain_match,1.0,Acme Pet,AcmePet LP,"2236 Birch Pl, Pittsburgh, PA 152841","2236 Birch Pl, Pittsburgh, PA 152841",(894) 745-2042,894-745-2042,pet,pet,0.975,0.0,1.0,1.0,1.0,1.0,1.0,1.0,1.0,,1.0,4.0
B000336,R000044-653,source2,,ambiguous,0.2785714285714285,Kensington Pharmacy,Kensington Furniture Co,"6710 Spruce Blvd Ste 899, Nashville, TN 372220","7975 Main Dr, Nashville, TN 372220",(210) 685-2167,N/A,pharmacy,furniture,0.8463157894736842,0.0,,,1.0,1.0,1.0,1.0,0.0,,0.0,2.0
B000796,L000847-498,source3,,certain_nonmatch,0.0,Willowbrook Restaurant,Amberly Landcaping,"1803 Broadway Ave, Portland, OR 972980","2323 Maple Rd, Portland, OR 972344",null,662-6876,restaurant,gardener,0.5252525252525252,0.0,,,0.0,1.0,0.0,1.0,0.0,0.18850603645000938,0.0,1.0
B000587,R000587-332,source2,,certain_match,1.0,Ironwood Printing,Ironwood Printing LP,"899 Spruce Ln, Seattle, WA 981773","899 Spruce Ln, Seattle, WA 981773",(573) 252-1818,N/A,printing,printing,1.0,1.0,,,1.0,1.0,1.0,1.0,1.0,,1.0,2.0
B001267,R000975-494,source2,,probable_match,0.24428571428571422,Bramblewood Electric,Bramblewood Coffee Inc,"2350 Poplar Rd, Worcester, MA 016216","7265 Elm Rd, Worcester, MA 016965",(264) 664-8676,637-617-1921,electric,coffee,0.9033333333333333,0.0,0.0,0.0,0.0,1.0,1.0,1.0,0.0,,0.0,1.0
B000921,L000016-878,source3,,ambiguous,0.2142857142857143,Fernwood Electric,Ironwood Roofing,"2160 Washington Ct, Cleveland, OH 441558",null,(729) 940-3509,(323) 783-4033,electric,roofer,0.6602668845315903,0.0,0.0,0.0,0.0,1.0,,1.0,,0.06390031558488117,0.0,1.0
B001045,R001045-154,source2,,certain_match,1.0,Riverbend Plumbing,Riverbend Plumbing Inc,"9496 Cherry Ln, Dallas, TX 752464","9496 Cherry Ln, Dallas, TX 752464",(449) 333-2445,449-333-2445,null,plumbing,1.0,1.0,1.0,1.0,1.0,1.0,1.0,1.0,1.0,,,3.0
B001104,R000587-332,source2,,certain_nonmatch,0.0,Foxglove Landscaping,Ironwood Printing LP,"3222 Willow Dr Ste 581, Seattle, WA 981773","899 Spruce Ln, Seattle, WA 981773",null,N/A,landscaping,printing,0.5857298474945534,0.0,,,1.0,1.0,0.0,1.0,0.0,,0.0,1.0
B000428,L000307-386,source3,,certain_nonmatch,0.0,Pinecrest Optometry,Fairview Furniture,"5 Pine Ln Ste 382, Chicago, IL 606104","3812 Hickory Ave, Chicago, IL 606104",(562) 885-6474,-,optometry,furniture stores,0.44291283764967976,0.0,,,1.0,1.0,0.0,1.0,0.0,0.33810183800199883,0.0,1.0
B000776,R000362-754,source2,,certain_nonmatch,0.0,Deepford Hardware,Quarry Hill Pharmacy LLC,"7900 Broadway Ct, Seattle, WA 981141","2172 Market Rd, Seattle, WA 981141",(417) 374-1465,307-626-9678,hardware,restaurant,0.5401960784313725,0.0,0.0,0.0,1.0,1.0,1.0,1.0,0.0,,0.0,1.0
B001121,R000177-530,source2,,ambiguous,0.1642857142857143,Sunset Electric LP,Brookfield Electric Inc,"8520 Lincoln Ln, Charlotte, NC 282473","1585 Lincoln Ave, Charlotte, NC 282473",(309) 784-6885,772-574-2363,electric,electric,0.5976608187134502,0.0,0.0,0.0,1.0,1.0,1.0,1.0,0.0,,1.0,1.0
B000747,L000792-400,source3,,certain_nonmatch,0.0,Cedar Grove Restaurant,Foxglove Printingu,"7172 Elm Blvd, Savannah, GA 314718","1623 Broadway Pl, Savannah, GA 314273",(366) 374-0295,(238) 392-2321,restaurant,-,0.48821548821548827,0.0,0.0,0.0,0.0,1.0,0.0,1.0,0.0,0.6816613125139993,,1.0
