s1_id,candidate_id,candidate_source,name_jw_norm,name_jw_core,name_lev_norm,name_lev_core,name_tfidf_cos,name_tfidf_char_cos,name_tok_jaccard,name_tok_containment,name_tok_count_diff,name_len_ratio,name_first_tok_equal,name_soundex_equal,name_substring,addr_jw,addr_lev,house_number_equal,street_name_jw,street_name_equal,street_suffix_equal,street_dir_equal,city_equal,state_equal,zip5_equal,zip3_equal,pobox_equal,unit_conflict,unit_both_present,geo_dist_km,geo_log_dist,geo_within_1km,geo_within_10km,phone10_equal,phone7_equal,category_equal,name_missing_either,name_missing_both,address_missing_either,address_missing_both,city_missing_either,city_missing_both,state_missing_either,state_missing_both,zip_missing_either,zip_missing_both,phone_missing_either,phone_missing_both,category_missing_either,category_missing_both,n_missing_s1,n_missing_cand,n_missing_total,blk_phone10,blk_zip5,blk_zip3_name,blk_soundex,blk_name_prefix,blk_geo_cell,blk_token,blk_n_keys,s1_name_raw,s1_address_raw,s1_phone_raw,s1_category_raw,cand_name_raw,cand_address_raw,cand_phone_raw,cand_category_raw,truth_label,rule_score,stratum,silver_label,score,accepted
B000942,R000942-544,source2,0.9652173913043479,1.0,0.8260869565217391,1.0,0.7364398977502438,0.3896803893993505,0.6666666666666666,1.0,1.0,0.8260869565217391,1.0,1.0,1.0,1.0,1.0,1.0,1.0,1.0,1.0,,1.0,1.0,1.0,1.0,,0.0,1.0,,,,,1.0,1.0,1.0,0.0,0.0,0.0,0.0,0.0,0.0,0.0,0.0,0.0,0.0,0.0,0.0,0.0,0.0,0.0,0.0,0.0,1.0,0.0,1.0,0.0,0.0,0.0,0.0,2.0,Clearwater Electric,"9589 Lincoln Rd Ste 682, Philadelphia, PA 191704",(920) 644-5683,electric,Clearwater Electric LLC,"9589 Lincoln Rd Ste 682, Philadelphia, PA 191704",920-644-5683,electric,1,1.0,certain_match,1.0,0.9999770500185827,True
B000996,R000996-399,source2,0.9714285714285714,1.0,0.8571428571428572,1.0,0.8015141226357096,0.0,0.75,1.0,1.0,0.8571428571428571,1.0,1.0,1.0,1.0,1.0,1.0,1.0,1.0,1.0,,1.0,1.0,1.0,1.0,,,,,,,,1.0,1.0,1.0,0.0,0.0,0.0,0.0,0.0,0.0,0.0,0.0,0.0,0.0,0.0,0.0,0.0,0.0,0.0,0.0,0.0,1.0,1.0,1.0,0.0,0.0,0.0,0.0,3.0,Cedar Grove Bakery,"5422 Franklin Ct, Raleigh, NC 276546",(325) 257-2272,restaurant,Cedar Grove Bakery LP,"5422 Franklin Ct, Raleigh, NC 276546",325-257-2272,restaurant,1,1.0,certain_match,1.0,0.9999770500185827,True
B001153,R001153-734,source2,0.9739130434782608,1.0,0.8695652173913043,1.0,0.7546158169486832,0.0,0.6666666666666666,1.0,1.0,0.8695652173913043,1.0,1.0,1.0,1.0,1.0,1.0,1.0,1.0,1.0,,1.0,1.0,1.0,1.0,,,,,,,,1.0,1.0,1.0,0.0,0.0,0.0,0.0,0.0,0.0,0.0,0.0,0.0,0.0,0.0,0.0,0.0,0.0,0.0,0.0,0.0,1.0,1.0,1.0,0.0,0.0,0.0,0.0,3.0,Kensington Furniture,"3720 Market Blvd, Pittsburgh, PA 152794",(791) 385-2375,furniture,Kensington Furniture Co,"3720 Market Blvd, Pittsburgh, PA 152794",791-385-2375,furniture,1,1.0,certain_match,1.0,0.9999770500185827,True
B001012,R001012-208,source2,0.9565217391304348,1.0,0.782608695652174,1.0,0.7344055871956907,0.0,0.6666666666666666,1.0,1.0,0.782608695652174,1.0,1.0,1.0,1.0,1.0,1.0,1.0,1.0,1.0,,1.0,1.0,1.0,1.0,,,,,,,,1.0,1.0,1.0,0.0,0.0,0.0,0.0,0.0,0.0,0.0,0.0,0.0,0.0,0.0,0.0,0.0,0.0,0.0,0.0,0.0,1.0,1.0,1.0,0.0,0.0,0.0,0.0,3.0,Windward Childcare,"3350 Franklin Pl, Savannah, GA 314699",(378) 320-4775,childcare,Windward Childcare Corp,"3350 Franklin Pl, Savannah, GA 314699",378-320-4775,childcare,1,1.0,certain_match,1.0,0.9999770500185827,True
B000601,R000601-369,source2,1.0,1.0,1.0,1.0,1.0,0.0,1.0,1.0,0.0,1.0,1.0,1.0,1.0,0.9642307692307693,0.975,1.0,0.98,0.0,1.0,,1.0,1.0,1.0,1.0,,,,,,,,1.0,1.0,1.0,0.0,0.0,0.0,0.0,0.0,0.0,0.0,0.0,0.0,0.0,0.0,0.0,0.0,0.0,0.0,0.0,0.0,1.0,1.0,1.0,0.0,0.0,0.0,0.0,3.0,Clearwater Optometry Ltd,"6463 Washington Ave, Pittsburgh, PA 152234",(820) 723-0918,optometry,Clearwater Optometry Ltd,"6463 Washngton Ave, Pittsburgh, PA 152234",820-723-0918,optometry,1,1.0,certain_match,1.0,0.9999770500185827,True
B000462,R000462-148,source2,0.968421052631579,1.0,0.8421052631578947,1.0,0.7658006141561475,0.0,0.6666666666666666,1.0,1.0,0.8421052631578947,1.0,1.0,1.0,1.0,1.0,1.0,1.0,1.0,1.0,,1.0,1.0,1.0,1.0,,,,,,,,1.0,1.0,1.0,0.0,0.0,0.0,0.0,0.0,0.0,0.0,0.0,0.0,0.0,0.0,0.0,0.0,0.0,0.0,0.0,0.0,1.0,1.0,1.0,0.0,0.0,0.0,0.0,3.0,Havenwood Coffee,"4896 Washington Ct, Portland, OR 972980",(883) 423-1850,coffee,Havenwood Coffee LP,"4896 Washington Ct, Portland, OR 972980",883-423-1850,coffee,1,1.0,certain_match,1.0,0.9999770500185827,True
B000732,R000732-331,source2,0.9700000000000001,1.0,0.85,1.0,0.7482663394564015,0.03444899103375839,0.6666666666666666,1.0,1.0,0.85,1.0,1.0,1.0,1.0,1.0,1.0,1.0,1.0,1.0,,1.0,1.0,1.0,1.0,,,,,,,,1.0,1.0,1.0,0.0,0.0,0.0,0.0,0.0,0.0,0.0,0.0,0.0,0.0,0.0,0.0,0.0,0.0,0.0,0.0,0.0,1.0,1.0,1.0,0.0,0.0,0.0,0.0,3.0,Glenmore Printing,"7661 Jefferson Way, Phoenix, AZ 850470",(525) 479-6264,printing,Glenmore Printing Co,"7661 Jefferson Way, Phoenix, AZ 850470",525-479-6264,printing,1,1.0,certain_match,1.0,0.9999770500185827,True
B000573,R000573-625,source2,0.9700000000000001,1.0,0.85,1.0,0.7563303648461314,0.0,0.6666666666666666,1.0,1.0,0.85,1.0,1.0,1.0,1.0,1.0,1.0,1.0,1.0,1.0,,1.0,1.0,1.0,1.0,,,,,,,,1.0,1.0,1.0,0.0,0.0,0.0,0.0,0.0,0.0,0.0,0.0,0.0,0.0,0.0,0.0,0.0,0.0,0.0,0.0,0.0,1.0,1.0,1.0,0.0,0.0,0.0,0.0,3.0,Lakeside Pharmacy,"6751 Lake Pl, Portland, OR 972094",(909) 238-9769,pharmacy,Lakeside Pharmacy Co,"6751 Lake Pl, Portland, OR 972094",909-238-9769,pharmacy,1,1.0,certain_match,1.0,0.9999770500185827,True
B000920,R000920-380,source2,0.968,1.0,0.84,1.0,0.8131735551102526,0.0,0.75,1.0,1.0,0.84,1.0,1.0,1.0,1.0,1.0,1.0,1.0,1.0,1.0,,1.0,1.0,1.0,1.0,,,,,,,,1.0,1.0,1.0,0.0,0.0,0.0,0.0,0.0,0.0,0.0,0.0,0.0,0.0,0.0,0.0,0.0,0.0,0.0,0.0,0.0,1.0,1.0,1.0,0.0,0.0,0.0,0.0,3.0,Cedar Grove Childcare,"7101 Cedar Ln, Boston, MA 021274",(526) 394-9145,restaurant,Cedar Grove Childcare LLC,"7101 Cedar Ln, Boston, MA 021274",526-394-9145,restaurant,1,1.0,certain_match,1.0,0.9999770500185827,True
B001215,R001215-502,source2,1.0,1.0,1.0,1.0,0.9999999999999999,0.10952765978704651,1.0,1.0,0.0,1.0,1.0,1.0,1.0,0.9941176470588236,0.9705882352941176,1.0,0.9625,0.0,1.0,,1.0,1.0,1.0,1.0,,,,,,,,1.0,1.0,,0.0,0.0,0.0,0.0,0.0,0.0,0.0,0.0,0.0,0.0,0.0,0.0,1.0,0.0,0.0,1.0,1.0,1.0,1.0,1.0,0.0,0.0,0.0,0.0,3.0,Clearwater Floral Inc,"858 Broadway Ave, Seattle, WA 981224",(665) 940-3253,floral,Clearwater Floral Inc,"858 Boadway Ave, Seattle, WA 981224",665-940-3253,,1,1.0,certain_match,1.0,0.9999770500185827,True
B001056,L001056-625,source3,0.9888888888888889,0.9888888888888889,0.9444444444444444,0.9444444444444444,0.0,0.0,0.3333333333333333,0.5,0.0,0.9444444444444444,1.0,1.0,1.0,1.0,1.0,1.0,1.0,1.0,1.0,,1.0,1.0,1.0,1.0,,,,0.3403490922128561,0.2929300966110274,1.0,1.0,1.0,1.0,,0.0,0.0,0.0,0.0,0.0,0.0,0.0,0.0,0.0,0.0,0.0,0.0,1.0,0.0,0.0,1.0,1.0,1.0,1.0,1.0,0.0,0.0,0.0,0.0,3.0,Brookfield Bakery,"3710 Poplar Blvd, Seattle, WA 981093",(442) 443-9306,bakery,Brookfield Bakeryi,"3710 Poplar Blvd, Seattle, WA 981093",(442) 443-9306,N/A,1,1.0,certain_match,1.0,0.9999770500185827,True
B000699,R000699-936,source2,0.9666666666666667,1.0,0.8333333333333334,1.0,0.8087542347917661,0.0,0.75,1.0,1.0,0.8333333333333334,1.0,1.0,1.0,1.0,1.0,1.0,1.0,1.0,1.0,,1.0,1.0,1.0,1.0,,,,,,,,1.0,1.0,1.0,0.0,0.0,0.0,0.0,0.0,0.0,0.0,0.0,0.0,0.0,0.0,0.0,0.0,0.0,0.0,0.0,0.0,1.0,0.0,1.0,0.0,0.0,0.0,0.0,2.0,Silver Lake Cleaners,"2029 Sycamore Dr, Philadelphia, PA 191704",(834) 754-9451,restaurant,Silver Lake Cleaners Ltd,"2029 Sycamore Dr, Philadelphia, PA 191704",834-754-9451,restaurant,1,1.0,certain_match,1.0,0.9999770500185827,True
B000621,R000621-302,source2,0.9636363636363636,1.0,0.8181818181818181,1.0,0.7535712974182329,0.5236144877181431,0.6666666666666666,1.0,1.0,0.8181818181818182,1.0,1.0,1.0,1.0,1.0,1.0,1.0,1.0,1.0,,1.0,1.0,1.0,1.0,,0.0,1.0,,,,,1.0,1.0,1.0,0.0,0.0,0.0,0.0,0.0,0.0,0.0,0.0,0.0,0.0,0.0,0.0,0.0,0.0,0.0,0.0,0.0,1.0,1.0,1.0,0.0,0.0,0.0,0.0,3.0,Eastgate Optometry,"8056 Broadway Rd Ste 548, Tucson, AZ 857565",(875) 892-1392,optometry,Eastgate Optometry LLC,"8056 Broadway Rd Ste 548, Tucson, AZ 857565",875-892-1392,optometry,1,1.0,certain_match,1.0,0.9999770500185827,True
B000290,R000290-787,source2,0.9636363636363636,1.0,0.8181818181818181,1.0,0.7534925735825552,0.0,0.6666666666666666,1.0,1.0,0.8181818181818182,1.0,1.0,1.0,1.0,1.0,1.0,1.0,1.0,1.0,,1.0,1.0,1.0,1.0,,0.0,1.0,,,,,1.0,1.0,1.0,0.0,0.0,0.0,0.0,0.0,0.0,0.0,0.0,0.0,0.0,0.0,0.0,0.0,0.0,0.0,0.0,0.0,1.0,1.0,1.0,0.0,0.0,0.0,0.0,3.0,Willowbrook Bakery,"3818 Cherry Way Ste 959, Springfield, IL 627250",(210) 543-0023,bakery,Willowbrook Bakery LLC,"3818 Cherry Way Ste 959, Springfield, IL 627250",210-543-0023,bakery,1,1.0,certain_match,1.0,0.9999770500185827,True
B001275,R001275-322,source2,0.9652173913043479,1.0,0.8260869565217391,1.0,0.7370372869603481,0.12254688546007315,0.6666666666666666,1.0,1.0,0.8260869565217391,1.0,1.0,1.0,1.0,1.0,1.0,1.0,1.0,1.0,,1.0,1.0,1.0,1.0,,0.0,1.0,,,,,1.0,1.0,,0.0,0.0,0.0,0.0,0.0,0.0,0.0,0.0,0.0,0.0,0.0,0.0,1.0,0.0,1.0,0.0,1.0,1.0,1.0,1.0,0.0,0.0,0.0,0.0,3.0,Willowbrook Storage,"441 Market Rd Ste 936, Savannah, GA 314718",(690) 822-4143,N/A,Willowbrook Storage LLC,"441 Market Rd Ste 936, Savannah, GA 314718",690-822-4143,storage,1,1.0,certain_match,1.0,0.9999770500185827,True
B000460,R000460-137,source2,0.9692307692307692,1.0,0.8461538461538461,1.0,0.8044992409151167,0.0,0.75,1.0,1.0,0.8461538461538461,1.0,1.0,1.0,1.0,1.0,1.0,1.0,1.0,1.0,,1.0,1.0,1.0,1.0,,0.0,1.0,,,,,1.0,1.0,,0.0,0.0,0.0,0.0,0.0,0.0,0.0,0.0,0.0,0.0,0.0,0.0,1.0,0.0,1.0,0.0,1.0,1.0,1.0,1.0,0.0,0.0,0.0,0.0,3.0,Blue Ridge Landscaping,"8900 Birch Way Ste 961, Minneapolis, MN 554671",(591) 212-1998,,Blue Ridge Landscaping LLC,"8900 Birch Way Ste 961, Minneapolis, MN 554671",591-212-1998,restaurant,1,1.0,certain_match,1.0,0.9999770500185827,True
B000600,R000600-997,source2,1.0,1.0,1.0,1.0,1.0000000000000002,0.0,1.0,1.0,0.0,1.0,1.0,1.0,1.0,0.9941176470588236,0.9411764705882353,1.0,0.9249999999999999,0.0,1.0,,1.0,1.0,1.0,1.0,,,,,,,,1.0,1.0,,0.0,0.0,0.0,0.0,0.0,0.0,0.0,0.0,0.0,0.0,0.0,0.0,1.0,0.0,0.0,1.0,1.0,1.0,1.0,1.0,0.0,0.0,0.0,0.0,3.0,Copperfield Automotive Ltd,"8626 Lake Blvd, Charlotte, NC 282473",(401) 223-1369,auto,Copperfield Automotive Ltd,"8626 Lkae Blvd, Charlotte, NC 282473",401-223-1369,,1,1.0,certain_match,1.0,0.9999770500185827,True
B001146,R001146-285,source2,0.9727272727272728,1.0,0.8636363636363636,1.0,0.7571705094565852,0.0,0.6666666666666666,1.0,1.0,0.8636363636363636,1.0,1.0,1.0,1.0,1.0,1.0,1.0,1.0,1.0,,1.0,1.0,1.0,1.0,,0.0,1.0,,,,,1.0,1.0,1.0,0.0,0.0,0.0,0.0,0.0,0.0,0.0,0.0,0.0,0.0,0.0,0.0,0.0,0.0,0.0,0.0,0.0,1.0,1.0,1.0,0.0,0.0,0.0,0.0,3.0,Deepford Automotive,"273 Liberty Blvd Ste 300, Philadelphia, PA 191655",(327) 304-2456,auto,Deepford Automotive LP,"273 Liberty Blvd Ste 300, Philadelphia, PA 191655",327-304-2456,auto,1,1.0,certain_match,1.0,0.9999770500185827,True
B000532,R000532-831,source2,0.9666666666666667,1.0,0.8333333333333334,1.0,0.7631318024088638,0.0,0.6666666666666666,1.0,1.0,0.8333333333333334,1.0,1.0,1.0,1.0,1.0,1.0,1.0,1.0,1.0,,1.0,1.0,1.0,1.0,,0.0,1.0,,,,,1.0,1.0,1.0,0.0,0.0,0.0,0.0,0.0,0.0,0.0,0.0,0.0,0.0,0.0,0.0,0.0,0.0,0.0,0.0,0.0,1.0,1.0,1.0,0.0,0.0,0.0,0.0,3.0,Deepford Dental,"3797 Lake Ct Ste 731, Pittsburgh, PA 152794",(573) 601-3004,dental,Deepford Dental Co,"3797 Lake Ct Ste 731, Pittsburgh, PA 152794",573-601-3004,dental,1,1.0,certain_match,1.0,0.9999770500185827,True
B001142,R001142-632,source2,0.976,1.0,0.88,1.0,0.8109630366435228,0.017405785890220873,0.75,1.0,1.0,0.88,1.0,1.0,1.0,1.0,1.0,1.0,1.0,1.0,1.0,,1.0,1.0,1.0,1.0,,0.0,1.0,,,,,1.0,1.0,1.0,0.0,0.0,0.0,0.0,0.0,0.0,0.0,0.0,0.0,0.0,0.0,0.0,0.0,0.0,0.0,0.0,0.0,1.0,1.0,1.0,0.0,0.0,0.0,0.0,3.0,Cedar Grove Automotive,"4566 Elm Rd Ste 791, Kansas City, MO 641574",(701) 421-0849,restaurant,Cedar Grove Automotive LP,"4566 Elm Rd Ste 791, Kansas City, MO 641574",701-421-0849,restaurant,1,1.0,certain_match,1.0,0.9999770500185827,True
B000677,R000677-606,source2,0.9619047619047618,1.0,0.8095238095238095,1.0,0.7288531758625738,0.0,0.6666666666666666,1.0,1.0,0.8095238095238095,1.0,1.0,1.0,1.0,1.0,1.0,1.0,1.0,1.0,,1.0,1.0,1.0,1.0,,,,,,,,1.0,1.0,,0.0,0.0,0.0,0.0,0.0,0.0,0.0,0.0,0.0,0.0,0.0,0.0,1.0,0.0,0.0,1.0,1.0,1.0,1.0,1.0,0.0,0.0,0.0,0.0,3.0,Havenwood Bicycle,"1041 Highland Ln, Boulder, CO 803071",(685) 319-8106,bike,Havenwood Bicycle Ltd,"1041 Highland Ln, Boulder, CO 803071",685-319-8106,-,1,1.0,certain_match,1.0,0.9999770500185827,True
B000133,R000133-881,source2,0.9647058823529411,1.0,0.8235294117647058,1.0,0.7575524716854705,0.0,0.6666666666666666,1.0,1.0,0.8235294117647058,1.0,1.0,1.0,0.9502463054187192,0.9655172413793104,1.0,0.9416666666666667,0.0,1.0,,1.0,1.0,1.0,1.0,,,,,,,,1.0,1.0,1.0,0.0,0.0,0.0,0.0,0.0,0.0,0.0,0.0,0.0,0.0,0.0,0.0,0.0,0.0,0.0,0.0,0.0,1.0,1.0,1.0,0.0,0.0,0.0,0.0,3.0,Lakeside Pools,"6422 Elm Dr, Tucson, AZ 857996",(518) 772-6171,pool,Lakeside Pools LP,"6422 Elma Dr, Tucson, AZ 857996",518-772-6171,pool,1,1.0,certain_match,1.0,0.9999770500185827,True
B001239,R001239-993,source2,1.0,1.0,1.0,1.0,1.0,0.0,1.0,1.0,0.0,1.0,1.0,1.0,1.0,1.0,1.0,1.0,1.0,1.0,1.0,,1.0,1.0,1.0,1.0,,,,,,,,1.0,1.0,,0.0,0.0,0.0,0.0,0.0,0.0,0.0,0.0,0.0,0.0,0.0,0.0,1.0,0.0,0.0,1.0,1.0,1.0,1.0,1.0,0.0,0.0,0.0,0.0,3.0,Elmhurst Automotive Ltd,"8618 Maple Dr, Portland, OR 972781",(380) 749-8216,auto,Elmhurst Automotive Ltd,"8618 Maple Dr, Portland, OR 972781",380-749-8216,,1,1.0,certain_match,1.0,0.9999770500185827,True
B001278,R001278-900,source2,1.0,1.0,1.0,1.0,1.0000000000000004,0.0,1.0,1.0,0.0,1.0,1.0,1.0,1.0,1.0,1.0,1.0,1.0,1.0,1.0,,1.0,1.0,1.0,1.0,,,,,,,,1.0,1.0,1.0,0.0,0.0,0.0,0.0,0.0,0.0,0.0,0.0,0.0,0.0,0.0,0.0,0.0,0.0,0.0,0.0,0.0,1.0,1.0,1.0,0.0,0.0,0.0,0.0,3.0,Pinecrest Accounting Inc,"3512 Cedar Pl, Chicago, IL 606142",(903) 838-7084,accounting,Pinecrest Accounting Inc,"3512 Cedar Pl, Chicago, IL 606142",903-838-7084,accounting,1,1.0,certain_match,1.0,0.9999770500185827,True
B000106,R000106-559,source2,0.96,0.96,0.8,0.8,0.639209324083038,0.021038434910490057,0.6666666666666666,1.0,1.0,0.8,1.0,1.0,1.0,1.0,1.0,1.0,1.0,1.0,1.0,,1.0,1.0,1.0,1.0,,,,,,,,1.0,1.0,1.0,0.0,0.0,0.0,0.0,0.0,0.0,0.0,0.0,0.0,0.0,0.0,0.0,0.0,0.0,0.0,0.0,0.0,1.0,1.0,1.0,0.0,0.0,0.0,0.0,3.0,Eastgate Roofing,"1769 Birch Way, Denver, CO 802906",(276) 282-5277,roofing,Eastgate Roofing LPe,"1769 Birch Way, Denver, CO 802906",276-282-5277,roofing,1,1.0,certain_match,1.0,0.9999766225137005,True
B000672,R000672-885,source2,0.9652173913043479,0.9652173913043479,0.8260869565217391,0.8260869565217391,0.6624205706885048,0.0,0.6666666666666666,1.0,1.0,0.8260869565217391,1.0,1.0,1.0,1.0,1.0,1.0,1.0,1.0,1.0,,1.0,1.0,1.0,1.0,,,,,,,,1.0,1.0,1.0,0.0,0.0,0.0,0.0,0.0,0.0,0.0,0.0,0.0,0.0,0.0,0.0,0.0,0.0,0.0,0.0,0.0,1.0,1.0,1.0,1.0,0.0,0.0,0.0,4.0,Fairview Restaurant,"1743 Jefferson Dr, Worcester, MA 016216",(605) 319-0217,restaurant,Fairview Restaurant LPi,"1743 Jefferson Dr, Worcester, MA 016216",605-319-0217,restaurant,1,1.0,certain_match,1.0,0.9999758248282496,True
B000853,R000853-780,source2,0.9504201680672268,0.9857142857142858,0.7647058823529411,0.8571428571428572,0.11879652395010261,0.0,0.25,0.5,1.0,0.8235294117647058,1.0,1.0,0.0,1.0,1.0,1.0,1.0,1.0,1.0,,1.0,1.0,1.0,1.0,,0.0,1.0,,,,,1.0,1.0,1.0,0.0,0.0,0.0,0.0,0.0,0.0,0.0,0.0,0.0,0.0,0.0,0.0,0.0,0.0,0.0,0.0,0.0,1.0,1.0,1.0,0.0,0.0,0.0,0.0,3.0,Clearwater Gym,"4750 Jefferson St Ste 895, Raleigh, NC 276175",(765) 590-1875,fitness,Clearwater Gmy LP,"4750 Jefferson St Ste 895, Raleigh, NC 276175",765-590-1875,fitness,1,1.0,certain_match,1.0,0.9999757202109678,True
B001272,R001272-131,source2,0.9866666666666667,0.9333333333333333,0.9333333333333333,0.6666666666666667,0.4587458837249604,0.0,0.5,0.6666666666666666,0.0,0.9333333333333333,1.0,1.0,1.0,0.9935483870967742,0.967741935483871,1.0,0.96,0.0,1.0,,1.0,1.0,1.0,1.0,,,,,,,,1.0,1.0,1.0,0.0,0.0,0.0,0.0,0.0,0.0,0.0,0.0,0.0,0.0,0.0,0.0,0.0,0.0,0.0,0.0,0.0,1.0,1.0,1.0,0.0,0.0,0.0,0.0,3.0,Sunset Pet Inc,"4662 Pine Rd, Spokane, WA 992642",(493) 209-2832,pet,Sunset Pet Ince,"4662 Pineu Rd, Spokane, WA 992642",493-209-2832,pet,1,1.0,certain_match,1.0,0.999974652475012,True
B000447,R000447-640,source2,0.9642857142857142,1.0,0.8214285714285714,1.0,0.7477441758902243,0.0,0.6666666666666666,1.0,1.0,0.8214285714285714,1.0,1.0,1.0,0.9916666666666667,0.9375,0.0,1.0,1.0,1.0,,1.0,1.0,1.0,1.0,,,,,,,,1.0,1.0,1.0,0.0,0.0,0.0,0.0,0.0,0.0,0.0,0.0,0.0,0.0,0.0,0.0,0.0,0.0,0.0,0.0,0.0,1.0,1.0,1.0,0.0,0.0,0.0,0.0,3.0,Bramblewood Landscaping,"9617 Spruce Ct, Seattle, WA 981505",(372) 388-0378,landscaping,Bramblewood Landscaping Corp,"9671 Spruce Ct, Seattle, WA 981505",372-388-0378,landscaping,1,1.0,certain_match,1.0,0.9999648310624161,True
B000093,R000093-844,source2,1.0,1.0,1.0,1.0,1.0,0.0,1.0,1.0,0.0,1.0,1.0,1.0,1.0,0.9825210084033614,0.9714285714285714,0.0,1.0,1.0,1.0,,1.0,1.0,1.0,1.0,,,,,,,,1.0,1.0,1.0,0.0,0.0,0.0,0.0,0.0,0.0,0.0,0.0,0.0,0.0,0.0,0.0,0.0,0.0,0.0,0.0,0.0,1.0,1.0,1.0,0.0,0.0,0.0,0.0,3.0,Copperfield Salon Inc,"2166 Franklin Rd, Boulder, CO 803721",(744) 713-4465,beauty,Copperfield Salon Inc,"2166A Franklin Rd, Boulder, CO 803721",744-713-4465,beauty,1,1.0,certain_match,1.0,0.9999648310624161,True
B000987,R000987-497,source2,0.9739130434782608,1.0,0.8695652173913043,1.0,0.7665333803429107,0.4299095959435011,0.6666666666666666,1.0,1.0,0.8695652173913043,1.0,1.0,1.0,0.9887301587301588,0.9722222222222222,0.0,1.0,1.0,1.0,,1.0,1.0,1.0,1.0,,,,,,,,1.0,1.0,1.0,0.0,0.0,0.0,0.0,0.0,0.0,0.0,0.0,0.0,0.0,0.0,0.0,0.0,0.0,0.0,0.0,0.0,1.0,1.0,1.0,0.0,0.0,0.0,0.0,3.0,Willowbrook Printing,"9348 Market Dr, Pittsburgh, PA 152841",(518) 409-4466,printing,Willowbrook Printing Co,"9348A Market Dr, Pittsburgh, PA 152841",518-409-4466,printing,1,1.0,certain_match,1.0,0.9999648310624161,True
B001185,R001185-140,source2,0.96,1.0,0.8,1.0,0.7314031259787329,0.3427485226285814,0.6666666666666666,1.0,1.0,0.8,1.0,1.0,1.0,0.9927927927927928,0.9459459459459459,0.0,1.0,1.0,1.0,,1.0,1.0,1.0,1.0,,0.0,1.0,,,,,1.0,1.0,1.0,0.0,0.0,0.0,0.0,0.0,0.0,0.0,0.0,0.0,0.0,0.0,0.0,0.0,0.0,0.0,0.0,0.0,1.0,1.0,1.0,0.0,0.0,0.0,0.0,3.0,Sunset Furniture,"4618 Park Ln Ste 115, Denver, CO 802643",(364) 465-9098,furniture,Sunset Furniture Ltd,"4681 Park Ln Ste 115, Denver, CO 802643",364-465-9098,furniture,1,1.0,certain_match,1.0,0.9999648310624161,True
B000168,R000168-730,source2,1.0,1.0,1.0,1.0,1.0,0.0,1.0,1.0,0.0,1.0,1.0,1.0,1.0,0.9839971550497866,0.9210526315789473,0.0,0.9777777777777777,0.0,1.0,,1.0,1.0,1.0,1.0,,,,,,,,1.0,1.0,1.0,0.0,0.0,0.0,0.0,0.0,0.0,0.0,0.0,0.0,0.0,0.0,0.0,0.0,0.0,0.0,0.0,0.0,1.0,1.0,1.0,0.0,0.0,0.0,0.0,3.0,Northstar Electric LLC,"745 Sycamore St, New Orleans, LA 701919",(867) 415-9373,electric,Northstar Electric LLC,"754 Sycamorei St, New Orleans, LA 701919",867-415-9373,electric,1,1.0,certain_match,1.0,0.9999648310624161,True
B000404,R000404-398,source2,0.9545454545454545,1.0,0.7727272727272727,1.0,0.7571202627625726,0.0,0.6666666666666666,1.0,1.0,0.7727272727272727,1.0,1.0,1.0,0.9303063861203396,0.9302325581395349,0.0,0.9666666666666667,0.0,1.0,,1.0,1.0,1.0,1.0,,0.0,1.0,,,,,1.0,1.0,1.0,0.0,0.0,0.0,0.0,0.0,0.0,0.0,0.0,0.0,0.0,0.0,0.0,0.0,0.0,0.0,0.0,0.0,1.0,1.0,1.0,1.0,0.0,0.0,0.0,4.0,Fairview Pharmacy,"2294 Cherry Ave Ste 851, Charlotte, NC 282947",(279) 944-1235,pharmacy,Fairview Pharmacy Corp,"2249 Chery Ave Ste 851, Charlotte, NC 282947",279-944-1235,pharmacy,1,1.0,certain_match,1.0,0.9999630472593628,True
B000545,L000545-434,source3,1.0,1.0,1.0,1.0,0.0,0.0,1.0,1.0,0.0,1.0,1.0,1.0,1.0,1.0,1.0,1.0,1.0,1.0,1.0,,0.0,1.0,1.0,1.0,,,,0.40465401559620123,0.3397910202159499,1.0,1.0,1.0,1.0,1.0,0.0,0.0,0.0,0.0,0.0,0.0,0.0,0.0,0.0,0.0,0.0,0.0,0.0,0.0,0.0,0.0,0.0,1.0,1.0,1.0,0.0,0.0,0.0,0.0,3.0,Windward Coffee,"1312 Elm Ct, Raleigh, NC 276546",(969) 997-4578,coffee,Windward Coffee,"1312 Elm Ct, Raleigh, NC 276546",(969) 997-4578,coffeehouse,1,1.0,certain_match,1.0,0.9999585703578097,True
B000084,L000084-973,source3,1.0,1.0,1.0,1.0,0.0,0.0,1.0,1.0,0.0,1.0,1.0,1.0,1.0,0.829954954954955,0.8648648648648649,,1.0,1.0,1.0,,0.0,1.0,1.0,1.0,,,,0.5277585618314563,0.4238016689869413,1.0,1.0,1.0,1.0,1.0,0.0,0.0,0.0,0.0,0.0,0.0,0.0,0.0,0.0,0.0,0.0,0.0,0.0,0.0,0.0,0.0,0.0,1.0,1.0,1.0,0.0,0.0,0.0,0.0,3.0,Elmhurst Roofing,"5189 Sycamore Pl, Pittsburgh, PA 152057",(755) 236-1121,roofing,Elmhurst Roofing,"Sycamore Pl, Pittsburgh, PA 152057",(755) 236-1121,roofing contractors,1,1.0,certain_match,1.0,0.9999585703578097,True
B000161,R000161-593,source2,0.9565217391304348,1.0,0.782608695652174,1.0,0.80776503158062,0.3041235560189553,0.75,1.0,1.0,0.782608695652174,1.0,1.0,1.0,1.0,1.0,1.0,1.0,1.0,1.0,,0.0,1.0,1.0,1.0,,,,,,,,1.0,1.0,1.0,0.0,0.0,0.0,0.0,0.0,0.0,0.0,0.0,0.0,0.0,0.0,0.0,0.0,0.0,0.0,0.0,0.0,1.0,1.0,1.0,0.0,0.0,0.0,0.0,3.0,Cedar Grove Barber,"2581 Market Dr, Savannah, GA 314663",(854) 378-5922,restaurant,Cedar Grove Barber Corp,"2581 Market Dr, Savannah, GA 314663",854-378-5922,restaurant,1,1.0,certain_match,1.0,0.9999585703578097,True
B000113,L000113-702,source3,1.0,1.0,1.0,1.0,0.20328319169371212,0.022471648882903827,1.0,1.0,0.0,1.0,1.0,1.0,1.0,1.0,1.0,1.0,1.0,1.0,1.0,,0.0,1.0,1.0,1.0,,,,0.23944519722581567,0.21466385790195494,1.0,1.0,1.0,1.0,1.0,0.0,0.0,0.0,0.0,0.0,0.0,0.0,0.0,0.0,0.0,0.0,0.0,0.0,0.0,0.0,0.0,0.0,1.0,1.0,1.0,0.0,0.0,1.0,0.0,4.0,Riverbend Moving,"9191 Liberty Blvd, Portland, OR 972094",(892) 858-9121,moving,Riverbend Moving,"9191 Liberty Blvd, Portland, OR 972094",(892) 858-9121,movers,1,1.0,certain_match,1.0,0.9999585703578097,True
B000555,L000555-686,source3,0.9894736842105263,0.9894736842105263,0.9473684210526316,0.9473684210526316,0.0,0.019282733285111757,0.3333333333333333,0.5,0.0,0.9473684210526315,1.0,1.0,1.0,1.0,1.0,1.0,1.0,1.0,1.0,,0.0,1.0,1.0,1.0,,,,0.606740162337659,0.4742073825417292,1.0,1.0,1.0,1.0,,0.0,0.0,0.0,0.0,0.0,0.0,0.0,0.0,0.0,0.0,0.0,0.0,1.0,0.0,1.0,0.0,1.0,1.0,1.0,1.0,0.0,0.0,0.0,0.0,3.0,Elmhurst Optometry,"8973 Main Rd, Boston, MA 021032",(213) 621-1600,N/A,Elmhurst Optometryo,"8973 Main Rd, Boston, MA 021032",(213) 621-1600,optician,1,1.0,certain_match,1.0,0.9999585703578097,True
B000190,L000190-141,source3,1.0,1.0,1.0,1.0,0.0,0.022898047101985078,1.0,1.0,0.0,1.0,1.0,1.0,1.0,0.9299999999999999,0.9,1.0,0.8366666666666667,0.0,,,0.0,1.0,1.0,1.0,,,,0.06741764376211713,0.06524231444393565,1.0,1.0,1.0,1.0,,0.0,0.0,0.0,0.0,0.0,0.0,0.0,0.0,0.0,0.0,0.0,0.0,1.0,0.0,0.0,1.0,1.0,1.0,1.0,1.0,0.0,0.0,0.0,0.0,3.0,Willowbrook Automotive,"3815 Oak Pl Ste 438, Pittsburgh, PA 152841",(684) 302-2252,auto,Willowbrook Automotive,"3815 Oak Pl #438, Pittsburgh, PA 152841",(684) 302-2252,N/A,1,1.0,certain_match,1.0,0.9999585703578097,True
B000816,L000816-910,source3,0.9866666666666667,0.9866666666666667,0.9333333333333333,0.9333333333333333,0.0,0.08430030243506456,0.3333333333333333,0.5,0.0,0.9333333333333333,1.0,1.0,1.0,1.0,1.0,1.0,1.0,1.0,1.0,,0.0,1.0,1.0,1.0,,,,0.3380573551718782,0.2912188271339963,1.0,1.0,1.0,1.0,1.0,0.0,0.0,0.0,0.0,0.0,0.0,0.0,0.0,0.0,0.0,0.0,0.0,0.0,0.0,0.0,0.0,0.0,1.0,1.0,1.0,0.0,0.0,0.0,0.0,3.0,Havenwood Pools,"4492 Market St, Atlanta, GA 303166",(247) 779-0996,pool,Havenwood Pool,"4492 Market St, Atlanta, GA 303166",(247) 779-0996,pool service,1,1.0,certain_match,1.0,0.9999585703578097,True
B001199,L001199-316,source3,1.0,1.0,1.0,1.0,0.0,0.49140184392409064,1.0,1.0,0.0,1.0,1.0,1.0,1.0,0.9113621262458472,0.813953488372093,1.0,1.0,1.0,1.0,,0.0,1.0,1.0,1.0,,,,0.33059696313204606,0.2856276859933041,1.0,1.0,1.0,1.0,1.0,0.0,0.0,0.0,0.0,0.0,0.0,0.0,0.0,0.0,0.0,0.0,0.0,0.0,0.0,0.0,0.0,0.0,1.0,1.0,1.0,0.0,0.0,0.0,0.0,3.0,Thistledown Landscaping,"22 Chestnut Ct Ste 604, Naperville, IL 605030",(861) 728-6950,landscaping,Thistledown Landscaping,"22 Chestnut Ct, Naperville, IL 605030",(861) 728-6950,pest control,1,1.0,certain_match,1.0,0.9999585703578097,True
B001064,L001064-974,source3,1.0,1.0,1.0,1.0,0.0,0.0,1.0,1.0,0.0,1.0,1.0,1.0,1.0,0.92875,0.8,1.0,1.0,1.0,1.0,,0.0,1.0,1.0,1.0,,,,0.3403273975837856,0.292913910675012,1.0,1.0,1.0,1.0,1.0,0.0,0.0,0.0,0.0,0.0,0.0,0.0,0.0,0.0,0.0,0.0,0.0,0.0,0.0,0.0,0.0,0.0,1.0,1.0,1.0,0.0,0.0,1.0,0.0,4.0,Riverbend Restaurant,"3216 Market Ln Ste 229, Boulder, CO 803677",(843) 952-0213,restaurant,Riverbend Restaurant,"3216 Market Ln, Boulder, CO 803677",(843) 952-0213,cafe,1,1.0,certain_match,1.0,0.9999585703578097,True
B000580,R000580-947,source2,0.9652173913043479,1.0,0.8260869565217391,1.0,0.7207572959245141,0.0,0.6666666666666666,1.0,1.0,0.8260869565217391,1.0,1.0,1.0,1.0,1.0,1.0,1.0,1.0,1.0,,0.0,1.0,1.0,1.0,,,,,,,,1.0,1.0,1.0,0.0,0.0,0.0,0.0,0.0,0.0,0.0,0.0,0.0,0.0,0.0,0.0,0.0,0.0,0.0,0.0,0.0,1.0,1.0,1.0,0.0,0.0,0.0,0.0,3.0,Elmhurst Electrical,"2569 Franklin Dr, Seattle, WA 981093",(375) 791-9056,electrical,Elmhurst Electrical Ltd,"2569 Franklin Dr, Seattle, WA 981093",375-791-9056,electrical,1,1.0,certain_match,1.0,0.9999585703578097,True
B001016,L001016-971,source3,1.0,1.0,1.0,1.0,0.0,0.0,1.0,1.0,0.0,1.0,1.0,1.0,1.0,0.9089635854341737,0.7619047619047619,1.0,0.9625,0.0,1.0,,0.0,1.0,1.0,1.0,,,,0.4924475606083748,0.4004174303965914,1.0,1.0,1.0,1.0,1.0,0.0,0.0,0.0,0.0,0.0,0.0,0.0,0.0,0.0,0.0,0.0,0.0,0.0,0.0,0.0,0.0,0.0,1.0,1.0,1.0,0.0,0.0,0.0,0.0,3.0,Kensington Roofing,"8699 Franklin Pl Ste 137, Raleigh, NC 276175",(574) 249-3745,roofing,Kensington Roofing,"8699 Farnklin Pl, Raleigh, NC 276175",(574) 249-3745,roofing contractors,1,1.0,certain_match,1.0,0.9999585703578097,True
B000045,L000045-699,source3,0.9857142857142858,0.9857142857142858,0.9285714285714286,0.9285714285714286,0.0,0.0,0.3333333333333333,0.5,0.0,0.9285714285714286,1.0,1.0,1.0,1.0,1.0,1.0,1.0,1.0,1.0,,0.0,1.0,1.0,1.0,,,,0.4220069401471349,0.35206921192268,1.0,1.0,1.0,1.0,1.0,0.0,0.0,0.0,0.0,0.0,0.0,0.0,0.0,0.0,0.0,0.0,0.0,0.0,0.0,0.0,0.0,0.0,1.0,1.0,1.0,0.0,0.0,0.0,0.0,3.0,Deepford Pools,"6456 Poplar Pl, Columbus, OH 432027",(286) 858-7022,pool,Deepford Pool,"6456 Poplar Pl, Columbus, OH 432027",(286) 858-7022,pool service,1,1.0,certain_match,1.0,0.9999585703578097,True
B000125,L000125-962,source3,1.0,1.0,1.0,1.0,0.19430923510997203,0.0,1.0,1.0,0.0,1.0,1.0,1.0,1.0,0.9388471177944862,0.9047619047619048,1.0,0.9,0.0,,,0.0,1.0,1.0,1.0,,,,0.4762242343514421,0.3894876349318667,1.0,1.0,1.0,1.0,1.0,0.0,0.0,0.0,0.0,0.0,0.0,0.0,0.0,0.0,0.0,0.0,0.0,0.0,0.0,0.0,0.0,0.0,1.0,1.0,1.0,0.0,0.0,0.0,0.0,3.0,Willowbrook Coffee,"2843 Hickory Dr Ste 877, Columbus, OH 432718",(278) 381-8095,coffee,Willowbrook Coffee,"2843 Hickory Dr #877, Columbus, OH 432718",(278) 381-8095,coffee and tea shops,1,1.0,certain_match,1.0,0.9999585703578097,True
B000973,L000973-674,source3,0.9578947368421054,1.0,0.7894736842105263,1.0,0.0,0.0,0.6666666666666666,1.0,1.0,0.7894736842105263,1.0,1.0,1.0,0.9825210084033614,0.9714285714285714,1.0,0.9333333333333333,0.0,1.0,,0.0,1.0,1.0,1.0,,,,0.4999161672040207,0.4054092180156894,1.0,1.0,1.0,1.0,1.0,0.0,0.0,0.0,0.0,0.0,0.0,0.0,0.0,0.0,0.0,0.0,0.0,0.0,0.0,0.0,0.0,0.0,1.0,1.0,1.0,0.0,0.0,0.0,0.0,3.0,Amberly Roofing LLC,"6568 Park Dr, Indianapolis, IN 462825",(632) 687-7667,roofing,Amberly Roofing,"6568 Pak Dr, Indianapolis, IN 462825",(632) 687-7667,roofing contractors,1,1.0,certain_match,1.0,0.9999585703578097,True
B000743,L000743-186,source3,1.0,1.0,1.0,1.0,0.0,0.0,1.0,1.0,0.0,1.0,1.0,1.0,1.0,1.0,1.0,1.0,1.0,1.0,1.0,,0.0,1.0,1.0,1.0,,,,0.3301424764787083,0.28528606166813203,1.0,1.0,1.0,1.0,1.0,0.0,0.0,0.0,0.0,0.0,0.0,0.0,0.0,0.0,0.0,0.0,0.0,0.0,0.0,0.0,0.0,0.0,1.0,1.0,1.0,0.0,0.0,0.0,0.0,3.0,Bramblewood Printing,"5389 Poplar Blvd, Rochester, MN 559146",(674) 789-0640,printing,Bramblewood Printing,"5389 Poplar Blvd, Rochester, MN 559146",(674) 789-0640,printing and copy centers,1,1.0,certain_match,1.0,0.9999585703578097,True
B000601,L000601-211,source3,0.9666666666666667,1.0,0.8333333333333334,1.0,0.0,0.0,0.6666666666666666,1.0,1.0,0.8333333333333334,1.0,1.0,1.0,1.0,1.0,1.0,1.0,1.0,1.0,,0.0,1.0,1.0,1.0,,,,0.4660884211217715,0.3825979161897932,1.0,1.0,1.0,1.0,1.0,0.0,0.0,0.0,0.0,0.0,0.0,0.0,0.0,0.0,0.0,0.0,0.0,0.0,0.0,0.0,0.0,0.0,1.0,1.0,1.0,0.0,0.0,0.0,0.0,3.0,Clearwater Optometry Ltd,"6463 Washington Ave, Pittsburgh, PA 152234",(820) 723-0918,optometry,Clearwater Optometry,"6463 Washington Ave, Pittsburgh, PA 152234",(820) 723-0918,optician,1,1.0,certain_match,1.0,0.9999585703578097,True
B000602,L000602-573,source3,1.0,1.0,1.0,1.0,0.0,0.12736073997248443,1.0,1.0,0.0,1.0,1.0,1.0,1.0,0.9148459383753501,0.8095238095238095,1.0,1.0,1.0,1.0,,0.0,1.0,1.0,1.0,,,,0.5870659754191435,0.4618870130929821,1.0,1.0,1.0,1.0,1.0,0.0,0.0,0.0,0.0,0.0,0.0,0.0,0.0,0.0,0.0,0.0,0.0,0.0,0.0,0.0,0.0,0.0,1.0,1.0,1.0,0.0,0.0,0.0,0.0,3.0,Windward Insurance,"6327 Walnut Way Ste 453, Columbus, OH 432203",(516) 656-9191,insurance,Windward Insurance,"6327 Walnut Way, Columbus, OH 432203",(516) 656-9191,insurance agencies,1,1.0,certain_match,1.0,0.9999585703578097,True
B001061,L001061-485,source3,0.9427807486631016,0.9882352941176471,0.6818181818181819,0.8823529411764706,0.0,0.0,0.25,0.5,1.0,0.7727272727272727,1.0,1.0,0.0,0.9394871794871795,0.8974358974358975,1.0,0.8833333333333334,0.0,,,0.0,1.0,1.0,1.0,,,,0.4238382143700099,0.35335619303107446,1.0,1.0,1.0,1.0,,0.0,0.0,0.0,0.0,0.0,0.0,0.0,0.0,0.0,0.0,0.0,0.0,1.0,0.0,0.0,1.0,1.0,1.0,1.0,1.0,0.0,0.0,0.0,0.0,3.0,Pinecrest Roofing,"5235 Cedar St Ste 983, Boulder, CO 803677",(388) 555-9637,roofing,Pinecrest oRofing Shop,"5235 Cedar St #983, Boulder, CO 803677",(388) 555-9637,,1,1.0,certain_match,1.0,0.999956414476883,True
B000577,R000577-446,source2,1.0,1.0,1.0,1.0,1.0000000000000002,0.03473822081997097,1.0,1.0,0.0,1.0,1.0,1.0,1.0,0.7293650793650793,0.7222222222222222,0.0,0.5119047619047619,0.0,1.0,,1.0,1.0,1.0,1.0,,,,,,,,1.0,1.0,1.0,0.0,0.0,0.0,0.0,0.0,0.0,0.0,0.0,0.0,0.0,0.0,0.0,0.0,0.0,0.0,0.0,0.0,1.0,1.0,1.0,0.0,0.0,0.0,0.0,3.0,Cedar Grove Siding Ltd,"9499 Chestnut Ct, Nashville, TN 372220",(894) 533-3769,restaurant,Cedar Grove Siding Ltd,"4414 Liberty Ct, Nashville, TN 372220",894-533-3769,restaurant,1,1.0,certain_match,1.0,0.9999505807948406,True
B000917,L000917-778,source3,1.0,1.0,1.0,1.0,0.0,0.0,1.0,1.0,0.0,1.0,1.0,1.0,1.0,1.0,1.0,1.0,1.0,1.0,1.0,,0.0,1.0,1.0,1.0,,,,0.22229411260004403,0.2007295131323941,1.0,1.0,,1.0,1.0,0.0,0.0,0.0,0.0,0.0,0.0,0.0,0.0,0.0,0.0,0.0,0.0,0.0,0.0,0.0,0.0,0.0,0.0,1.0,1.0,0.0,0.0,1.0,0.0,3.0,Pinecrest Coffee,"7192 Lake Dr, Eugene, OR 974867",(466) 820-1738,coffee,Pinecrest Coffee,"7192 Lake Dr, Eugene, OR 974867",820-1738,coffeehouse,1,0.9678571428571432,certain_match,1.0,0.9999493005557634,True
B000262,L000262-102,source3,1.0,1.0,1.0,1.0,0.0,0.4242317672989656,1.0,1.0,0.0,1.0,1.0,1.0,1.0,1.0,1.0,1.0,1.0,1.0,1.0,,0.0,1.0,1.0,1.0,,,,0.4271648208520706,0.3556898334731601,1.0,1.0,,1.0,1.0,0.0,0.0,0.0,0.0,0.0,0.0,0.0,0.0,0.0,0.0,0.0,0.0,0.0,0.0,0.0,0.0,0.0,0.0,1.0,1.0,0.0,0.0,1.0,0.0,3.0,Brookfield Printing,"4795 Park Rd, Savannah, GA 314699",(896) 297-2221,printing,Brookfield Printing,"4795 Park Rd, Savannah, GA 314699",297-2221,printing and copy centers,1,0.9678571428571432,certain_match,1.0,0.9999493005557634,True
B000428,L000428-797,source3,1.0,1.0,1.0,1.0,0.0,0.0,1.0,1.0,0.0,1.0,1.0,1.0,1.0,0.8682051282051283,0.7428571428571429,1.0,0.9249999999999999,0.0,1.0,,0.0,1.0,1.0,1.0,,,,0.3527190966376232,0.3021167124360146,1.0,1.0,,1.0,,0.0,0.0,0.0,0.0,0.0,0.0,0.0,0.0,0.0,0.0,0.0,0.0,1.0,0.0,0.0,1.0,1.0,0.0,1.0,1.0,0.0,0.0,1.0,0.0,3.0,Pinecrest Optometry,"5 Pine Ln Ste 382, Chicago, IL 606104",(562) 885-6474,optometry,Pinecrest Optometry,"5 Pne Ln, Chicago, IL 606104",885-6474,N/A,1,0.9178571428571431,certain_match,1.0,0.9999493005557634,True
B000660,R000660-844,source2,0.9652173913043479,1.0,0.8260869565217391,1.0,0.7658942315482167,0.0,0.6666666666666666,1.0,1.0,0.8260869565217391,1.0,1.0,1.0,1.0,1.0,1.0,1.0,1.0,1.0,,0.0,1.0,1.0,1.0,,0.0,1.0,,,,,1.0,1.0,,0.0,0.0,0.0,0.0,0.0,0.0,0.0,0.0,0.0,0.0,0.0,0.0,1.0,0.0,1.0,0.0,1.0,1.0,1.0,1.0,1.0,0.0,0.0,0.0,4.0,Fairview Automotive,"7654 Jefferson Dr Ste 606, Dallas, TX 752887",(653) 565-9189,,Fairview Automotive Inc,"7654 Jefferson Dr Ste 606, Dallas, TX 752887",653-565-9189,auto,1,1.0,certain_match,1.0,0.9999487972414767,True
B000889,L000889-195,source3,0.9894736842105263,0.9894736842105263,0.9473684210526316,0.9473684210526316,0.0,0.023447717586919305,0.5,0.6666666666666666,0.0,0.9473684210526315,1.0,1.0,1.0,1.0,1.0,1.0,1.0,1.0,1.0,,0.0,1.0,1.0,1.0,,,,0.3559104315852872,0.3044731339334012,1.0,1.0,,1.0,1.0,0.0,0.0,0.0,0.0,0.0,0.0,0.0,0.0,0.0,0.0,0.0,0.0,0.0,0.0,0.0,0.0,0.0,0.0,1.0,1.0,1.0,0.0,0.0,0.0,3.0,Quarry Hill Floral,"6897 Maple Pl, Springfield, IL 627281",(510) 448-9508,restaurant,Quarry Hill Floralo,"6897 Maple Pl, Springfield, IL 627281",448-9508,food services,1,0.9678571428571432,certain_match,1.0,0.9999475706406721,True
B000127,R000127-234,source2,0.9615384615384615,1.0,0.8076923076923077,1.0,0.7968388186732154,0.017235228329620832,0.75,1.0,1.0,0.8076923076923077,1.0,1.0,1.0,0.793778801843318,0.7096774193548387,0.0,0.5,0.0,1.0,,1.0,1.0,1.0,1.0,,,,,,,,1.0,1.0,1.0,0.0,0.0,0.0,0.0,0.0,0.0,0.0,0.0,0.0,0.0,0.0,0.0,0.0,0.0,0.0,0.0,0.0,1.0,1.0,1.0,0.0,0.0,0.0,0.0,3.0,Cedar Grove Furniture,"9690 Oak Dr, Austin, TX 787233",(518) 672-7404,restaurant,Cedar Grove Furniture Corp,"2006 Walnut Dr, Austin, TX 787233",518-672-7404,restaurant,1,1.0,certain_match,1.0,0.9999457105752211,True
B001074,R001074-115,source2,0.9555555555555556,1.0,0.7777777777777778,1.0,0.7405348585696134,0.0,0.6666666666666666,1.0,1.0,0.7777777777777778,1.0,1.0,1.0,0.7999211332544666,0.7027027027027026,0.0,0.46428571428571425,0.0,0.0,,1.0,1.0,1.0,1.0,,,,,,,,1.0,1.0,1.0,0.0,0.0,0.0,0.0,0.0,0.0,0.0,0.0,0.0,0.0,0.0,0.0,0.0,0.0,0.0,0.0,0.0,1.0,1.0,1.0,0.0,0.0,0.0,0.0,3.0,Amberly Bakery,"5692 Liberty Ct, Minneapolis, MN 554217",(967) 258-2843,bakery,Amberly Bakery Ltd,"402 Park Pl, Minneapolis, MN 554217",967-258-2843,bakery,1,1.0,certain_match,1.0,0.9999457105752211,True
B000740,L000740-228,source3,1.0,1.0,1.0,1.0,0.0,0.4966569538739956,1.0,1.0,0.0,1.0,1.0,1.0,1.0,1.0,1.0,1.0,1.0,1.0,1.0,,0.0,1.0,1.0,1.0,,,,0.3773424823401573,0.32015590511815784,1.0,1.0,,1.0,,0.0,0.0,0.0,0.0,0.0,0.0,0.0,0.0,0.0,0.0,0.0,0.0,1.0,0.0,0.0,1.0,1.0,0.0,1.0,1.0,0.0,0.0,0.0,0.0,2.0,Thistledown Plumbing,"9331 Willow Ave, Dallas, TX 752389",(296) 375-1709,plumbing,Thistledown Plumbing,"9331 Willow Ave, Dallas, TX 752389",375-1709,,1,0.9035714285714287,certain_match,1.0,0.9999445606130445,True
B000355,L000355-689,source3,1.0,1.0,1.0,1.0,0.20277006370382972,0.0,1.0,1.0,0.0,1.0,1.0,1.0,1.0,0.9185513673318552,0.8048780487804879,1.0,1.0,1.0,1.0,,0.0,1.0,1.0,1.0,,,,0.30939466070274396,0.2695649393494744,1.0,1.0,,1.0,1.0,0.0,0.0,0.0,0.0,0.0,0.0,0.0,0.0,0.0,0.0,0.0,0.0,0.0,0.0,0.0,0.0,0.0,0.0,1.0,1.0,0.0,0.0,0.0,0.0,2.0,Lakeside Plumbing,"6896 Broadway St Ste 632, Boston, MA 021323",(838) 820-2247,plumbing,Lakeside Plumbing,"6896 Broadway St, Boston, MA 021323",820-2247,plumbing contractors,1,0.9535714285714287,certain_match,1.0,0.9999445606130445,True
B000556,L000556-192,source3,1.0,1.0,1.0,1.0,0.0,0.0,1.0,1.0,0.0,1.0,1.0,1.0,1.0,0.9009098428453267,0.7948717948717949,1.0,1.0,1.0,1.0,,0.0,1.0,1.0,1.0,,,,0.3163487857092363,0.27486183252108715,1.0,1.0,,1.0,1.0,0.0,0.0,0.0,0.0,0.0,0.0,0.0,0.0,0.0,0.0,0.0,0.0,0.0,0.0,0.0,0.0,0.0,0.0,1.0,1.0,0.0,0.0,0.0,0.0,2.0,Clearwater Accounting,"3164 Oak Dr Ste 194, Nashville, TN 372714",(809) 872-3552,accounting,Clearwater Accounting,"3164 Oak Dr, Nashville, TN 372714",872-3552,bookkeeping,1,0.9535714285714287,certain_match,1.0,0.9999445606130445,True
B001244,L001244-754,source3,1.0,1.0,1.0,1.0,0.0,0.017636478921862007,1.0,1.0,0.0,1.0,1.0,1.0,1.0,0.9418181818181818,0.9090909090909091,1.0,0.9,0.0,,,0.0,1.0,1.0,1.0,,,,0.2538807903700613,0.2262433741911594,1.0,1.0,,1.0,1.0,0.0,0.0,0.0,0.0,0.0,0.0,0.0,0.0,0.0,0.0,0.0,0.0,0.0,0.0,0.0,0.0,0.0,0.0,1.0,1.0,0.0,0.0,0.0,0.0,2.0,Highland Barber,"5537 Chestnut Ave Ste 247, Portland, OR 972104",(742) 673-6204,beauty,Highland Barber,"5537 Chestnut Ave #247, Portland, OR 972104",673-6204,barber shops,1,0.9535714285714287,certain_match,1.0,0.9999445606130445,True
B000820,L000820-724,source3,1.0,1.0,1.0,1.0,0.0,0.0,1.0,1.0,0.0,1.0,1.0,1.0,1.0,0.9246119733924613,0.7560975609756098,1.0,0.9555555555555556,0.0,1.0,,0.0,1.0,1.0,1.0,,,,0.2514432946774079,0.2242975209769577,1.0,1.0,,1.0,1.0,0.0,0.0,0.0,0.0,0.0,0.0,0.0,0.0,0.0,0.0,0.0,0.0,0.0,0.0,0.0,0.0,0.0,0.0,1.0,1.0,0.0,0.0,0.0,0.0,2.0,Bramblewood Bakery,"7110 Walnut Blvd Ste 590, Austin, TX 787233",(708) 385-7526,bakery,Bramblewood Bakery,"7110 Wanlut Blvd, Austin, TX 787233",385-7526,bakeries,1,0.9535714285714287,certain_match,1.0,0.9999445606130445,True
B000744,L000744-824,source3,1.0,1.0,1.0,1.0,0.0,0.0,1.0,1.0,0.0,1.0,1.0,1.0,1.0,1.0,1.0,1.0,1.0,1.0,1.0,,0.0,1.0,1.0,1.0,,,,0.38496103239578117,0.3256720037891829,1.0,1.0,,1.0,1.0,0.0,0.0,0.0,0.0,0.0,0.0,0.0,0.0,0.0,0.0,0.0,0.0,0.0,0.0,0.0,0.0,0.0,0.0,1.0,1.0,0.0,0.0,0.0,0.0,2.0,Amberly Floral,"9317 Cedar Rd, Denver, CO 802849",(446) 361-4485,floral,Amberly Floral,"9317 Cedar Rd, Denver, CO 802849",361-4485,flowers,1,0.9535714285714287,certain_match,1.0,0.9999445606130445,True
B000221,L000221-124,source3,1.0,1.0,1.0,1.0,0.0,0.0,1.0,1.0,0.0,1.0,1.0,1.0,1.0,0.9394871794871795,0.8974358974358975,1.0,0.8923076923076924,0.0,,,0.0,1.0,1.0,1.0,,,,0.3988605545802184,0.3356580156477049,1.0,1.0,,1.0,1.0,0.0,0.0,0.0,0.0,0.0,0.0,0.0,0.0,0.0,0.0,0.0,0.0,0.0,0.0,0.0,0.0,0.0,0.0,1.0,1.0,0.0,0.0,0.0,0.0,2.0,Fernwood Hardware,"963 Spruce Pl Ste 967, Spokane, WA 992048",(885) 249-0104,hardware,Fernwood Hardware,"963 Spruce Pl #967, Spokane, WA 992048",249-0104,hardware retail,1,0.9535714285714287,certain_match,1.0,0.9999445606130445,True
B000729,L000729-678,source3,1.0,1.0,1.0,1.0,0.0,0.0,1.0,1.0,0.0,1.0,1.0,1.0,1.0,0.9138130686517784,0.7948717948717949,1.0,1.0,1.0,1.0,,0.0,1.0,1.0,1.0,,,,0.3973132474986442,0.33455128384272237,1.0,1.0,,1.0,1.0,0.0,0.0,0.0,0.0,0.0,0.0,0.0,0.0,0.0,0.0,0.0,0.0,0.0,0.0,0.0,0.0,0.0,0.0,1.0,1.0,0.0,0.0,0.0,0.0,2.0,Grandview Roofing,"5369 Lake Dr Ste 914, Savannah, GA 314718",(330) 720-9569,roofing,Grandview Roofing,"5369 Lake Dr, Savannah, GA 314718",720-9569,roofing contractors,1,0.9535714285714287,certain_match,1.0,0.9999445606130445,True
B000835,L000835-912,source3,1.0,1.0,1.0,1.0,0.0,0.10118121522555745,1.0,1.0,0.0,1.0,1.0,1.0,1.0,1.0,1.0,1.0,1.0,1.0,1.0,,0.0,1.0,1.0,1.0,,,,0.12707647227221805,0.1196270874780767,1.0,1.0,,1.0,1.0,0.0,0.0,0.0,0.0,0.0,0.0,0.0,0.0,0.0,0.0,0.0,0.0,0.0,0.0,0.0,0.0,0.0,0.0,1.0,1.0,0.0,0.0,0.0,0.0,2.0,Bramblewood Hardware,"1265 Monroe Pl, Kansas City, MO 641551",(521) 868-6637,hardware,Bramblewood Hardware,"1265 Monroe Pl, Kansas City, MO 641551",868-6637,hardware store,1,0.9535714285714287,certain_match,1.0,0.9999445606130445,True
B000330,L000330-906,source3,1.0,1.0,1.0,1.0,0.0,0.0,1.0,1.0,0.0,1.0,1.0,1.0,1.0,1.0,1.0,1.0,1.0,1.0,1.0,,0.0,1.0,1.0,1.0,,,,0.6174108634632814,0.48082663827832267,1.0,1.0,,1.0,1.0,0.0,0.0,0.0,0.0,0.0,0.0,0.0,0.0,0.0,0.0,0.0,0.0,0.0,0.0,0.0,0.0,0.0,0.0,1.0,1.0,0.0,0.0,0.0,0.0,2.0,Maple Hill Roofing,"7260 Liberty Rd, Nashville, TN 372348",(947) 626-9911,restaurant,Maple Hill Roofing,"7260 Liberty Rd, Nashville, TN 372348",626-9911,cafes,1,0.9535714285714287,certain_match,1.0,0.9999445606130445,True
B000365,L000365-433,source3,1.0,1.0,1.0,1.0,0.0,0.0,1.0,1.0,0.0,1.0,1.0,1.0,1.0,1.0,1.0,1.0,1.0,1.0,1.0,,0.0,1.0,1.0,1.0,,,,0.5740558110522369,0.45365560746839023,1.0,1.0,,1.0,1.0,0.0,0.0,0.0,0.0,0.0,0.0,0.0,0.0,0.0,0.0,0.0,0.0,0.0,0.0,0.0,0.0,0.0,0.0,1.0,1.0,0.0,0.0,0.0,0.0,2.0,Kensington Optometry,"8571 Market Ln, New Orleans, LA 701598",(644) 877-4072,optometry,Kensington Optometry,"8571 Market Ln, New Orleans, LA 701598",877-4072,optician,1,0.9535714285714287,certain_match,1.0,0.9999445606130445,True
B000579,L000579-704,source3,0.9473684210526316,1.0,0.736842105263158,1.0,0.0,0.0,0.6666666666666666,1.0,1.0,0.7368421052631579,1.0,1.0,1.0,,,,,,,,,1.0,1.0,1.0,,,,0.5739045022528388,0.453559476142417,1.0,1.0,1.0,1.0,1.0,0.0,0.0,1.0,0.0,1.0,0.0,0.0,0.0,0.0,0.0,0.0,0.0,0.0,0.0,0.0,2.0,2.0,1.0,1.0,1.0,0.0,0.0,0.0,0.0,3.0,Amberly Bakery,"6347 Walnut Ct Ste 837, Indianapolis, IN 462890",(848) 567-4418,bakery,Amberly Bakery Shop,,(848) 567-4418,bakeries,1,1.0,certain_match,1.0,0.9999444138868329,True
B000893,L000893-181,source3,1.0,1.0,1.0,1.0,0.0,0.020155047125324847,1.0,1.0,0.0,1.0,1.0,1.0,1.0,,,,,,,,,1.0,1.0,1.0,,,,0.3753040604209904,0.31867484152345665,1.0,1.0,1.0,1.0,1.0,0.0,0.0,1.0,1.0,1.0,0.0,0.0,0.0,0.0,0.0,0.0,0.0,0.0,0.0,1.0,2.0,3.0,1.0,1.0,1.0,0.0,0.0,1.0,0.0,4.0,Brookfield Insurance,,(491) 668-1968,insurance,Brookfield Insurance,N/A,(491) 668-1968,insurance agency,1,1.0,certain_match,1.0,0.9999444138868329,True
B000225,R000225-228,source2,0.9714285714285714,1.0,0.8571428571428572,1.0,0.7433660948918489,0.0,0.6666666666666666,1.0,1.0,0.8571428571428571,1.0,1.0,1.0,1.0,1.0,1.0,1.0,1.0,1.0,,1.0,1.0,1.0,1.0,,,,,,,,0.0,0.0,,0.0,0.0,0.0,0.0,0.0,0.0,0.0,0.0,0.0,0.0,0.0,0.0,1.0,0.0,0.0,1.0,1.0,0.0,1.0,1.0,0.0,0.0,0.0,0.0,2.0,Stonegate Electric,"1295 Walnut Dr, Tucson, AZ 857080",(779) 449-3700,electric,Stonegate Electric Co,"1295 Walnut Dr, Tucson, AZ 857080",757-958-3700,-,1,1.0,certain_match,1.0,0.9999421714703879,True
B000048,R000048-746,source2,0.96,1.0,0.8,1.0,0.7463040794438159,0.0,0.6666666666666666,1.0,1.0,0.8,1.0,1.0,1.0,1.0,1.0,1.0,1.0,1.0,1.0,,1.0,1.0,1.0,1.0,,0.0,1.0,,,,,0.0,0.0,1.0,0.0,0.0,0.0,0.0,0.0,0.0,0.0,0.0,0.0,0.0,0.0,0.0,0.0,0.0,0.0,0.0,0.0,0.0,1.0,1.0,0.0,0.0,0.0,0.0,2.0,Northstar Moving,"334 Hickory Blvd Ste 229, Springfield, IL 627759",(886) 317-9240,moving,Northstar Moving Inc,"334 Hickory Blvd Ste 229, Springfield, IL 627759",564-352-9240,moving,1,1.0,certain_match,1.0,0.9999421714703879,True
B000362,R000362-716,source2,0.9666666666666667,1.0,0.8333333333333334,1.0,0.7700090665043671,0.0,0.75,1.0,1.0,0.8333333333333334,1.0,1.0,1.0,0.961491935483871,0.96875,1.0,0.9666666666666667,0.0,1.0,,1.0,1.0,1.0,1.0,,,,,,,,0.0,0.0,1.0,0.0,0.0,0.0,0.0,0.0,0.0,0.0,0.0,0.0,0.0,0.0,0.0,0.0,0.0,0.0,0.0,0.0,0.0,1.0,1.0,1.0,0.0,0.0,0.0,3.0,Quarry Hill Pharmacy,"2172 Market Rd, Seattle, WA 981141",(307) 626-9678,restaurant,Quarry Hill Pharmacy LLC,"2172 Markt Rd, Seattle, WA 981141",969-214-9678,restaurant,1,1.0,certain_match,1.0,0.9999421714703879,True
B000257,R000257-139,source2,0.9714285714285714,1.0,0.8571428571428572,1.0,0.7258576530252923,0.0,0.6666666666666666,1.0,1.0,0.8571428571428571,1.0,1.0,1.0,1.0,1.0,1.0,1.0,1.0,1.0,,1.0,1.0,1.0,1.0,,,,,,,,0.0,0.0,1.0,0.0,0.0,0.0,0.0,0.0,0.0,0.0,0.0,0.0,0.0,0.0,0.0,0.0,0.0,0.0,0.0,0.0,0.0,1.0,1.0,0.0,0.0,0.0,0.0,2.0,Thistledown Barber,"8057 Jefferson Ct, Atlanta, GA 303379",(701) 371-1354,beauty,Thistledown Barber Co,"8057 Jefferson Ct, Atlanta, GA 303379",691-996-1354,beauty,1,1.0,certain_match,1.0,0.9999421714703879,True
B000888,R000888-185,source2,0.9565217391304348,1.0,0.782608695652174,1.0,0.7552950133206917,0.0,0.6666666666666666,1.0,1.0,0.782608695652174,1.0,1.0,1.0,1.0,1.0,1.0,1.0,1.0,1.0,,1.0,1.0,1.0,1.0,,0.0,1.0,,,,,0.0,0.0,1.0,0.0,0.0,0.0,0.0,0.0,0.0,0.0,0.0,0.0,0.0,0.0,0.0,0.0,0.0,0.0,0.0,0.0,0.0,1.0,1.0,0.0,0.0,0.0,0.0,2.0,Bramblewood Siding,"9782 Park Dr Ste 546, Naperville, IL 605616",(531) 792-2280,siding,Bramblewood Siding Corp,"9782 Park Dr Ste 546, Naperville, IL 605616",725-535-2280,siding,1,1.0,certain_match,1.0,0.9999421714703879,True
B000214,R000214-238,source2,1.0,1.0,1.0,1.0,1.0,0.01836787494437157,1.0,1.0,0.0,1.0,1.0,1.0,1.0,1.0,1.0,1.0,1.0,1.0,1.0,,1.0,1.0,1.0,1.0,,,,,,,,0.0,0.0,1.0,0.0,0.0,0.0,0.0,0.0,0.0,0.0,0.0,0.0,0.0,0.0,0.0,0.0,0.0,0.0,0.0,0.0,0.0,1.0,1.0,0.0,0.0,0.0,0.0,2.0,Havenwood Bakery Corp,"3332 Chestnut Blvd, Denver, CO 802906",(580) 294-8775,bakery,Havenwood Bakery Corp,"3332 Chestnut Blvd, Denver, CO 802906",521-748-8775,bakery,1,1.0,certain_match,1.0,0.9999421714703879,True
B001044,R001044-541,source2,0.9578947368421054,1.0,0.7894736842105263,1.0,0.7607875618233743,0.01863187349994283,0.6666666666666666,1.0,1.0,0.7894736842105263,1.0,1.0,1.0,1.0,1.0,1.0,1.0,1.0,1.0,,1.0,1.0,1.0,1.0,,,,,,,,0.0,0.0,1.0,0.0,0.0,0.0,0.0,0.0,0.0,0.0,0.0,0.0,0.0,0.0,0.0,0.0,0.0,0.0,0.0,0.0,0.0,1.0,1.0,0.0,0.0,0.0,0.0,2.0,Northstar Legal,"7432 Lincoln Ave, Columbus, OH 432665",(447) 947-1675,legal,Northstar Legal Ltd,"7432 Lincoln Ave, Columbus, OH 432665",653-883-1675,legal,1,1.0,certain_match,1.0,0.9999421714703879,True
B000302,R000302-721,source2,0.9714285714285714,1.0,0.8571428571428572,1.0,0.7718194921951685,0.41902388768009413,0.6666666666666666,1.0,1.0,0.8571428571428571,1.0,1.0,1.0,1.0,1.0,1.0,1.0,1.0,1.0,,1.0,1.0,1.0,1.0,,0.0,1.0,,,,,0.0,0.0,1.0,0.0,0.0,0.0,0.0,0.0,0.0,0.0,0.0,0.0,0.0,0.0,0.0,0.0,0.0,0.0,0.0,0.0,0.0,1.0,1.0,0.0,0.0,0.0,0.0,2.0,Highland Furniture,"1000 Maple Pl Ste 240, Boulder, CO 803071",(405) 858-8614,furniture,Highland Furniture Co,"1000 Maple Pl Ste 240, Boulder, CO 803071",929-614-8614,furniture,1,1.0,certain_match,1.0,0.9999421714703879,True
B001063,R001063-802,source2,0.9555555555555556,1.0,0.7777777777777778,1.0,0.7442465291914953,0.0,0.6666666666666666,1.0,1.0,0.7777777777777778,1.0,1.0,1.0,1.0,1.0,1.0,1.0,1.0,1.0,,1.0,1.0,1.0,1.0,,0.0,1.0,,,,,0.0,0.0,1.0,0.0,0.0,0.0,0.0,0.0,0.0,0.0,0.0,0.0,0.0,0.0,0.0,0.0,0.0,0.0,0.0,0.0,0.0,1.0,1.0,0.0,0.0,0.0,0.0,2.0,Sunset Bicycle,"1489 Franklin Ct Ste 265, Spokane, WA 992881",(931) 969-9023,bike,Sunset Bicycle LLC,"1489 Franklin Ct Ste 265, Spokane, WA 992881",451-684-9023,bike,1,1.0,certain_match,1.0,0.9999421714703879,True
B000877,R000877-803,source2,0.9473684210526316,1.0,0.736842105263158,1.0,0.7339204180785618,0.0,0.6666666666666666,1.0,1.0,0.7368421052631579,1.0,1.0,1.0,1.0,1.0,1.0,1.0,1.0,1.0,,1.0,1.0,1.0,1.0,,0.0,1.0,,,,,0.0,0.0,1.0,0.0,0.0,0.0,0.0,0.0,0.0,0.0,0.0,0.0,0.0,0.0,0.0,0.0,0.0,0.0,0.0,0.0,0.0,1.0,1.0,0.0,0.0,0.0,0.0,2.0,Glenmore Legal,"6059 Cedar Ct Ste 491, Chicago, IL 606758",(633) 398-4816,legal,Glenmore Legal Corp,"6059 Cedar Ct Ste 491, Chicago, IL 606758",986-789-4816,legal,1,1.0,certain_match,1.0,0.9999421714703879,True
B000421,R000421-704,source2,1.0,1.0,1.0,1.0,1.0,0.0,1.0,1.0,0.0,1.0,1.0,1.0,1.0,1.0,1.0,1.0,1.0,1.0,1.0,,1.0,1.0,1.0,1.0,,0.0,1.0,,,,,0.0,0.0,1.0,0.0,0.0,0.0,0.0,0.0,0.0,0.0,0.0,0.0,0.0,0.0,0.0,0.0,0.0,0.0,0.0,0.0,0.0,1.0,1.0,0.0,0.0,0.0,0.0,2.0,Maple Hill Pet Co,"3810 Maple Dr Ste 997, Columbus, OH 432665",(619) 463-3096,restaurant,Maple Hill Pet Co,"3810 Maple Dr Ste 997, Columbus, OH 432665",368-316-3096,restaurant,1,1.0,certain_match,1.0,0.9999421714703879,True
B000734,R000734-741,source2,0.96,1.0,0.8,1.0,0.7588291274873536,0.0,0.6666666666666666,1.0,1.0,0.8,1.0,1.0,1.0,1.0,1.0,1.0,1.0,1.0,1.0,,1.0,1.0,1.0,1.0,,0.0,1.0,,,,,0.0,0.0,1.0,0.0,0.0,0.0,0.0,0.0,0.0,0.0,0.0,0.0,0.0,0.0,0.0,0.0,0.0,0.0,0.0,0.0,0.0,1.0,1.0,0.0,0.0,0.0,0.0,2.0,Brookfield Pools,"1169 Walnut Ave Ste 305, Nashville, TN 372348",(402) 891-5394,pool,Brookfield Pools LLC,"1169 Walnut Ave Ste 305, Nashville, TN 372348",829-213-5394,pool,1,1.0,certain_match,1.0,0.9999421714703879,True
B000622,R000622-877,source2,0.968421052631579,1.0,0.8421052631578947,1.0,0.7522776902875118,0.020464018152801317,0.6666666666666666,1.0,1.0,0.8421052631578947,1.0,1.0,1.0,1.0,1.0,1.0,1.0,1.0,1.0,,1.0,1.0,1.0,1.0,,,,,,,,0.0,0.0,,0.0,0.0,0.0,0.0,0.0,0.0,0.0,0.0,0.0,0.0,0.0,0.0,1.0,0.0,1.0,0.0,1.0,0.0,1.0,1.0,0.0,0.0,0.0,0.0,2.0,Riverbend Bakery,"9676 Cedar Way, Denver, CO 802643",(267) 572-3261,-,Riverbend Bakery LP,"9676 Cedar Way, Denver, CO 802643",583-929-3261,bakery,1,1.0,certain_match,1.0,0.9999421714703879,True
B000515,R000515-527,source2,0.9703703703703704,1.0,0.8518518518518519,1.0,0.7412106056817613,0.0,0.6666666666666666,1.0,1.0,0.8518518518518519,1.0,1.0,1.0,1.0,1.0,1.0,1.0,1.0,1.0,,1.0,1.0,1.0,1.0,,,,,,,,0.0,0.0,1.0,0.0,0.0,0.0,0.0,0.0,0.0,0.0,0.0,0.0,0.0,0.0,0.0,0.0,0.0,0.0,0.0,0.0,0.0,1.0,1.0,0.0,0.0,0.0,0.0,2.0,Copperfield Landscaping,"9219 Birch Ln, Atlanta, GA 303214",(710) 704-2947,landscaping,Copperfield Landscaping Inc,"9219 Birch Ln, Atlanta, GA 303214",381-829-2947,landscaping,1,1.0,certain_match,1.0,0.9999421714703879,True
B000867,L000867-862,source3,1.0,1.0,1.0,1.0,1.0000000000000002,0.0,1.0,1.0,0.0,1.0,1.0,1.0,1.0,0.9130781499202552,0.868421052631579,1.0,0.6666666666666666,0.0,,,0.0,1.0,1.0,1.0,,,,0.17507438755991855,0.1613314541538527,1.0,1.0,,1.0,1.0,0.0,0.0,0.0,0.0,0.0,0.0,0.0,0.0,0.0,0.0,0.0,0.0,0.0,0.0,0.0,0.0,0.0,0.0,1.0,1.0,0.0,0.0,0.0,0.0,2.0,Copperfield Cleaners,"349 Park Blvd Ste 902, Denver, CO 802882",(205) 672-4659,cleaning,Copperfield Cleaners,"349 Pak Blvd #902, Denver, CO 802882",672-4659,cleaners,1,0.9535714285714287,certain_match,1.0,0.9999419217491073,True
B000473,R000473-565,source2,0.9619047619047618,1.0,0.8095238095238095,1.0,0.7649848013981821,0.0,0.6666666666666666,1.0,1.0,0.8095238095238095,1.0,1.0,1.0,1.0,1.0,1.0,1.0,1.0,1.0,,1.0,1.0,1.0,1.0,,0.0,1.0,,,,,,,1.0,0.0,0.0,0.0,0.0,0.0,0.0,0.0,0.0,0.0,0.0,1.0,1.0,0.0,0.0,1.0,1.0,2.0,0.0,1.0,1.0,0.0,0.0,0.0,0.0,2.0,Kensington Barber,"8622 Broadway Blvd Ste 740, Denver, CO 802643",null,beauty,Kensington Barber Inc,"8622 Broadway Blvd Ste 740, Denver, CO 802643",,beauty,1,1.0,certain_match,1.0,0.9999412212703331,True
B000505,R000505-910,source2,0.9523809523809523,1.0,0.7619047619047619,1.0,0.7707370533867561,0.0,0.6666666666666666,1.0,1.0,0.7619047619047619,1.0,1.0,1.0,1.0,1.0,1.0,1.0,1.0,1.0,,1.0,1.0,1.0,1.0,,,,,,,,,,1.0,0.0,0.0,0.0,0.0,0.0,0.0,0.0,0.0,0.0,0.0,1.0,0.0,0.0,0.0,0.0,1.0,1.0,0.0,1.0,1.0,0.0,0.0,0.0,0.0,2.0,Grandview Siding,"5310 Market Ave, Austin, TX 787238",(368) 935-2024,siding,Grandview Siding Corp,"5310 Market Ave, Austin, TX 787238",,siding,1,1.0,certain_match,1.0,0.9999412212703331,True
B000489,R000489-322,source2,0.9619047619047618,1.0,0.8095238095238095,1.0,0.7433505992296716,0.01601906924516583,0.6666666666666666,1.0,1.0,0.8095238095238095,1.0,1.0,1.0,0.993939393939394,0.9393939393939394,1.0,0.975,0.0,1.0,,1.0,1.0,1.0,1.0,,,,,,,,,,1.0,0.0,0.0,0.0,0.0,0.0,0.0,0.0,0.0,0.0,0.0,1.0,0.0,0.0,0.0,1.0,0.0,1.0,0.0,1.0,1.0,0.0,0.0,0.0,0.0,2.0,Grandview Storage,"7618 Sycamore Dr, Boston, MA 021032",N/A,storage,Grandview Storage LLC,"7618 Sycaomre Dr, Boston, MA 021032",598-876-4445,storage,1,1.0,certain_match,1.0,0.9999412212703331,True
B000040,R000040-746,source2,0.9666666666666667,1.0,0.8333333333333334,1.0,0.7677310729854315,0.0,0.6666666666666666,1.0,1.0,0.8333333333333334,1.0,1.0,1.0,0.9957446808510638,0.9574468085106383,1.0,0.9666666666666667,0.0,1.0,,1.0,1.0,1.0,1.0,,0.0,1.0,,,,,,,,0.0,0.0,0.0,0.0,0.0,0.0,0.0,0.0,0.0,0.0,1.0,0.0,1.0,0.0,2.0,0.0,2.0,0.0,1.0,1.0,0.0,0.0,0.0,0.0,2.0,Willowbrook Electric,"7940 Sycamore Dr Ste 550, Philadelphia, PA 191655",,null,Willowbrook Electric Ltd,"7940 Syacmore Dr Ste 550, Philadelphia, PA 191655",931-492-3841,electric,1,1.0,certain_match,1.0,0.9999412212703331,True
B001204,R001204-533,source2,0.9583333333333333,1.0,0.7916666666666666,1.0,0.7492875275158939,0.0,0.6666666666666666,1.0,1.0,0.7916666666666666,1.0,1.0,1.0,1.0,1.0,1.0,1.0,1.0,1.0,,1.0,1.0,1.0,1.0,,0.0,1.0,,,,,,,1.0,0.0,0.0,0.0,0.0,0.0,0.0,0.0,0.0,0.0,0.0,1.0,0.0,0.0,0.0,1.0,0.0,1.0,0.0,1.0,1.0,0.0,0.0,0.0,0.0,2.0,Brookfield Pharmacy,"1852 Washington Dr Ste 836, Phoenix, AZ 850044",-,pharmacy,Brookfield Pharmacy Corp,"1852 Washington Dr Ste 836, Phoenix, AZ 850044",417-651-4779,pharmacy,1,1.0,certain_match,1.0,0.9999412212703331,True
B001295,R001295-366,source2,0.9619047619047618,1.0,0.8095238095238095,1.0,0.7525267597677593,0.0,0.6666666666666666,1.0,1.0,0.8095238095238095,1.0,1.0,1.0,0.9501219512195122,0.975609756097561,1.0,0.975,0.0,1.0,,1.0,1.0,1.0,1.0,,0.0,1.0,,,,,,,1.0,0.0,0.0,0.0,0.0,0.0,0.0,0.0,0.0,0.0,0.0,1.0,0.0,0.0,0.0,0.0,1.0,1.0,0.0,1.0,1.0,0.0,0.0,0.0,0.0,2.0,Stonegate Bicycle,"8080 Franklin Ct Ste 797, Austin, TX 787791",(526) 735-0145,bike,Stonegate Bicycle LLC,"8080 Frankln Ct Ste 797, Austin, TX 787791",null,bike,1,1.0,certain_match,1.0,0.9999412212703331,True
B000647,R000647-944,source2,0.95,0.95,0.75,0.75,0.6338168793912938,0.0,0.6666666666666666,1.0,1.0,0.75,1.0,1.0,1.0,1.0,1.0,1.0,1.0,1.0,1.0,,1.0,1.0,1.0,1.0,,0.0,1.0,,,,,0.0,0.0,,0.0,0.0,0.0,0.0,0.0,0.0,0.0,0.0,0.0,0.0,0.0,0.0,1.0,0.0,0.0,1.0,1.0,0.0,1.0,1.0,0.0,0.0,0.0,0.0,2.0,Fernwood Furniture,"6921 Monroe Way Ste 264, Worcester, MA 016735",(468) 718-1087,furniture,Fernwood Furniture Corpi,"6921 Monroe Way Ste 264, Worcester, MA 016735",673-273-1087,,1,1.0,certain_match,1.0,0.9999408138495283,True
B000738,R000738-405,source2,0.9565217391304348,0.9565217391304348,0.782608695652174,0.782608695652174,0.10923854679188275,0.0,0.25,0.5,1.0,0.782608695652174,1.0,1.0,1.0,1.0,1.0,1.0,1.0,1.0,1.0,,1.0,1.0,1.0,1.0,,,,,,,,0.0,0.0,1.0,0.0,0.0,0.0,0.0,0.0,0.0,0.0,0.0,0.0,0.0,0.0,0.0,0.0,0.0,0.0,0.0,0.0,0.0,1.0,1.0,0.0,0.0,0.0,0.0,2.0,Clearwater Roofing,"2277 Poplar St, Savannah, GA 314718",(956) 209-8188,roofing,Clearwater RoofingC orp,"2277 Poplar St, Savannah, GA 314718",297-901-8188,roofing,1,1.0,certain_match,1.0,0.9999404385139438,True
B000373,L000373-593,source3,0.9888888888888889,0.9888888888888889,0.8888888888888888,0.8888888888888888,0.0,0.027376129992115195,0.3333333333333333,0.5,0.0,1.0,1.0,1.0,0.0,1.0,1.0,1.0,1.0,1.0,1.0,,0.0,1.0,1.0,1.0,,,,0.3229510888131237,0.2798649145424788,1.0,1.0,,1.0,1.0,0.0,0.0,0.0,0.0,0.0,0.0,0.0,0.0,0.0,0.0,0.0,0.0,0.0,0.0,0.0,0.0,0.0,0.0,1.0,1.0,0.0,0.0,1.0,0.0,3.0,Grandview Plumbing,"7489 Monroe Way, Naperville, IL 605616",(547) 310-6790,plumbing,Grandview Plubming,"7489 Monroe Way, Naperville, IL 605616",310-6790,plumbers,1,0.7678571428571428,probable_match,,0.9999348112199574,True
B001186,L001186-381,source3,0.9714285714285714,1.0,0.8571428571428572,1.0,0.0,0.0,0.75,1.0,1.0,0.8571428571428571,1.0,1.0,1.0,1.0,1.0,1.0,1.0,1.0,1.0,,0.0,1.0,1.0,1.0,,,,0.25073708043654364,0.22373304187973497,1.0,1.0,,1.0,1.0,0.0,0.0,0.0,0.0,0.0,0.0,0.0,0.0,0.0,0.0,0.0,0.0,0.0,0.0,0.0,0.0,0.0,0.0,1.0,1.0,0.0,0.0,0.0,0.0,2.0,Blue Ridge Storage Co,"1640 Park Way, Seattle, WA 981093",(670) 739-3484,restaurant,Blue Ridge Storage,"1640 Park Way, Seattle, WA 981093",739-3484,food services,1,0.9535714285714287,certain_match,1.0,0.9999329626983136,True
B000577,L000577-580,source3,0.9636363636363636,1.0,0.8181818181818181,1.0,0.0,0.0,0.75,1.0,1.0,0.8181818181818182,1.0,1.0,1.0,0.9779279279279279,0.972972972972973,1.0,0.9777777777777777,0.0,1.0,,0.0,1.0,1.0,1.0,,,,0.4951244259326198,0.402209431427963,1.0,1.0,,1.0,,0.0,0.0,0.0,0.0,0.0,0.0,0.0,0.0,0.0,0.0,0.0,0.0,1.0,0.0,0.0,1.0,1.0,0.0,1.0,1.0,0.0,0.0,0.0,0.0,2.0,Cedar Grove Siding Ltd,"9499 Chestnut Ct, Nashville, TN 372220",(894) 533-3769,restaurant,Cedar Grove Siding,"9499 Chestnuta Ct, Nashville, TN 372220",533-3769,null,1,0.9035714285714287,certain_match,1.0,0.999932348605309,True
B000625,L000625-737,source3,0.9652173913043479,1.0,0.8260869565217391,1.0,0.0,0.0,0.6666666666666666,1.0,1.0,0.8260869565217391,1.0,1.0,1.0,0.9082309582309582,0.7954545454545454,0.0,1.0,1.0,1.0,,0.0,1.0,1.0,1.0,,,,0.4580614676124913,0.37710779155411084,1.0,1.0,1.0,1.0,1.0,0.0,0.0,0.0,0.0,0.0,0.0,0.0,0.0,0.0,0.0,0.0,0.0,0.0,0.0,0.0,0.0,0.0,1.0,1.0,1.0,0.0,0.0,0.0,0.0,3.0,Fernwood Electrical LLC,"1632 Union Rd Ste 169, Philadelphia, PA 191224",(895) 227-2934,electrical,Fernwood Electrical,"1632A Union Rd, Philadelphia, PA 191224",(895) 227-2934,electrical contractors,1,1.0,certain_match,1.0,0.9999240712730928,True
B000297,L000297-782,source3,1.0,1.0,1.0,1.0,0.0,0.009031528515438774,1.0,1.0,0.0,1.0,1.0,1.0,1.0,0.9835858585858586,0.9090909090909091,0.0,0.9625,0.0,1.0,,0.0,1.0,1.0,1.0,,,,0.2585251161565668,0.22994049261027433,1.0,1.0,1.0,1.0,1.0,0.0,0.0,0.0,0.0,0.0,0.0,0.0,0.0,0.0,0.0,0.0,0.0,0.0,0.0,0.0,0.0,0.0,1.0,1.0,1.0,0.0,0.0,0.0,0.0,3.0,Willowbrook Accounting,"4897 Highland Pl, Denver, CO 802643",(232) 614-7408,accounting,Willowbrook Accounting,"4879 Hghland Pl, Denver, CO 802643",(232) 614-7408,tax preparation,1,1.0,certain_match,1.0,0.9999229910249054,True
B000809,L000809-246,source3,1.0,1.0,1.0,1.0,1.0000000000000002,0.0,1.0,1.0,0.0,1.0,1.0,1.0,1.0,0.9019116677653263,0.8536585365853658,0.0,0.8303030303030302,0.0,,,0.0,1.0,1.0,1.0,,,,0.25831726131165655,0.22977532148375196,1.0,1.0,1.0,1.0,1.0,0.0,0.0,0.0,0.0,0.0,0.0,0.0,0.0,0.0,0.0,0.0,0.0,0.0,0.0,0.0,0.0,0.0,1.0,1.0,1.0,0.0,0.0,1.0,0.0,4.0,Thistledown Bakery,"2067 Elm Ave Ste 113, Naperville, IL 605616",(443) 253-5605,bakery,Thistledown Bakery,"2076 Elm Ave #113, Naperville, IL 605616",(443) 253-5605,bakeries,1,1.0,certain_match,1.0,0.9999229910249054,True
B000179,R000179-789,source2,0.9619047619047618,1.0,0.8095238095238095,1.0,0.7406093725317879,0.0,0.6666666666666666,1.0,1.0,0.8095238095238095,1.0,1.0,1.0,0.9934959349593495,0.9512195121951219,0.0,1.0,1.0,1.0,,0.0,1.0,1.0,1.0,,0.0,1.0,,,,,1.0,1.0,,0.0,0.0,0.0,0.0,0.0,0.0,0.0,0.0,0.0,0.0,0.0,0.0,1.0,0.0,0.0,1.0,1.0,1.0,1.0,1.0,0.0,0.0,0.0,0.0,3.0,Lakeside Printing,"5374 Hickory Pl Ste 502, Seattle, WA 981093",(958) 506-9727,printing,Lakeside Printing Inc,"5347 Hickory Pl Ste 502, Seattle, WA 981093",958-506-9727,N/A,1,1.0,certain_match,1.0,0.999921803969718,True
B001222,R000689-506,source2,0.9714285714285714,1.0,0.8571428571428572,1.0,0.7344292910399721,0.0,0.6666666666666666,1.0,1.0,0.8571428571428571,1.0,1.0,1.0,0.9583333333333334,0.90625,0.0,1.0,1.0,1.0,,1.0,1.0,1.0,1.0,,,,,,,,0.0,0.0,1.0,0.0,0.0,0.0,0.0,0.0,0.0,0.0,0.0,0.0,0.0,0.0,0.0,0.0,0.0,0.0,0.0,0.0,0.0,1.0,1.0,0.0,0.0,0.0,0.0,2.0,Havenwood Printing,"2361 Willow Rd, Spokane, WA 992642",(386) 633-7307,printing,Havenwood Printing LP,"6619 Willow Rd, Spokane, WA 992642",369-634-7244,printing,0,0.8285714285714285,certain_match,1.0,0.9999113842340681,True
B001111,R001111-252,source2,0.9523809523809523,1.0,0.7619047619047619,1.0,0.7343835520653879,0.0,0.6666666666666666,1.0,1.0,0.7619047619047619,1.0,1.0,1.0,0.9911111111111112,0.9333333333333333,0.0,1.0,1.0,1.0,,1.0,1.0,1.0,1.0,,,,,,,,0.0,0.0,,0.0,0.0,0.0,0.0,0.0,0.0,0.0,0.0,0.0,0.0,0.0,0.0,1.0,0.0,0.0,1.0,1.0,0.0,1.0,1.0,0.0,0.0,0.0,0.0,2.0,Stonegate Coffee,"3696 Maple Rd, Boston, MA 021410",(877) 833-5173,coffee,Stonegate Coffee Corp,"3669 Maple Rd, Boston, MA 021410",752-541-5173,N/A,1,0.7785714285714287,probable_match,,0.9999113842340681,True
B001289,R000881-612,source2,0.9514285714285714,1.0,0.8095238095238095,1.0,0.5547980853196787,0.0,0.5,0.6666666666666666,0.0,0.9523809523809523,1.0,1.0,1.0,0.9444444444444443,0.9166666666666666,0.0,1.0,1.0,1.0,,1.0,1.0,1.0,1.0,,,,,,,,0.0,0.0,1.0,0.0,0.0,0.0,0.0,0.0,0.0,0.0,0.0,0.0,0.0,0.0,0.0,0.0,0.0,0.0,0.0,0.0,0.0,1.0,1.0,0.0,0.0,0.0,0.0,2.0,Elmhurst Bicycle Corp,"8508 Broadway Dr, Cleveland, OH 441558",(601) 553-0950,bike,Elmhurst Bicycle LLC,"2798 Broadway Dr, Cleveland, OH 441558",809-560-7763,bike,0,0.8285714285714285,certain_match,1.0,0.9999113842340681,True
B000321,R001240-198,source2,0.9623931623931623,1.0,0.8518518518518519,1.0,0.5392490464294143,0.6482621664025309,0.5,0.6666666666666666,0.0,0.9629629629629629,1.0,1.0,1.0,0.9411764705882352,0.9117647058823529,0.0,1.0,1.0,1.0,,1.0,1.0,1.0,1.0,,,,,,,,0.0,0.0,1.0,0.0,0.0,0.0,0.0,0.0,0.0,0.0,0.0,0.0,0.0,0.0,0.0,0.0,0.0,0.0,0.0,0.0,0.0,1.0,1.0,0.0,0.0,0.0,0.0,2.0,Thistledown Accounting LLC,"4314 Willow Ct, Cleveland, OH 441429",(476) 777-1009,accounting,Thistledown Accounting Corp,"7375 Willow Ct, Cleveland, OH 441429",537-357-0728,accounting,0,0.8285714285714285,certain_match,1.0,0.9999113842340681,True
B001268,R001026-717,source2,0.9692307692307692,1.0,0.8461538461538461,1.0,0.7394475692962695,0.01786597980791041,0.6666666666666666,1.0,1.0,0.8461538461538461,1.0,1.0,1.0,0.8266590389016019,0.7391304347826086,0.0,1.0,1.0,1.0,,1.0,1.0,1.0,1.0,,,,,,,,0.0,0.0,1.0,0.0,0.0,0.0,0.0,0.0,0.0,0.0,0.0,0.0,0.0,0.0,0.0,0.0,0.0,0.0,0.0,0.0,0.0,1.0,1.0,0.0,0.0,0.0,0.0,2.0,Willowbrook Automotive,"5134 Washington Blvd Ste 168, Boulder, CO 803721",(825) 844-3030,auto,Willowbrook Automotive Ltd,"6365 Washington Blvd, Boulder, CO 803721",553-339-6627,auto,0,0.8285714285714285,certain_match,1.0,0.9999113842340681,True
B000746,L000746-908,source3,1.0,1.0,1.0,1.0,0.0,0.0,1.0,1.0,0.0,1.0,1.0,1.0,1.0,,,,,,,,,1.0,,,,,,0.5019417209845874,0.4067587516468151,1.0,1.0,1.0,1.0,1.0,0.0,0.0,1.0,0.0,1.0,0.0,0.0,0.0,1.0,0.0,0.0,0.0,0.0,0.0,0.0,3.0,3.0,1.0,0.0,0.0,0.0,0.0,1.0,0.0,2.0,Deepford Insurance,"6500 Oak Way Ste 217, Phoenix, AZ 850127",(340) 534-7606,insurance,Deepford Insurance,null,(340) 534-7606,insurance agency,1,1.0,certain_match,1.0,0.9999112283769049,True
B000581,R000581-805,source2,0.9546910755148742,0.9894736842105263,0.782608695652174,0.8947368421052632,0.29183025670909846,0.0,0.4,0.6666666666666666,1.0,0.8260869565217391,1.0,1.0,0.0,1.0,1.0,1.0,1.0,1.0,1.0,,1.0,1.0,1.0,1.0,,,,,,,,,,1.0,0.0,0.0,0.0,0.0,0.0,0.0,0.0,0.0,0.0,0.0,1.0,0.0,0.0,0.0,0.0,1.0,1.0,0.0,1.0,1.0,1.0,0.0,0.0,0.0,3.0,Quarry Hill Roofing,"9693 Birch Ct, Atlanta, GA 303166",(215) 947-7014,restaurant,Quarry Hill Roofnig Inc,"9693 Birch Ct, Atlanta, GA 303166",null,restaurant,1,0.9428571428571427,certain_match,1.0,0.999910051990442,True
B000705,R000705-161,source2,0.9625,1.0,0.8125,1.0,0.776749052207595,0.0,0.6666666666666666,1.0,1.0,0.8125,1.0,1.0,1.0,0.9923809523809524,0.9428571428571428,0.0,1.0,1.0,1.0,,1.0,1.0,1.0,1.0,,,,,,,,,,,0.0,0.0,0.0,0.0,0.0,0.0,0.0,0.0,0.0,0.0,1.0,0.0,1.0,0.0,1.0,1.0,2.0,0.0,1.0,1.0,0.0,0.0,0.0,0.0,2.0,Sunset Dental,"1375 Sycamore Way, Raleigh, NC 276623",,dental,Sunset Dental Co,"1357 Sycamore Way, Raleigh, NC 276623",583-753-2755,,1,0.7785714285714287,probable_match,,0.9999099282041276,True
B000128,R000128-561,source2,1.0,1.0,1.0,1.0,1.0,0.0,1.0,1.0,0.0,1.0,1.0,1.0,1.0,0.9916666666666667,0.9375,0.0,1.0,1.0,1.0,,1.0,1.0,1.0,1.0,,,,,,,,,,1.0,0.0,0.0,0.0,0.0,0.0,0.0,0.0,0.0,0.0,0.0,1.0,0.0,0.0,0.0,1.0,0.0,1.0,0.0,1.0,1.0,0.0,0.0,0.0,0.0,2.0,Northstar Automotive LLC,"1480 Hickory Dr, Tucson, AZ 857080",N/A,auto,Northstar Automotive LLC,"1408 Hickory Dr, Tucson, AZ 857080",674-794-9081,auto,1,0.8285714285714285,certain_match,1.0,0.9999099282041276,True
B000207,R000207-103,source2,0.9412698412698414,0.9857142857142858,0.6666666666666667,0.8571428571428572,0.1119767853008231,0.0,0.25,0.5,1.0,0.7777777777777778,1.0,1.0,0.0,1.0,1.0,1.0,1.0,1.0,1.0,,1.0,1.0,1.0,1.0,,0.0,1.0,,,,,,,1.0,0.0,0.0,0.0,0.0,0.0,0.0,0.0,0.0,0.0,0.0,1.0,0.0,0.0,0.0,0.0,1.0,1.0,0.0,1.0,1.0,0.0,0.0,0.0,0.0,2.0,Amberly Barber,"7547 Walnut Blvd Ste 293, Denver, CO 802370",(984) 315-0527,beauty,Amberly aBrber Inc,"7547 Walnut Blvd Ste 293, Denver, CO 802370",-,beauty,1,0.9285714285714285,certain_match,1.0,0.9999093815962569,True
B000179,R001277-610,source2,0.9619047619047618,1.0,0.8095238095238095,1.0,0.7406093725317879,0.15756557651368103,0.6666666666666666,1.0,1.0,0.8095238095238095,1.0,1.0,1.0,0.8232283495855487,0.7073170731707317,0.0,1.0,1.0,1.0,,1.0,1.0,1.0,1.0,,,,,,,,0.0,0.0,1.0,0.0,0.0,0.0,0.0,0.0,0.0,0.0,0.0,0.0,0.0,0.0,0.0,0.0,0.0,0.0,0.0,0.0,0.0,1.0,1.0,0.0,0.0,0.0,0.0,2.0,Lakeside Printing,"5374 Hickory Pl Ste 502, Seattle, WA 981093",(958) 506-9727,printing,Lakeside Printing Inc,"4958 Hickory Pl, Seattle, WA 981093",534-751-4292,printing,0,0.8285714285714285,certain_match,1.0,0.9999072150955443,True
B001097,L001097-467,source3,1.0,1.0,1.0,1.0,0.0,0.042078790669488865,1.0,1.0,0.0,1.0,1.0,1.0,1.0,0.9550403225806452,0.96875,0.0,1.0,1.0,1.0,,0.0,1.0,1.0,1.0,,,,0.5112602992362204,0.4129439379682885,1.0,1.0,1.0,1.0,,0.0,0.0,0.0,0.0,0.0,0.0,0.0,0.0,0.0,0.0,0.0,0.0,1.0,0.0,0.0,1.0,1.0,1.0,1.0,1.0,1.0,0.0,0.0,0.0,4.0,Fairview Siding,"4944 Spruce Dr, Austin, TX 787238",(671) 887-2966,siding,Fairview Siding,"4944A Spruce Dr, Austin, TX 787238",(671) 887-2966,N/A,1,1.0,certain_match,1.0,0.9999061606998575,True
B000032,L000032-971,source3,1.0,1.0,1.0,1.0,0.0,0.0,1.0,1.0,0.0,1.0,1.0,1.0,1.0,0.9923809523809524,0.9428571428571428,0.0,1.0,1.0,1.0,,0.0,1.0,1.0,1.0,,,,0.3423393839566355,0.2944139007326195,1.0,1.0,1.0,1.0,1.0,0.0,0.0,0.0,0.0,0.0,0.0,0.0,0.0,0.0,0.0,0.0,0.0,0.0,0.0,0.0,0.0,0.0,1.0,1.0,1.0,1.0,0.0,1.0,0.0,5.0,Quarry Hill Legal,"2086 Washington Dr, Denver, CO 802906",(894) 966-2851,restaurant,Quarry Hill Legal,"2068 Washington Dr, Denver, CO 802906",(894) 966-2851,restaurants,1,1.0,certain_match,1.0,0.9999061606998575,True
B000475,R000475-640,source2,1.0,1.0,1.0,1.0,1.0,0.0,1.0,1.0,0.0,1.0,1.0,1.0,1.0,,,,,,,,,1.0,1.0,1.0,,,,,,,,1.0,1.0,1.0,0.0,0.0,1.0,0.0,1.0,0.0,0.0,0.0,0.0,0.0,0.0,0.0,0.0,0.0,0.0,2.0,2.0,1.0,1.0,1.0,0.0,0.0,0.0,0.0,3.0,Bramblewood Gym Ltd,"7259 Walnut Rd, Phoenix, AZ 850549",(533) 580-6755,fitness,Bramblewood Gym Ltd,N/A,533-580-6755,fitness,1,1.0,certain_match,1.0,0.9999034624884633,True
B000479,R000479-861,source2,0.968421052631579,1.0,0.8421052631578947,1.0,0.7646138168762555,0.0,0.6666666666666666,1.0,1.0,0.8421052631578947,1.0,1.0,1.0,,,,,,,,1.0,1.0,1.0,1.0,,,,,,,,1.0,1.0,1.0,0.0,0.0,1.0,0.0,0.0,0.0,0.0,0.0,0.0,0.0,0.0,0.0,0.0,0.0,0.0,1.0,1.0,1.0,1.0,1.0,0.0,0.0,0.0,0.0,3.0,Harborview Salon,"2833 Birch Ln, Aurora, IL 605032",(920) 790-1562,beauty,Harborview Salon Co,,920-790-1562,beauty,1,1.0,certain_match,1.0,0.9999025651177307,True
B000191,R000191-367,source2,0.9571428571428571,1.0,0.7857142857142857,1.0,0.7334380968946832,0.4309976904640435,0.6666666666666666,1.0,1.0,0.7857142857142857,1.0,1.0,1.0,0.9913978494623656,0.935483870967742,0.0,1.0,1.0,1.0,,0.0,1.0,1.0,1.0,,,,,,,,1.0,1.0,1.0,0.0,0.0,0.0,0.0,0.0,0.0,0.0,0.0,0.0,0.0,0.0,0.0,0.0,0.0,0.0,0.0,0.0,1.0,1.0,1.0,1.0,0.0,0.0,0.0,4.0,Acme Barber,"7794 Birch Rd, Spokane, WA 992112",(529) 492-0969,beauty,Acme Barber Co,"7749 Birch Rd, Spokane, WA 992112",529-492-0969,beauty,1,1.0,certain_match,1.0,0.9999018074545931,True
B000543,R000543-848,source2,0.9578947368421054,1.0,0.7894736842105263,1.0,0.7362684788374905,0.0,0.6666666666666666,1.0,1.0,0.7894736842105263,1.0,1.0,1.0,,,,,,,,1.0,1.0,1.0,1.0,,,,,,,,1.0,1.0,1.0,0.0,0.0,1.0,0.0,0.0,0.0,0.0,0.0,0.0,0.0,0.0,0.0,0.0,0.0,0.0,1.0,1.0,1.0,0.0,1.0,1.0,0.0,0.0,0.0,3.0,Acme Restaurant,"7975 Broadway St, Philadelphia, PA 191704",(287) 340-6813,restaurant,Acme Restaurant Inc,null,287-340-6813,restaurant,1,1.0,certain_match,1.0,0.9998976234481485,True
B000543,R001217-419,source2,0.9666666666666667,1.0,0.8333333333333334,1.0,0.7482952168968042,0.0,0.6666666666666666,1.0,1.0,0.8333333333333334,1.0,1.0,1.0,0.776848861955245,0.7446808510638299,0.0,1.0,1.0,1.0,,1.0,1.0,1.0,1.0,,,,,,,,0.0,0.0,1.0,0.0,0.0,0.0,0.0,0.0,0.0,0.0,0.0,0.0,0.0,0.0,0.0,0.0,0.0,0.0,0.0,0.0,0.0,0.0,1.0,1.0,0.0,0.0,0.0,2.0,Acme Restaurant,"7975 Broadway St, Philadelphia, PA 191704",(287) 340-6813,restaurant,Acme Restaurant Co,"2200 Broadway St Ste 971, Philadelphia, PA 191704",540-503-8956,restaurant,0,0.8285714285714285,certain_match,1.0,0.9998926108918811,True
B001101,R001252-728,source2,0.9636363636363636,1.0,0.8181818181818181,1.0,0.7361248271903436,0.0,0.6666666666666666,1.0,1.0,0.8181818181818182,1.0,1.0,1.0,0.8135994087213598,0.7073170731707317,0.0,1.0,1.0,1.0,,1.0,1.0,1.0,1.0,,,,,,,,0.0,0.0,1.0,0.0,0.0,0.0,0.0,0.0,0.0,0.0,0.0,0.0,0.0,0.0,0.0,0.0,0.0,0.0,0.0,0.0,0.0,1.0,1.0,0.0,0.0,0.0,0.0,2.0,Bramblewood Floral,"7891 Walnut Blvd Ste 510, Aurora, IL 605558",(634) 480-7757,floral,Bramblewood Floral Ltd,"6940 Walnut Blvd, Aurora, IL 605558",493-609-7540,floral,0,0.8285714285714285,certain_match,1.0,0.9998904808630208,True
B000387,R000387-548,source2,0.9619047619047618,0.9619047619047618,0.8095238095238095,0.8095238095238095,0.714387411008826,0.033645372734534953,0.75,1.0,1.0,0.8095238095238095,1.0,1.0,1.0,0.9916666666666667,0.9375,0.0,1.0,1.0,1.0,,1.0,1.0,1.0,1.0,,,,,,,,0.0,0.0,1.0,0.0,0.0,0.0,0.0,0.0,0.0,0.0,0.0,0.0,0.0,0.0,0.0,0.0,0.0,0.0,0.0,0.0,0.0,1.0,1.0,0.0,0.0,0.0,0.0,2.0,Blue Ridge Moving,"9383 Cherry Dr, Spokane, WA 992163",(526) 738-3603,restaurant,Blue Ridge Moving Coi,"9338 Cherry Dr, Spokane, WA 992163",724-569-3603,restaurant,1,0.8285714285714285,certain_match,1.0,0.9998869768686837,True
B001081,L001081-365,source3,1.0,1.0,1.0,1.0,0.0,0.0,1.0,1.0,0.0,1.0,1.0,1.0,1.0,,,,,,,,0.0,1.0,1.0,1.0,,,,0.31526310644548033,0.274036726563338,1.0,1.0,,1.0,1.0,0.0,0.0,1.0,0.0,0.0,0.0,0.0,0.0,0.0,0.0,0.0,0.0,0.0,0.0,1.0,0.0,1.0,0.0,1.0,1.0,0.0,0.0,1.0,0.0,3.0,Thistledown Bakery,N/A,(690) 340-5167,bakery,Thistledown Bakery,"5302 Walnut Rd, Rochester, MN 559146",340-5167,bakeries,1,0.8678571428571431,certain_match,1.0,0.999885799157188,True
B001271,R000949-726,source2,0.9619047619047618,1.0,0.8095238095238095,1.0,0.7481508940753401,0.0,0.6666666666666666,1.0,1.0,0.8095238095238095,1.0,1.0,1.0,0.8628872775214239,0.8536585365853658,0.0,1.0,1.0,1.0,,1.0,1.0,1.0,1.0,,1.0,1.0,,,,,0.0,0.0,1.0,0.0,0.0,0.0,0.0,0.0,0.0,0.0,0.0,0.0,0.0,0.0,0.0,0.0,0.0,0.0,0.0,0.0,0.0,1.0,1.0,0.0,0.0,0.0,0.0,2.0,Ironwood Electric,"2319 Poplar Way Ste 158, Spokane, WA 992642",(394) 946-5937,electric,Ironwood Electric LLC,"3140 Poplar Way Ste 410, Spokane, WA 992642",730-544-3993,electric,0,0.8285714285714285,certain_match,1.0,0.999881361860891,True
B000464,R001291-114,source2,0.9714285714285714,1.0,0.8571428571428572,1.0,0.7398853435295172,0.4901797632825489,0.6666666666666666,1.0,1.0,0.8571428571428571,1.0,1.0,1.0,0.8689189189189189,0.875,0.0,1.0,1.0,1.0,,1.0,1.0,1.0,1.0,,1.0,1.0,,,,,,,1.0,0.0,0.0,0.0,0.0,0.0,0.0,0.0,0.0,0.0,0.0,1.0,0.0,0.0,0.0,0.0,1.0,1.0,0.0,1.0,1.0,0.0,0.0,0.0,0.0,2.0,Eastgate Childcare,"1467 Lake Rd Ste 193, Charlotte, NC 282947",(834) 546-0983,childcare,Eastgate Childcare LP,"3424 Lake Rd Ste 126, Charlotte, NC 282947",,childcare,0,0.8285714285714285,certain_match,1.0,0.9998794125981494,True
B000240,R000240-975,source2,0.9252100840336134,0.9823529411764707,0.7142857142857143,0.8823529411764706,0.12130794846918659,0.11268902317025559,0.25,0.5,1.0,0.8095238095238095,0.0,1.0,0.0,0.9941176470588236,0.9705882352941176,1.0,0.9777777777777777,0.0,1.0,,1.0,1.0,1.0,1.0,,,,,,,,1.0,1.0,,0.0,0.0,0.0,0.0,0.0,0.0,0.0,0.0,0.0,0.0,0.0,0.0,1.0,0.0,0.0,1.0,1.0,1.0,1.0,0.0,0.0,0.0,0.0,0.0,2.0,Bramblewood Legal,"3972 Chestnut Ct, Eugene, OR 974352",(574) 316-9238,legal,Barmblewood Legal Ltd,"3972 Chestnuta Ct, Eugene, OR 974352",574-316-9238,null,1,1.0,certain_match,1.0,0.9998564490306474,True
B001101,R001101-872,source2,0.9525252525252526,0.9888888888888889,0.7272727272727273,0.8888888888888888,0.13276344768253615,0.07434734015000283,0.25,0.5,1.0,0.8181818181818182,0.0,1.0,0.0,1.0,1.0,1.0,1.0,1.0,1.0,,1.0,1.0,1.0,1.0,,0.0,1.0,,,,,1.0,1.0,1.0,0.0,0.0,0.0,0.0,0.0,0.0,0.0,0.0,0.0,0.0,0.0,0.0,0.0,0.0,0.0,0.0,0.0,1.0,1.0,1.0,0.0,0.0,0.0,0.0,3.0,Bramblewood Floral,"7891 Walnut Blvd Ste 510, Aurora, IL 605558",(634) 480-7757,floral,Brambelwood Floral LLC,"7891 Walnut Blvd Ste 510, Aurora, IL 605558",634-480-7757,floral,1,1.0,certain_match,1.0,0.9998472034405003,True
B001063,R001063-463,source2,0.9555555555555556,1.0,0.7777777777777778,1.0,0.7442465291914953,0.0,0.6666666666666666,1.0,1.0,0.7777777777777778,1.0,1.0,1.0,0.9952380952380953,0.9523809523809523,1.0,0.975,0.0,1.0,,1.0,1.0,,,,0.0,1.0,,,,,1.0,1.0,1.0,0.0,0.0,0.0,0.0,0.0,0.0,0.0,0.0,1.0,0.0,0.0,0.0,0.0,0.0,0.0,1.0,1.0,1.0,0.0,0.0,0.0,0.0,0.0,0.0,1.0,Sunset Bicycle,"1489 Franklin Ct Ste 265, Spokane, WA 992881",(931) 969-9023,bike,Sunset Bicycle LLC,"1489 Frankiln Ct Ste 265, Spokane, WA 992881",931-969-9023,bike,1,1.0,certain_match,1.0,0.9998416564523719,True
B000982,R000982-942,source2,0.9666666666666667,1.0,0.8333333333333334,1.0,0.7587222815420505,0.0,0.6666666666666666,1.0,1.0,0.8333333333333334,1.0,1.0,1.0,1.0,1.0,1.0,1.0,1.0,1.0,,1.0,1.0,,,,,,,,,,1.0,1.0,1.0,0.0,0.0,0.0,0.0,0.0,0.0,0.0,0.0,1.0,0.0,0.0,0.0,0.0,0.0,0.0,1.0,1.0,1.0,0.0,0.0,0.0,0.0,0.0,0.0,1.0,Grandview Electrical,"484 Sycamore Rd, Charlotte, NC 282947",(323) 539-1459,electrical,Grandview Electrical Inc,"484 Sycamore Rd, Charlotte, NC 282947",323-539-1459,electrical,1,1.0,certain_match,1.0,0.9998416564523719,True
B000231,R000231-311,source2,0.9545454545454545,1.0,0.7727272727272727,1.0,0.7966840490981563,0.01686622433076227,0.75,1.0,1.0,0.7727272727272727,1.0,1.0,1.0,,,,,,,,0.0,1.0,1.0,1.0,,,,,,,,1.0,1.0,1.0,0.0,0.0,1.0,0.0,0.0,0.0,0.0,0.0,0.0,0.0,0.0,0.0,0.0,0.0,0.0,1.0,1.0,1.0,1.0,1.0,0.0,0.0,0.0,0.0,3.0,Cedar Grove Legal,"486 Sycamore Way Ste 561, Charlotte, NC 282388",(434) 564-9060,restaurant,Cedar Grove Legal Corp,N/A,434-564-9060,restaurant,1,1.0,certain_match,1.0,0.9998241196740487,True
B001271,L001271-486,source3,0.9789473684210527,0.9789473684210527,0.8947368421052632,0.8947368421052632,0.0,0.0,0.3333333333333333,0.5,0.0,0.8947368421052632,1.0,1.0,1.0,,,,,,,,,1.0,1.0,1.0,,,,0.21424537788358355,0.19412279567570095,1.0,1.0,,,1.0,0.0,0.0,1.0,0.0,1.0,0.0,0.0,0.0,0.0,0.0,1.0,0.0,0.0,0.0,0.0,3.0,3.0,0.0,1.0,1.0,0.0,0.0,1.0,0.0,3.0,Ironwood Electric,"2319 Poplar Way Ste 158, Spokane, WA 992642",(394) 946-5937,electric,Ironwood Electrical,-,null,electricians,1,0.942857142857143,certain_match,1.0,0.9998239166909201,True
B000120,R000120-595,source2,0.9714285714285714,1.0,0.8571428571428572,1.0,0.7523950842434433,0.0,0.6666666666666666,1.0,1.0,0.8571428571428571,1.0,1.0,1.0,0.9318234610917538,0.9761904761904762,1.0,0.9249999999999999,0.0,1.0,,1.0,1.0,,,,0.0,1.0,,,,,1.0,1.0,1.0,0.0,0.0,0.0,0.0,0.0,0.0,0.0,0.0,1.0,0.0,0.0,0.0,0.0,0.0,0.0,1.0,1.0,1.0,0.0,0.0,0.0,0.0,0.0,0.0,1.0,Copperfield Coffee,"7056 Pine Ct Ste 645, Springfield, IL 627250",(436) 712-9154,coffee,Copperfield Coffee LP,"7056 Pne Ct Ste 645, Springfield, IL 627250",436-712-9154,coffee,1,1.0,certain_match,1.0,0.9998134905064161,True
B001285,R001285-408,source2,0.9647058823529411,1.0,0.8235294117647058,1.0,0.7605567972105309,0.0,0.6666666666666666,1.0,1.0,0.8235294117647058,1.0,1.0,1.0,1.0,1.0,1.0,1.0,1.0,1.0,,0.0,1.0,,,,,,,,,,1.0,1.0,1.0,0.0,0.0,0.0,0.0,0.0,0.0,0.0,0.0,1.0,0.0,0.0,0.0,0.0,0.0,0.0,1.0,1.0,1.0,0.0,0.0,1.0,0.0,0.0,0.0,2.0,Fairview Pools,"6533 Park Dr, Worcester, MA 016216",(508) 928-1133,pool,Fairview Pools Co,"6533 Park Dr, Worcester, MA 016216",508-928-1133,pool,1,1.0,certain_match,1.0,0.9997958464848592,True
B000328,L000328-395,source3,1.0,1.0,1.0,1.0,0.15135619694444713,0.0,1.0,1.0,0.0,1.0,1.0,1.0,1.0,,,,,,,,,1.0,1.0,1.0,,,,0.7172012361553359,0.5406957772348484,1.0,1.0,,,1.0,0.0,0.0,1.0,0.0,1.0,0.0,0.0,0.0,0.0,0.0,1.0,0.0,0.0,0.0,0.0,3.0,3.0,0.0,1.0,1.0,0.0,0.0,0.0,0.0,2.0,Thistledown Pharmacy,"2822 Highland Ct, Dallas, TX 752464",(824) 897-6581,pharmacy,Thistledown Pharmacy,,,pharmacies,1,0.9285714285714287,certain_match,1.0,0.9997772363750833,True
B000580,L000580-835,source3,0.7856598016781083,0.8508771929824562,0.7391304347826086,0.9473684210526316,0.0,0.0,0.25,0.5,1.0,0.8260869565217391,0.0,0.0,0.0,0.8245436105476673,0.8529411764705882,,1.0,1.0,1.0,,1.0,1.0,1.0,1.0,,,,0.43715745112354665,0.36266717042205826,1.0,1.0,1.0,1.0,,0.0,0.0,0.0,0.0,0.0,0.0,0.0,0.0,0.0,0.0,0.0,0.0,1.0,0.0,0.0,1.0,1.0,1.0,1.0,0.0,0.0,0.0,0.0,0.0,2.0,Elmhurst Electrical,"2569 Franklin Dr, Seattle, WA 981093",(375) 791-9056,electrical,Emhurst Electrical Shop,"Franklin Dr, Seattle, WA 981093",(375) 791-9056,,1,1.0,certain_match,1.0,0.9997576356918084,True
B000513,R000513-121,source2,0.9340350877192982,0.9866666666666667,0.6842105263157895,0.9333333333333333,0.12319443340020755,0.0,0.25,0.5,1.0,0.7894736842105263,1.0,1.0,0.0,1.0,1.0,1.0,1.0,1.0,1.0,,1.0,1.0,1.0,1.0,,,,,,,,0.0,0.0,1.0,0.0,0.0,0.0,0.0,0.0,0.0,0.0,0.0,0.0,0.0,0.0,0.0,0.0,0.0,0.0,0.0,0.0,0.0,1.0,1.0,0.0,0.0,0.0,0.0,2.0,Eastgate Bakery,"8636 Jefferson Dr, Naperville, IL 605616",(415) 826-0953,bakery,Eastgate Baery Corp,"8636 Jefferson Dr, Naperville, IL 605616",466-328-0953,bakery,1,0.9285714285714285,certain_match,1.0,0.9997276180997583,True
B000458,R000458-312,source2,1.0,1.0,1.0,1.0,0.9999999999999999,0.02374959179766041,1.0,1.0,0.0,1.0,1.0,1.0,1.0,0.6594444444444445,0.55,0.0,0.0,0.0,0.0,,1.0,1.0,1.0,1.0,,,,,,,,1.0,1.0,1.0,0.0,0.0,0.0,0.0,0.0,0.0,0.0,0.0,0.0,0.0,0.0,0.0,0.0,0.0,0.0,0.0,0.0,1.0,1.0,1.0,0.0,0.0,0.0,0.0,3.0,Maple Hill Dental LP,"7184 Union Rd Ste 192, Portland, OR 972781",(216) 705-3558,restaurant,Maple Hill Dental LP,"52 Cedar Pl, Portland, OR 972781",216-705-3558,restaurant,1,1.0,certain_match,1.0,0.9997149565097136,True
B000548,L000548-936,source3,1.0,1.0,1.0,1.0,0.0,0.05216293784102957,1.0,1.0,0.0,1.0,1.0,1.0,1.0,0.9372445616348055,0.9024390243902439,1.0,0.8833333333333334,0.0,,,0.0,1.0,,,,,,0.42910683547694856,0.35704965855830345,1.0,1.0,1.0,1.0,1.0,0.0,0.0,0.0,0.0,0.0,0.0,0.0,0.0,1.0,0.0,0.0,0.0,0.0,0.0,1.0,0.0,1.0,1.0,0.0,0.0,0.0,0.0,0.0,0.0,1.0,Highland Storage,"7943 Maple St Ste 178, Worcester, MA 016965",(459) 335-4603,storage,Highland Storage,"7943 Maple St #178, Worcester, MA 016965",(459) 335-4603,self storage,1,1.0,certain_match,1.0,0.9996975847850297,True
B000943,L000943-683,source3,0.9273809523809524,0.9273809523809524,0.7619047619047619,0.7619047619047619,0.0,0.0,0.6666666666666666,1.0,1.0,0.7619047619047619,1.0,0.0,0.0,0.8244444444444445,0.8333333333333334,,1.0,1.0,1.0,,0.0,1.0,1.0,1.0,,,,0.7634946846264468,0.5672974565847755,1.0,1.0,1.0,1.0,,0.0,0.0,0.0,0.0,0.0,0.0,0.0,0.0,0.0,0.0,0.0,0.0,1.0,0.0,0.0,1.0,1.0,1.0,1.0,1.0,0.0,0.0,0.0,0.0,3.0,Quarry Hill Furniture,"1642 Pine Ln, Phoenix, AZ 850747",(367) 678-8958,restaurant,Quarry Furniture,"Pine Ln, Phoenix, AZ 850747",(367) 678-8958,,1,0.9478571428571427,certain_match,1.0,0.99968643240613,True
B001152,L001152-644,source3,0.9636363636363636,1.0,0.8181818181818181,1.0,0.0,0.0,0.6666666666666666,1.0,1.0,0.8181818181818182,1.0,1.0,1.0,0.8673915851335207,0.8378378378378378,0.0,1.0,1.0,0.0,,0.0,1.0,1.0,1.0,,,,0.3659759496977215,0.3118691546229759,1.0,1.0,,1.0,1.0,0.0,0.0,0.0,0.0,0.0,0.0,0.0,0.0,0.0,0.0,0.0,0.0,0.0,0.0,0.0,0.0,0.0,0.0,1.0,1.0,0.0,0.0,0.0,0.0,2.0,Elmhurst Insurance Ltd,"3049 Willow Ave, Kansas City, MO 641252",(442) 649-7309,insurance,Elmhurst Insurance,"6148 Willow Rd, Kansas City, MO 641252",649-7309,insurance agencies,1,0.6535714285714287,probable_match,,0.9996718544837404,True
B000668,L000668-727,source3,1.0,1.0,1.0,1.0,0.0,0.0,1.0,1.0,0.0,1.0,1.0,1.0,1.0,0.991919191919192,0.9393939393939394,0.0,1.0,1.0,1.0,,0.0,1.0,,,,,,0.49706356403956403,0.4035055654843233,1.0,1.0,1.0,1.0,1.0,0.0,0.0,0.0,0.0,0.0,0.0,0.0,0.0,1.0,0.0,0.0,0.0,0.0,0.0,1.0,0.0,1.0,1.0,0.0,0.0,0.0,0.0,1.0,0.0,2.0,Havenwood Restaurant,"1298 Franklin Ct, Eugene, OR 974367",(331) 900-4921,restaurant,Havenwood Restaurant,"1289 Franklin Ct, Eugene, OR 974367",(331) 900-4921,cafes,1,1.0,certain_match,1.0,0.9996524651379576,True
B001056,R001056-257,source2,0.9501400560224089,0.9882352941176471,0.7142857142857143,0.8823529411764706,0.11356123948335332,0.0,0.25,0.5,1.0,0.8095238095238095,0.0,1.0,0.0,1.0,1.0,1.0,1.0,1.0,1.0,,0.0,1.0,1.0,1.0,,,,,,,,1.0,1.0,1.0,0.0,0.0,0.0,0.0,0.0,0.0,0.0,0.0,0.0,0.0,0.0,0.0,0.0,0.0,0.0,0.0,0.0,1.0,1.0,1.0,0.0,0.0,0.0,0.0,3.0,Brookfield Bakery,"3710 Poplar Blvd, Seattle, WA 981093",(442) 443-9306,bakery,Brookfiedl Bakery Ltd,"3710 Poplar Blvd, Seattle, WA 981093",442-443-9306,bakery,1,1.0,certain_match,1.0,0.9996507068142891,True
B000218,L000218-659,source3,0.9444444444444444,0.9444444444444444,0.7222222222222222,0.7222222222222222,0.0,0.0,0.6666666666666666,1.0,1.0,0.7222222222222222,1.0,0.0,0.0,,,,,,,,,1.0,1.0,1.0,,,,0.34879529963861533,0.2992118234125664,1.0,1.0,,1.0,1.0,0.0,0.0,1.0,0.0,1.0,0.0,0.0,0.0,0.0,0.0,0.0,0.0,0.0,0.0,0.0,2.0,2.0,0.0,1.0,1.0,0.0,0.0,0.0,0.0,2.0,Maple Hill Storage,"3329 Walnut Ct Ste 146, Worcester, MA 016897",(427) 959-2390,restaurant,Maple Storage,null,959-2390,restaurants,1,0.9535714285714286,certain_match,1.0,0.99964521039292,True
B000674,L000674-457,source3,0.9883333333333334,0.9883333333333334,0.9,0.9,0.0,0.0,0.3333333333333333,0.5,0.0,1.0,0.0,0.0,0.0,0.9493734335839599,0.9047619047619048,1.0,0.9125,0.0,,,0.0,1.0,1.0,1.0,,,,0.2776860931634546,0.24505070228217585,1.0,1.0,1.0,1.0,1.0,0.0,0.0,0.0,0.0,0.0,0.0,0.0,0.0,0.0,0.0,0.0,0.0,0.0,0.0,0.0,0.0,0.0,1.0,1.0,1.0,0.0,0.0,1.0,0.0,4.0,Grandview Restaurant,"7766 Jefferson Ct Ste 270, Eugene, OR 974367",(957) 919-7295,restaurant,Gradnview Restaurant,"7766 Jefferson Ct #270, Eugene, OR 974367",(957) 919-7295,cafe,1,1.0,certain_match,1.0,0.9996324374111362,True
B000251,R000251-906,source2,,,,,0.0,0.0,,,,,,,0.0,1.0,1.0,1.0,1.0,1.0,1.0,,1.0,1.0,1.0,1.0,,,,,,,,1.0,1.0,,1.0,0.0,0.0,0.0,0.0,0.0,0.0,0.0,0.0,0.0,0.0,0.0,1.0,0.0,1.0,1.0,2.0,1.0,1.0,0.0,0.0,0.0,0.0,0.0,2.0,Thistledown Bicycle,"4561 Liberty Blvd, Boston, MA 021032",(792) 304-8796,null,,"4561 Liberty Blvd, Boston, MA 021032",792-304-8796,bike,1,1.0,certain_match,1.0,0.9995708153898497,True
B000612,L000612-377,source3,0.8625,0.8625,0.5625,0.5625,0.0,0.0,0.3333333333333333,0.5,0.0,0.75,1.0,1.0,0.0,1.0,1.0,1.0,1.0,1.0,1.0,,0.0,1.0,1.0,1.0,,,,0.45790318085295395,0.376999225930878,1.0,1.0,1.0,1.0,1.0,0.0,0.0,0.0,0.0,0.0,0.0,0.0,0.0,0.0,0.0,0.0,0.0,0.0,0.0,0.0,0.0,0.0,1.0,1.0,1.0,0.0,0.0,0.0,0.0,3.0,Lakeside Gym,"8613 Cherry Blvd, Nashville, TN 372220",(975) 316-6837,fitness,Lakeside Fitness,"8613 Cherry Blvd, Nashville, TN 372220",(975) 316-6837,pilates,1,1.0,certain_match,1.0,0.9995421049082608,True
B000008,L000008-219,source3,0.9888888888888889,0.9888888888888889,0.8888888888888888,0.8888888888888888,0.20970474202605807,0.04689213672517524,0.3333333333333333,0.5,0.0,1.0,0.0,1.0,0.0,1.0,1.0,1.0,1.0,1.0,1.0,,0.0,1.0,1.0,1.0,,,,0.4651278297747267,0.38194249448138917,1.0,1.0,1.0,1.0,1.0,0.0,0.0,0.0,0.0,0.0,0.0,0.0,0.0,0.0,0.0,0.0,0.0,0.0,0.0,0.0,0.0,0.0,1.0,1.0,1.0,0.0,0.0,0.0,0.0,3.0,Kensington Bicycle,"1105 Oak St, Aurora, IL 605913",(727) 443-4562,bike,Kensintgon Bicycle,"1105 Oak St, Aurora, IL 605913",(727) 443-4562,bicycle dealers,1,1.0,certain_match,1.0,0.999488642878295,True
B000376,L000376-381,source3,0.9375565610859729,0.9846153846153847,0.6470588235294117,0.8461538461538461,0.0,0.0,0.25,0.5,1.0,0.7647058823529411,0.0,1.0,0.0,0.9941176470588236,0.9411764705882353,1.0,0.9777777777777777,0.0,1.0,,0.0,1.0,1.0,1.0,,,,0.4233820334205224,0.3530357535050174,1.0,1.0,1.0,1.0,1.0,0.0,0.0,0.0,0.0,0.0,0.0,0.0,0.0,0.0,0.0,0.0,0.0,0.0,0.0,0.0,0.0,0.0,1.0,1.0,1.0,0.0,0.0,1.0,0.0,4.0,Sunset Coffee Ltd,"6303 Jefferson Ln, Denver, CO 802370",(981) 454-4482,coffee,Sunste Coffee,"6303 Jeffesron Ln, Denver, CO 802370",(981) 454-4482,coffeehouse,1,1.0,certain_match,1.0,0.9994757930719821,True
B000822,L000822-549,source3,0.9366666666666666,0.9366666666666666,0.65,0.65,0.0,0.0,0.25,0.5,1.0,0.75,1.0,0.0,0.0,1.0,1.0,1.0,1.0,1.0,1.0,,0.0,1.0,1.0,1.0,,,,0.48158404300949054,0.39311181474479456,1.0,1.0,,1.0,,0.0,0.0,0.0,0.0,0.0,0.0,0.0,0.0,0.0,0.0,0.0,0.0,1.0,0.0,1.0,0.0,1.0,0.0,1.0,1.0,0.0,0.0,1.0,0.0,3.0,Maple Hill Insurance,"223 Liberty St, Denver, CO 802849",(336) 454-1369,N/A,Maple Insurnace,"223 Liberty St, Denver, CO 802849",454-1369,cafe,1,0.7178571428571427,probable_match,,0.9994523063367224,True
B001037,L001037-384,source3,0.9366666666666666,0.9366666666666666,0.75,0.75,0.1284177787737723,0.015701672459626073,0.6666666666666666,1.0,1.0,0.75,1.0,0.0,0.0,1.0,1.0,1.0,1.0,1.0,1.0,,0.0,1.0,,,,,,0.43001650096951594,0.3576859833447622,1.0,1.0,1.0,1.0,1.0,0.0,0.0,0.0,0.0,0.0,0.0,0.0,0.0,1.0,0.0,0.0,0.0,0.0,0.0,0.0,1.0,1.0,1.0,0.0,0.0,0.0,0.0,0.0,0.0,1.0,Quarry Hill Pharmacy,"6036 Lake St, Columbus, OH 432203",(218) 707-7219,restaurant,Quarry Pharmacy,"6036 Lake St, Columbus, OH 432203",(218) 707-7219,cafes,1,1.0,certain_match,1.0,0.9994334331400226,True
B001288,R000422-815,source2,0.9375565610859729,0.9846153846153847,0.6470588235294117,0.8461538461538461,0.12968013876852655,0.0,0.25,0.5,1.0,0.7647058823529411,1.0,1.0,0.0,0.9193701723113489,0.8235294117647058,0.0,0.9714285714285714,0.0,1.0,,1.0,1.0,1.0,1.0,,,,,,,,0.0,0.0,1.0,0.0,0.0,0.0,0.0,0.0,0.0,0.0,0.0,0.0,0.0,0.0,0.0,0.0,0.0,0.0,0.0,0.0,0.0,1.0,1.0,1.0,0.0,0.0,0.0,3.0,Acme Cleaners,"4464 Lincoln Ave, Atlanta, GA 303214",(470) 806-6027,cleaning,Acme Clenaers Ltd,"118 Linclon Ave, Atlanta, GA 303214",524-618-5935,cleaning,0,0.6428571428571428,probable_match,,0.9993644017297565,True
B001097,R000913-656,source2,0.9578947368421054,1.0,0.7894736842105263,1.0,0.7404606146269164,0.0,0.6666666666666666,1.0,1.0,0.7894736842105263,1.0,1.0,1.0,0.6617355684676863,0.5238095238095238,0.0,0.35185185185185186,0.0,0.0,,1.0,1.0,1.0,1.0,,,,,,,,,,,0.0,0.0,0.0,0.0,0.0,0.0,0.0,0.0,0.0,0.0,1.0,0.0,1.0,0.0,0.0,2.0,2.0,0.0,1.0,1.0,1.0,0.0,0.0,0.0,3.0,Fairview Siding,"4944 Spruce Dr, Austin, TX 787238",(671) 887-2966,siding,Fairview Siding Inc,"1980 Jefferson St Ste 667, Austin, TX 787238",N/A,N/A,0,0.7928571428571429,probable_match,,0.9991561382704928,True
B000319,L000319-273,source3,0.8989010989010989,0.9346153846153846,0.5714285714285714,0.75,0.0,0.0,0.25,0.5,1.0,0.6190476190476191,1.0,1.0,0.0,,,,,,,,,1.0,1.0,1.0,,,,0.12960481311550998,0.12186784865030366,1.0,1.0,,1.0,1.0,0.0,0.0,1.0,0.0,1.0,0.0,0.0,0.0,0.0,0.0,0.0,0.0,0.0,0.0,0.0,2.0,2.0,0.0,1.0,1.0,0.0,0.0,0.0,0.0,2.0,Windward Bicycle Corp,"7870 Washington Ave Ste 311, Boulder, CO 803196",(854) 498-1342,bike,Windward Bike,-,498-1342,bike shops,1,0.9535714285714286,certain_match,1.0,0.9984460152321442,True
B000572,L000572-504,source3,0.9874999999999999,0.9874999999999999,0.9375,0.9375,0.0,0.0,0.3333333333333333,0.5,0.0,0.9375,0.0,0.0,0.0,0.8844155844155843,0.7857142857142857,1.0,0.9466666666666665,0.0,1.0,,0.0,1.0,,,,,,0.4232092051677606,0.3529143252854464,1.0,1.0,1.0,1.0,1.0,0.0,0.0,0.0,0.0,0.0,0.0,0.0,0.0,1.0,0.0,0.0,0.0,0.0,0.0,0.0,1.0,1.0,1.0,0.0,0.0,0.0,0.0,0.0,0.0,1.0,Northstar Bakery,"257 Birch Way Ste 107, Naperville, IL 605095",(292) 923-9727,bakery,Northtar Bakery,"257 Bich Way, Naperville, IL 605095",(292) 923-9727,bakeries,1,1.0,certain_match,1.0,0.9974057386526871,True
B001221,R000517-935,source2,0.9692307692307692,1.0,0.8461538461538461,1.0,0.8058950461250312,0.0,0.75,1.0,1.0,0.8461538461538461,1.0,1.0,1.0,0.7837556855100715,0.6842105263157895,0.0,1.0,1.0,1.0,,1.0,1.0,,,,,,,,,,,,1.0,0.0,0.0,0.0,0.0,0.0,0.0,0.0,0.0,1.0,0.0,1.0,0.0,0.0,0.0,0.0,2.0,2.0,0.0,0.0,0.0,1.0,0.0,0.0,0.0,1.0,Quarry Hill Automotive,"1321 Main Ln Ste 180, Phoenix, AZ 850127",(670) 387-8176,restaurant,Quarry Hill Automotive Ltd,"3479 Main Ln, Phoenix, AZ 850127",null,restaurant,0,0.6142857142857143,probable_match,,0.9970625490900098,True
B001163,L001163-312,source3,1.0,1.0,1.0,1.0,0.0,0.0,1.0,1.0,0.0,1.0,1.0,1.0,1.0,,,,,,,,,1.0,,,,,,0.5385863447815843,0.43086403691010156,1.0,1.0,,,1.0,0.0,0.0,1.0,0.0,1.0,0.0,0.0,0.0,1.0,0.0,1.0,0.0,0.0,0.0,1.0,3.0,4.0,0.0,0.0,0.0,0.0,0.0,1.0,0.0,1.0,Meridian Dental,"8730 Maple Ct, Springfield, IL 627654",N/A,dental,Meridian Dental,-,(249) 831-6672,dentist,1,0.9142857142857144,certain_match,1.0,0.9968568746971933,True
B000229,L000229-263,source3,,,,,0.0,0.0,,,,,,,0.0,0.9278270509977826,0.8863636363636364,1.0,0.8769230769230769,0.0,,,0.0,1.0,1.0,1.0,,,,0.586363480449975,0.4614442775663774,1.0,1.0,1.0,1.0,1.0,1.0,0.0,0.0,0.0,0.0,0.0,0.0,0.0,0.0,0.0,0.0,0.0,0.0,0.0,0.0,1.0,1.0,1.0,1.0,0.0,0.0,0.0,0.0,0.0,2.0,Copperfield Bicycle LP,"6526 Maple Rd Ste 677, Indianapolis, IN 462890",(781) 598-8856,bike,-,"6526 Maplee Rd #677, Indianapolis, IN 462890",(781) 598-8856,cycling,1,0.7535714285714283,probable_match,,0.996360947295818,True
B000899,L000899-155,source3,0.9894736842105263,0.9894736842105263,0.8947368421052632,0.8947368421052632,0.0,0.0,0.3333333333333333,0.5,0.0,1.0,0.0,1.0,0.0,0.9026448474126493,0.868421052631579,0.0,0.8833333333333334,0.0,,,0.0,1.0,1.0,1.0,,,,0.6158327409327732,0.47985045284417616,1.0,1.0,1.0,1.0,1.0,0.0,0.0,0.0,0.0,0.0,0.0,0.0,0.0,0.0,0.0,0.0,0.0,0.0,0.0,0.0,0.0,0.0,1.0,1.0,1.0,0.0,0.0,0.0,0.0,3.0,Stonegate Furniture,"3297 Union Dr Ste 933, Austin, TX 787875",(397) 288-9537,furniture,Stonegtae Furniture,"3297A Union Dr #933, Austin, TX 787875",(397) 288-9537,furniture stores,1,0.767857142857143,probable_match,,0.9963359938311865,True
B000148,L000148-770,source3,,,,,0.21528819824316264,0.0,,,,,,,0.0,0.9388471177944862,0.9047619047619048,1.0,0.8923076923076924,0.0,,,0.0,1.0,1.0,1.0,,,,0.4736888225494156,0.38776866059096976,1.0,1.0,1.0,1.0,1.0,1.0,0.0,0.0,0.0,0.0,0.0,0.0,0.0,0.0,0.0,0.0,0.0,0.0,0.0,0.0,1.0,1.0,1.0,1.0,0.0,0.0,0.0,0.0,0.0,2.0,Windward Landscaping,"1107 Walnut St Ste 772, Worcester, MA 016735",(307) 990-9533,landscaping,-,"1107 Walnut St #772, Worcester, MA 016735",(307) 990-9533,exterminator,1,0.7535714285714283,probable_match,,0.9963261420878455,True
B000399,L000399-487,source3,,,,,0.0,0.0,,,,,,,0.0,0.9301132975551579,0.9069767441860466,1.0,0.8727272727272728,0.0,,,0.0,1.0,1.0,1.0,,,,0.26744870855871516,0.23700598904406234,1.0,1.0,1.0,1.0,1.0,1.0,0.0,0.0,0.0,0.0,0.0,0.0,0.0,0.0,0.0,0.0,0.0,0.0,0.0,0.0,1.0,1.0,1.0,1.0,0.0,0.0,0.0,0.0,0.0,2.0,Quarry Hill Siding,"2638 Pine Pl Ste 954, Philadelphia, PA 191570",(399) 317-2971,restaurant,N/A,"2638 Pine Pl #954, Philadelphia, PA 191570",(399) 317-2971,restaurants,1,0.7535714285714283,probable_match,,0.9963261420878455,True
B000980,L000980-518,source3,1.0,1.0,1.0,1.0,0.0,0.0,1.0,1.0,0.0,1.0,1.0,1.0,1.0,1.0,1.0,1.0,1.0,1.0,1.0,,0.0,1.0,1.0,1.0,,,,0.4194903822063253,0.3502979214280657,1.0,1.0,,,1.0,0.0,0.0,0.0,0.0,0.0,0.0,0.0,0.0,0.0,0.0,1.0,0.0,0.0,0.0,1.0,0.0,1.0,0.0,1.0,1.0,0.0,0.0,0.0,0.0,2.0,Willowbrook Storage,"8315 Market Rd, Savannah, GA 314718",N/A,storage,Willowbrook Storage,"8315 Market Rd, Savannah, GA 314718",818-3732,self storage,1,0.7285714285714284,probable_match,,0.9954159948860369,True
B001043,L001043-913,source3,1.0,1.0,1.0,1.0,0.0,0.0,1.0,1.0,0.0,1.0,1.0,1.0,1.0,0.9377708978328173,0.8947368421052632,1.0,0.8727272727272728,0.0,,,0.0,1.0,1.0,1.0,,,,0.2588982054386378,0.2302368982895274,1.0,1.0,,,1.0,0.0,0.0,0.0,0.0,0.0,0.0,0.0,0.0,0.0,0.0,1.0,0.0,0.0,0.0,0.0,1.0,1.0,0.0,1.0,1.0,0.0,0.0,0.0,0.0,2.0,Riverbend Storage,"3414 Main Ln Ste 592, Phoenix, AZ 850826",(735) 408-6974,storage,Riverbend Storage,"3414 Main Ln #592, Phoenix, AZ 850826",,self storage,1,0.7285714285714284,probable_match,,0.9954159948860369,True
B000709,L000709-328,source3,1.0,1.0,1.0,1.0,0.0,0.0,1.0,1.0,0.0,1.0,1.0,1.0,1.0,1.0,1.0,1.0,1.0,1.0,1.0,,0.0,1.0,1.0,1.0,,,,0.38092753164343646,0.3227553977739845,1.0,1.0,,,1.0,0.0,0.0,0.0,0.0,0.0,0.0,0.0,0.0,0.0,0.0,1.0,0.0,0.0,0.0,0.0,1.0,1.0,0.0,1.0,1.0,0.0,0.0,0.0,0.0,2.0,Clearwater Landscaping,"3451 Willow Ln, Nashville, TN 372348",(217) 908-2190,landscaping,Clearwater Landscaping,"3451 Willow Ln, Nashville, TN 372348",null,pest control,1,0.7285714285714284,probable_match,,0.9954159948860369,True
B000056,L000056-142,source3,1.0,1.0,1.0,1.0,0.0,0.0,1.0,1.0,0.0,1.0,1.0,1.0,1.0,1.0,1.0,1.0,1.0,1.0,1.0,,0.0,1.0,1.0,1.0,,,,0.24810318913060744,0.22162495012737876,1.0,1.0,,,1.0,0.0,0.0,0.0,0.0,0.0,0.0,0.0,0.0,0.0,0.0,1.0,1.0,0.0,0.0,1.0,1.0,2.0,0.0,1.0,1.0,0.0,0.0,0.0,0.0,2.0,Havenwood Plumbing,"6659 Birch Blvd, Aurora, IL 605558",null,plumbing,Havenwood Plumbing,"6659 Birch Blvd, Aurora, IL 605558",,plumbing contractors,1,0.7285714285714284,probable_match,,0.9954159948860369,True
B000677,L000677-167,source3,1.0,1.0,1.0,1.0,0.2032420360783507,0.0,1.0,1.0,0.0,1.0,1.0,1.0,1.0,1.0,1.0,1.0,1.0,1.0,1.0,,0.0,1.0,1.0,1.0,,,,0.24397353396633292,0.2183107191439951,1.0,1.0,,,,0.0,0.0,0.0,0.0,0.0,0.0,0.0,0.0,0.0,0.0,1.0,0.0,1.0,0.0,0.0,2.0,2.0,0.0,1.0,1.0,0.0,0.0,1.0,0.0,3.0,Havenwood Bicycle,"1041 Highland Ln, Boulder, CO 803071",(685) 319-8106,bike,Havenwood Bicycle,"1041 Highland Ln, Boulder, CO 803071",,-,1,0.6928571428571428,probable_match,,0.9952507261837277,True
B000407,R000407-581,source2,0.9652173913043479,1.0,0.8260869565217391,1.0,0.7492904449103619,0.0,0.6666666666666666,1.0,1.0,0.8260869565217391,1.0,1.0,1.0,1.0,1.0,1.0,1.0,1.0,1.0,,0.0,1.0,1.0,1.0,,0.0,1.0,,,,,0.0,0.0,1.0,0.0,0.0,0.0,0.0,0.0,0.0,0.0,0.0,0.0,0.0,0.0,0.0,0.0,0.0,0.0,0.0,0.0,0.0,1.0,1.0,0.0,0.0,0.0,0.0,2.0,Glenmore Restaurant,"174 Broadway Ln Ste 925, Denver, CO 802882",(901) 369-8423,restaurant,Glenmore Restaurant Ltd,"174 Broadway Ln Ste 925, Denver, CO 802882",616-467-8423,restaurant,1,0.7285714285714284,probable_match,,0.9950293947158937,True
B000906,L001158-964-U,source3,1.0,1.0,1.0,1.0,0.0,0.0,1.0,1.0,0.0,1.0,1.0,1.0,1.0,,,,,,,,,1.0,0.0,1.0,,,,0.6314427369317098,0.48946473801768925,1.0,1.0,0.0,0.0,1.0,0.0,0.0,1.0,0.0,1.0,0.0,0.0,0.0,0.0,0.0,0.0,0.0,0.0,0.0,0.0,2.0,2.0,0.0,0.0,1.0,0.0,0.0,1.0,0.0,2.0,Foxglove Pools,"9683 Washington Ln, Springfield, IL 627025",(944) 836-7111,pool,Foxglove Pools,null,(900) 385-3349,pool and spa services,0,0.9285714285714287,certain_match,1.0,0.9950259753877831,True
B000468,R000468-605,source2,0.9571428571428571,1.0,0.7857142857142857,1.0,0.7504702006836638,0.46907186325710465,0.6666666666666666,1.0,1.0,0.7857142857142857,1.0,1.0,1.0,0.9354621848739496,0.9714285714285714,1.0,0.9249999999999999,0.0,1.0,,0.0,1.0,1.0,1.0,,,,,,,,,,1.0,0.0,0.0,0.0,0.0,0.0,0.0,0.0,0.0,0.0,0.0,1.0,0.0,0.0,0.0,0.0,1.0,1.0,0.0,1.0,1.0,1.0,0.0,0.0,0.0,3.0,Acme Moving,"3040 Main Pl, Philadelphia, PA 191570",(836) 444-5254,moving,Acme Moving Co,"3040 Min Pl, Philadelphia, PA 191570",-,moving,1,0.7428571428571429,probable_match,,0.9949622149375347,True
B001015,L001015-105,source3,0.968421052631579,1.0,0.8421052631578947,1.0,0.0,0.0,0.6666666666666666,1.0,1.0,0.8421052631578947,1.0,1.0,1.0,0.9185513673318552,0.8048780487804879,1.0,1.0,1.0,1.0,,0.0,1.0,1.0,1.0,,,,0.4969177835858209,0.40340818314493504,1.0,1.0,,,1.0,0.0,0.0,0.0,0.0,0.0,0.0,0.0,0.0,0.0,0.0,1.0,0.0,0.0,0.0,0.0,1.0,1.0,0.0,1.0,1.0,0.0,0.0,1.0,0.0,3.0,Clearwater Pools Co,"4177 Walnut Ave Ste 475, Boulder, CO 803721",(691) 361-2761,pool,Clearwater Pools,"4177 Walnut Ave, Boulder, CO 803721",null,pool and spa services,1,0.7428571428571429,probable_match,,0.9949622149375347,True
B000118,L000118-503,source3,0.9888888888888889,0.9888888888888889,0.9444444444444444,0.9444444444444444,0.0,0.02940415422216363,0.3333333333333333,0.5,0.0,0.9444444444444444,1.0,1.0,1.0,0.9411111111111111,0.9,1.0,0.8769230769230769,0.0,,,0.0,1.0,1.0,1.0,,,,0.6504191043777093,0.501029258312434,1.0,1.0,,,1.0,0.0,0.0,0.0,0.0,0.0,0.0,0.0,0.0,0.0,0.0,1.0,0.0,0.0,0.0,0.0,1.0,1.0,0.0,1.0,1.0,0.0,0.0,0.0,0.0,2.0,Harborview Moving,"7044 Cedar Ave Ste 794, Atlanta, GA 303363",(699) 739-5053,moving,Harborview Movingi,"7044 Cedar Ave #794, Atlanta, GA 303363",null,movers,1,0.7285714285714284,probable_match,,0.9945620454757818,True
B000842,R000842-124,source2,0.9692307692307692,1.0,0.8461538461538461,1.0,0.7283681408634818,0.0,0.6666666666666666,1.0,1.0,0.8461538461538461,1.0,1.0,1.0,1.0,1.0,1.0,1.0,1.0,1.0,,0.0,1.0,1.0,1.0,,,,,,,,,,1.0,0.0,0.0,0.0,0.0,0.0,0.0,0.0,0.0,0.0,0.0,1.0,0.0,0.0,0.0,0.0,1.0,1.0,0.0,1.0,1.0,0.0,0.0,0.0,0.0,2.0,Thistledown Electrical,"9289 Sycamore Ave, Indianapolis, IN 462828",(216) 346-5071,electrical,Thistledown Electrical Inc,"9289 Sycamore Ave, Indianapolis, IN 462828",,electrical,1,0.7285714285714284,probable_match,,0.9943900490678022,True
B000796,R000796-130,source2,0.962962962962963,0.962962962962963,0.8148148148148149,0.8148148148148149,0.6440376952186451,0.0,0.6666666666666666,1.0,1.0,0.8148148148148148,1.0,1.0,1.0,0.9944444444444445,0.9722222222222222,1.0,0.975,0.0,1.0,,0.0,1.0,1.0,1.0,,,,,,,,,,,0.0,0.0,0.0,0.0,0.0,0.0,0.0,0.0,0.0,0.0,1.0,0.0,1.0,0.0,1.0,1.0,2.0,0.0,1.0,1.0,0.0,0.0,0.0,0.0,2.0,Willowbrook Restaurant,"1803 Broadway Ave, Portland, OR 972980",null,restaurant,Willowbrook Restaurant Ltdo,"1803 Broaday Ave, Portland, OR 972980",828-237-1457,,1,0.6785714285714286,probable_match,,0.9942057680927197,True
B000931,L000931-542,source3,1.0,1.0,1.0,1.0,0.0,0.0,1.0,1.0,0.0,1.0,1.0,1.0,1.0,0.9461471861471861,0.9428571428571428,0.0,0.9777777777777777,0.0,1.0,,0.0,1.0,1.0,1.0,,,,0.1326992558284098,0.1246035062351827,1.0,1.0,,,1.0,0.0,0.0,0.0,0.0,0.0,0.0,0.0,0.0,0.0,0.0,1.0,0.0,0.0,0.0,0.0,1.0,1.0,0.0,1.0,1.0,0.0,0.0,1.0,0.0,3.0,Pinecrest Bakery,"3350 Franklin Pl, Eugene, OR 974270",(581) 731-9904,bakery,Pinecrest Bakery,"3350A Frankline Pl, Eugene, OR 974270",-,bakeries,1,0.442857142857143,probable_match,,0.9820490604896813,True
B000970,L000970-297,source3,1.0,1.0,1.0,1.0,0.0,0.0,1.0,1.0,0.0,1.0,1.0,1.0,1.0,0.9390390390390391,0.972972972972973,0.0,1.0,1.0,1.0,,0.0,1.0,1.0,1.0,,,,0.45556039254730607,0.3753909759894683,1.0,1.0,,,1.0,0.0,0.0,0.0,0.0,0.0,0.0,0.0,0.0,0.0,0.0,1.0,0.0,0.0,0.0,1.0,0.0,1.0,0.0,1.0,1.0,0.0,0.0,1.0,0.0,3.0,Kensington Landscaping,"7572 Broadway Dr, Cleveland, OH 441603",,landscaping,Kensington Landscaping,"7572A Broadway Dr, Cleveland, OH 441603",(792) 473-2157,lawn care,1,0.442857142857143,probable_match,,0.9820490604896813,True
B000877,L000877-354,source3,1.0,1.0,1.0,1.0,0.0,0.0,1.0,1.0,0.0,1.0,1.0,1.0,1.0,0.9116971916971917,0.8461538461538461,0.0,0.8833333333333334,0.0,,,0.0,1.0,1.0,1.0,,,,0.3000283520998536,0.2623860735372513,1.0,1.0,,,1.0,0.0,0.0,0.0,0.0,0.0,0.0,0.0,0.0,0.0,0.0,1.0,0.0,0.0,0.0,0.0,1.0,1.0,0.0,1.0,1.0,0.0,0.0,0.0,0.0,2.0,Glenmore Legal,"6059 Cedar Ct Ste 491, Chicago, IL 606758",(633) 398-4816,legal,Glenmore Legal,"6095 Cedar Ct #491, Chicago, IL 606758",N/A,law firms,1,0.42857142857142877,probable_match,,0.9783230618003971,True
B001109,L001109-631,source3,,,,,0.0,0.020064660243005277,,,,,,,0.0,0.9838383838383838,0.8787878787878788,0.0,0.9500000000000001,0.0,1.0,,0.0,1.0,1.0,1.0,,,,0.29845726752876767,0.2611768424753897,1.0,1.0,1.0,1.0,,1.0,0.0,0.0,0.0,0.0,0.0,0.0,0.0,0.0,0.0,0.0,0.0,1.0,0.0,0.0,2.0,2.0,1.0,1.0,0.0,0.0,0.0,0.0,0.0,2.0,Amberly Landscaping,"8730 Monroe Ave, Atlanta, GA 303166",(486) 895-0266,landscaping,-,"8703 Mnoroe Ave, Atlanta, GA 303166",(486) 895-0266,null,1,0.40357142857142864,probable_match,,0.9699268569453288,True
B000831,L000831-361,source3,0.9428571428571428,0.9428571428571428,0.7142857142857143,0.7142857142857143,1.0000000000000002,0.008833411933815276,0.3333333333333333,0.5,0.0,0.7142857142857143,1.0,1.0,1.0,0.9923809523809524,0.9428571428571428,0.0,1.0,1.0,1.0,,0.0,1.0,1.0,1.0,,,,0.10603146141286306,0.10077834881930574,1.0,1.0,,,1.0,0.0,0.0,0.0,0.0,0.0,0.0,0.0,0.0,0.0,0.0,1.0,0.0,0.0,0.0,0.0,1.0,1.0,0.0,1.0,1.0,0.0,0.0,0.0,0.0,2.0,Kensington Automotive,"2345 Lincoln Rd, Worcester, MA 016735",(635) 580-0886,auto,Kensington Auto,"2354 Lincoln Rd, Worcester, MA 016735",null,car repair,1,0.42857142857142877,probable_match,,0.9678983885103726,True
B001263,L000781-834,source3,0.95,1.0,0.75,1.0,0.0,0.0,0.6666666666666666,1.0,1.0,0.75,1.0,1.0,1.0,0.9375,0.875,0.0,1.0,1.0,1.0,,0.0,1.0,1.0,1.0,,,,0.7896096919988705,0.5819975469138465,1.0,1.0,,,1.0,0.0,0.0,0.0,0.0,0.0,0.0,0.0,0.0,0.0,0.0,1.0,0.0,0.0,0.0,1.0,0.0,1.0,0.0,1.0,1.0,0.0,0.0,0.0,0.0,2.0,Highland Bakery,"6031 Park St, Worcester, MA 016735",-,bakery,Highland Bakery Shop,"5246 Park St, Worcester, MA 016735",(327) 480-9403,bakeries,0,0.42857142857142877,probable_match,,0.9583869805959896,True
B000993,L000993-578,source3,1.0,1.0,1.0,1.0,0.0,0.0,1.0,1.0,0.0,1.0,1.0,1.0,1.0,0.7274225632281898,0.5588235294117647,0.0,0.0,0.0,0.0,,0.0,1.0,1.0,1.0,,,,0.3557547471706733,0.3043583082417895,1.0,1.0,,,1.0,0.0,0.0,0.0,0.0,0.0,0.0,0.0,0.0,0.0,0.0,1.0,1.0,0.0,0.0,1.0,1.0,2.0,0.0,1.0,1.0,0.0,0.0,0.0,0.0,2.0,Copperfield Dental,"8106 Main Ave, Boston, MA 021274",-,dental,Copperfield Dental,"9668 Jefferson Pl, Boston, MA 021274",-,dentist,1,0.42857142857142877,probable_match,,0.951717601874041,True
B000266,L000266-173-U,source3,0.6232298474945533,0.6232298474945533,0.2941176470588235,0.2941176470588235,0.0,0.0,0.0,0.0,0.0,0.9411764705882353,0.0,0.0,0.0,0.9553475935828877,0.9117647058823529,0.0,1.0,1.0,1.0,,0.0,1.0,1.0,1.0,,,,0.23678182711995732,0.21251270527602428,1.0,1.0,1.0,1.0,0.0,0.0,0.0,0.0,0.0,0.0,0.0,0.0,0.0,0.0,0.0,0.0,0.0,0.0,0.0,0.0,0.0,0.0,1.0,1.0,0.0,0.0,0.0,0.0,0.0,2.0,Foxglove Roofing,"3569 Jefferson Pl, Aurora, IL 605604",(475) 530-4646,roofing,Deepford Plumbing,"388 Jefferson Pl, Aurora, IL 605604",(475) 530-4646,plumbing contractors,0,0.40357142857142864,probable_match,,0.9428733142500821,True
B000888,R000888-894,source2,0.9191919191919192,0.9888888888888889,0.7272727272727273,0.9444444444444444,0.11943111076426197,0.0,0.25,0.5,1.0,0.8181818181818182,0.0,1.0,0.0,0.9951219512195122,0.9512195121951219,1.0,0.9249999999999999,0.0,1.0,,1.0,1.0,1.0,1.0,,0.0,1.0,,,,,0.0,0.0,1.0,0.0,0.0,0.0,0.0,0.0,0.0,0.0,0.0,0.0,0.0,0.0,0.0,0.0,0.0,0.0,0.0,0.0,0.0,1.0,1.0,0.0,0.0,0.0,0.0,2.0,Bramblewood Siding,"9782 Park Dr Ste 546, Naperville, IL 605616",(531) 792-2280,siding,Bramblewod Siding Corp,"9782 Prak Dr Ste 546, Naperville, IL 605616",313-271-2280,siding,1,0.7785714285714286,probable_match,,0.9280795204081214,True
B001025,L001025-713,source3,0.9866666666666667,0.9866666666666667,0.8666666666666667,0.8666666666666667,0.0,0.017729293812682217,0.3333333333333333,0.5,0.0,1.0,0.0,1.0,0.0,0.8886637135474345,0.7906976744186046,1.0,0.9666666666666667,0.0,1.0,,0.0,1.0,1.0,1.0,,,,0.38018873283404886,0.32222025274114113,1.0,1.0,,1.0,1.0,0.0,0.0,0.0,0.0,0.0,0.0,0.0,0.0,0.0,0.0,0.0,0.0,0.0,0.0,0.0,0.0,0.0,0.0,1.0,1.0,0.0,0.0,0.0,0.0,2.0,Meridian Barber,"638 Cedar Way Ste 407, Kansas City, MO 641764",(341) 912-4231,beauty,Meriidan Barber,"638 Cedara Way, Kansas City, MO 641764",912-4231,barber shops,1,0.6035714285714286,probable_match,,0.9247080784512863,True
B001233,L001008-909,source3,1.0,1.0,1.0,1.0,0.0,0.036088039683565276,1.0,1.0,0.0,1.0,1.0,1.0,1.0,0.8684426190544099,0.7435897435897436,0.0,1.0,1.0,1.0,,0.0,1.0,1.0,1.0,,,,1.58019338720377,0.9478643524049754,0.0,1.0,,,1.0,0.0,0.0,0.0,0.0,0.0,0.0,0.0,0.0,0.0,0.0,1.0,0.0,0.0,0.0,1.0,0.0,1.0,0.0,1.0,1.0,1.0,0.0,0.0,0.0,3.0,Acme Landscaping,"2654 Union Pl Ste 567, Spokane, WA 992112",-,landscaping,Acme Landscaping,"2699 Union Pl, Spokane, WA 992112",(701) 319-5332,locksmith,0,0.442857142857143,probable_match,,0.8727612654384533,True
B000939,L000939-207-U,source3,0.5009746588693957,0.5009746588693957,0.10526315789473684,0.10526315789473684,0.0,0.0,0.0,0.0,1.0,1.0,0.0,0.0,0.0,0.8324143692564746,0.8095238095238095,0.0,0.8666666666666666,0.0,,,0.0,1.0,1.0,1.0,,,,0.32234246642132885,0.27940475963730405,1.0,1.0,1.0,1.0,0.0,0.0,0.0,0.0,0.0,0.0,0.0,0.0,0.0,0.0,0.0,0.0,0.0,0.0,0.0,0.0,0.0,0.0,1.0,1.0,0.0,0.0,0.0,1.0,0.0,3.0,Deepford Restaurant,"1416 Pine Ave Ste 741, Naperville, IL 605030",(986) 373-0171,restaurant,Maple Hill Hardware,"7249 Pine Ave #741, Naperville, IL 605030",(986) 373-0171,hardware store,0,0.16785714285714287,probable_match,,0.8655267639305171,True
B000970,L001202-885,source3,0.962962962962963,1.0,0.8148148148148149,1.0,0.0,0.0,0.6666666666666666,1.0,1.0,0.8148148148148148,1.0,1.0,1.0,0.9444444444444443,0.8888888888888888,0.0,1.0,1.0,1.0,,0.0,1.0,1.0,1.0,,,,1.0606331086698575,0.7230132698897321,0.0,1.0,,,1.0,0.0,0.0,0.0,0.0,0.0,0.0,0.0,0.0,0.0,0.0,1.0,0.0,0.0,0.0,1.0,0.0,1.0,0.0,1.0,1.0,0.0,0.0,0.0,0.0,2.0,Kensington Landscaping,"7572 Broadway Dr, Cleveland, OH 441603",,landscaping,Kensington Landscaping Shop,"5469 Broadway Dr, Cleveland, OH 441603",632-5264,gardener,0,0.42857142857142877,probable_match,,0.8220339719840324,True
B001291,L000464-259,source3,1.0,1.0,1.0,1.0,0.0,0.47661815563321863,1.0,1.0,0.0,1.0,1.0,1.0,1.0,0.7757657217334636,0.7,0.0,1.0,1.0,1.0,,0.0,1.0,1.0,1.0,,,,1.6474558289631003,0.9735991142987579,0.0,1.0,0.0,0.0,1.0,0.0,0.0,0.0,0.0,0.0,0.0,0.0,0.0,0.0,0.0,0.0,0.0,0.0,0.0,0.0,0.0,0.0,0.0,1.0,1.0,0.0,0.0,0.0,0.0,2.0,Eastgate Childcare,"3424 Lake Rd Ste 126, Charlotte, NC 282947",(401) 878-8150,childcare,Eastgate Childcare,"1467A Lake Rd, Charlotte, NC 282947",(834) 546-0983,child care services,0,0.42857142857142877,probable_match,,0.8080079542406454,True
B000877,L000877-972-U,source3,0.6406926406926406,0.6406926406926406,0.31818181818181823,0.31818181818181823,0.0,0.0,0.0,0.0,0.0,0.6363636363636364,0.0,0.0,0.0,0.7955630970336852,0.7948717948717949,0.0,0.749090909090909,0.0,,,0.0,1.0,1.0,1.0,,,,0.16320513654533544,0.15117924366196855,1.0,1.0,1.0,1.0,0.0,0.0,0.0,0.0,0.0,0.0,0.0,0.0,0.0,0.0,0.0,0.0,0.0,0.0,0.0,0.0,0.0,0.0,1.0,1.0,0.0,0.0,0.0,0.0,0.0,2.0,Glenmore Legal,"6059 Cedar Ct Ste 491, Chicago, IL 606758",(633) 398-4816,legal,Bramblewood Electrical,"3909 Cdar Ct #491, Chicago, IL 606758",(633) 398-4816,electrician,0,0.40357142857142864,probable_match,,0.6781273273331725,True
B001240,L000321-984,source3,1.0,1.0,1.0,1.0,0.0,0.0,1.0,1.0,0.0,1.0,1.0,1.0,1.0,0.9304237824161922,0.8529411764705882,0.0,0.9611111111111111,0.0,1.0,,0.0,1.0,1.0,1.0,,,,2.853497772074831,1.3489812480794783,0.0,1.0,,0.0,1.0,0.0,0.0,0.0,0.0,0.0,0.0,0.0,0.0,0.0,0.0,0.0,0.0,0.0,0.0,0.0,0.0,0.0,0.0,1.0,1.0,0.0,0.0,0.0,0.0,2.0,Thistledown Accounting,"7357 Willow Ct, Cleveland, OH 441429",(537) 357-0728,accounting,Thistledown Accounting,"4314 Wilolw Ct, Cleveland, OH 441429",777-1009,bookkeeping,0,0.42857142857142877,probable_match,,0.6593151423823969,True
B001281,L000172-844,source3,0.9565217391304348,1.0,0.782608695652174,1.0,0.0,0.0,0.6666666666666666,1.0,1.0,0.782608695652174,1.0,1.0,1.0,0.9375,0.875,0.0,1.0,1.0,1.0,,0.0,1.0,1.0,1.0,,,,3.506015582855604,1.5054133002498795,0.0,1.0,0.0,0.0,1.0,0.0,0.0,0.0,0.0,0.0,0.0,0.0,0.0,0.0,0.0,0.0,0.0,0.0,0.0,0.0,0.0,0.0,0.0,1.0,1.0,0.0,0.0,0.0,0.0,2.0,Willowbrook Floral Corp,"9701 Elm Dr, Naperville, IL 605238",(774) 235-2666,floral,Willowbrook Floral,"4062 Elm Dr, Naperville, IL 605238",(831) 628-4067,flowers,0,0.42857142857142877,probable_match,,0.6123600957926169,True
B001099,R001099-757,source2,0.9383333333333334,0.9833333333333334,0.8,0.9444444444444444,0.12542706652545213,0.0,0.25,0.5,1.0,0.9,0.0,0.0,0.0,1.0,1.0,1.0,1.0,1.0,1.0,,1.0,1.0,1.0,1.0,,,,,,,,0.0,0.0,1.0,0.0,0.0,0.0,0.0,0.0,0.0,0.0,0.0,0.0,0.0,0.0,0.0,0.0,0.0,0.0,0.0,0.0,0.0,1.0,0.0,0.0,0.0,0.0,0.0,1.0,Grandview Plumbing,"3008 Highland Way, Cleveland, OH 441459",(792) 429-1853,plumbing,Gandview Plumbing Co,"3008 Highland Way, Cleveland, OH 441459",988-882-1853,plumbing,1,0.7642857142857142,probable_match,,0.5978955104585183,True
B000172,L001281-832,source3,1.0,1.0,1.0,1.0,0.0,0.0,1.0,1.0,0.0,1.0,1.0,1.0,1.0,0.7640456989247312,0.7,0.0,1.0,1.0,1.0,,0.0,1.0,1.0,1.0,,,,2.83008408253653,1.3428867566164668,0.0,1.0,0.0,0.0,1.0,0.0,0.0,0.0,0.0,0.0,0.0,0.0,0.0,0.0,0.0,0.0,0.0,0.0,0.0,0.0,0.0,0.0,0.0,1.0,1.0,0.0,0.0,0.0,0.0,2.0,Willowbrook Floral,"4062 Elm Dr Ste 397, Naperville, IL 605238",(831) 628-4067,floral,Willowbrook Floral,"9710 Elm Dr, Naperville, IL 605238",(774) 235-2666,florists,0,0.42857142857142877,probable_match,,0.5900501238720509,True
B001036,R001078-667,source2,0.9636363636363636,1.0,0.8181818181818181,1.0,0.7336575682071917,0.033702312041446705,0.6666666666666666,1.0,1.0,0.8181818181818182,1.0,1.0,1.0,0.6201496674057649,0.4390243902439024,0.0,0.5396825396825397,0.0,0.0,,1.0,1.0,0.0,1.0,,,,,,,,0.0,0.0,1.0,0.0,0.0,0.0,0.0,0.0,0.0,0.0,0.0,0.0,0.0,0.0,0.0,0.0,0.0,0.0,0.0,0.0,0.0,0.0,1.0,0.0,0.0,0.0,0.0,1.0,Willowbrook Siding,"9194 Liberty Rd Ste 938, Atlanta, GA 303166",(204) 552-6676,siding,Willowbrook Siding Ltd,"32 Walnut Blvd, Atlanta, GA 303373",628-830-2800,siding,0,0.6142857142857143,probable_match,,0.5287361574612366,True
B001101,L001252-736,source3,0.9894736842105263,0.9894736842105263,0.9473684210526316,0.9473684210526316,0.0,0.01612958489479519,0.3333333333333333,0.5,0.0,0.9473684210526315,1.0,1.0,1.0,0.8135994087213598,0.7073170731707317,0.0,1.0,1.0,1.0,,0.0,1.0,1.0,1.0,,,,3.2323915023300436,1.442767200279585,0.0,1.0,0.0,0.0,1.0,0.0,0.0,0.0,0.0,0.0,0.0,0.0,0.0,0.0,0.0,0.0,0.0,0.0,0.0,0.0,0.0,0.0,0.0,1.0,1.0,0.0,0.0,0.0,0.0,2.0,Bramblewood Floral,"7891 Walnut Blvd Ste 510, Aurora, IL 605558",(634) 480-7757,floral,Bramblewood Florale,"6904 Walnut Blvd, Aurora, IL 605558",(493) 609-7540,florist,0,0.42857142857142877,probable_match,,0.4834014741225308,True
B000089,R000089-839,source2,0.9742753623188406,0.9689473684210526,0.9583333333333334,0.95,0.43796452624733095,0.0,0.5,0.6666666666666666,0.0,0.9583333333333334,0.0,1.0,0.0,0.991919191919192,0.9393939393939394,0.0,1.0,1.0,1.0,,1.0,1.0,1.0,1.0,,,,,,,,,,1.0,0.0,0.0,0.0,0.0,0.0,0.0,0.0,0.0,0.0,0.0,1.0,0.0,0.0,0.0,0.0,1.0,1.0,0.0,1.0,1.0,0.0,0.0,0.0,0.0,2.0,Pinecrest Restaurant Ltd,"4902 Sycamore Ln, Austin, TX 787238",(457) 667-4949,restaurant,Pinecret Restaurant Ltd,"4920 Sycamore Ln, Austin, TX 787238",null,restaurant,1,0.4785714285714286,probable_match,,0.46788700439413683,True
B000643,L000700-530,source3,0.8986425339366516,0.8986425339366516,0.6470588235294117,0.6470588235294117,0.0,0.47445185979077936,0.3333333333333333,0.5,0.0,0.7647058823529411,1.0,1.0,0.0,,,,,,,,,1.0,0.0,1.0,,,,0.0613701714078082,0.059560687952700433,1.0,1.0,0.0,0.0,,0.0,0.0,1.0,0.0,1.0,0.0,0.0,0.0,0.0,0.0,0.0,0.0,1.0,0.0,0.0,3.0,3.0,0.0,0.0,1.0,1.0,0.0,1.0,0.0,3.0,Fairview Plumbing,"4167 Poplar Ct Ste 646, Portland, OR 972344",(917) 315-5185,plumbing,Fairview Bike,-,(529) 611-9648,null,0,0.5728571428571428,ambiguous,,0.4497437847270126,True
B000759,R000759-190,source2,,,,,0.0,0.0,,,,,,,0.0,0.6872771836007129,0.6470588235294117,0.0,0.0,0.0,0.0,,1.0,1.0,,,,,,,,,,1.0,1.0,1.0,1.0,0.0,0.0,0.0,0.0,0.0,0.0,0.0,1.0,0.0,0.0,0.0,0.0,0.0,1.0,1.0,2.0,1.0,0.0,0.0,0.0,0.0,0.0,0.0,1.0,null,"8314 Maple Blvd, Savannah, GA 314959",(519) 368-3236,cleaning,Fairview Cleaners Inc,"6015 Union St, Savannah, GA 314959",519-368-3236,cleaning,1,0.6392857142857142,probable_match,,0.322159423574159,True
B000668,L000668-595-U,source3,0.5750000000000001,0.5750000000000001,0.35,0.35,0.0,0.0,0.0,0.0,0.0,0.8,0.0,0.0,0.0,0.7085419411506368,0.6060606060606061,0.0,,,1.0,,0.0,1.0,,,,,,0.5129786605782631,0.4140803306606641,1.0,1.0,1.0,1.0,0.0,0.0,0.0,0.0,0.0,0.0,0.0,0.0,0.0,1.0,1.0,0.0,0.0,0.0,0.0,1.0,1.0,2.0,1.0,0.0,0.0,0.0,0.0,0.0,0.0,1.0,Havenwood Restaurant,"1298 Franklin Ct, Eugene, OR 974367",(331) 900-4921,restaurant,Riverbend Dental,"356 Ct, Eugene, OR 974367",(331) 900-4921,dentists,0,0.3892857142857142,probable_match,,0.16401204512178721,True
B000898,L000898-112-U,source3,0.48646125116713357,0.48646125116713357,0.09523809523809523,0.09523809523809523,0.0,0.058413275104620896,0.0,0.0,0.0,0.8095238095238095,0.0,0.0,0.0,0.7658179012345679,0.6666666666666667,0.0,0.6626984126984127,0.0,0.0,,0.0,1.0,1.0,1.0,,,,0.33365622534336825,0.28792421214112623,1.0,1.0,1.0,1.0,0.0,0.0,0.0,0.0,0.0,0.0,0.0,0.0,0.0,0.0,0.0,0.0,0.0,0.0,0.0,0.0,0.0,0.0,1.0,1.0,0.0,0.0,0.0,0.0,0.0,2.0,Northstar Roofing,"6133 Hickory Ave, Worcester, MA 016216",(379) 528-1763,roofing,Copperfield Childcare,"47 Cherry St, Worcester, MA 016216",(379) 528-1763,day care centers,0,0.15357142857142864,probable_match,,0.1573820515695958,True
B000926,L000926-676,source3,0.6944444444444445,0.6944444444444445,0.5,0.5,0.0,0.0,0.25,0.5,1.0,0.8571428571428571,1.0,0.0,0.0,1.0,1.0,1.0,1.0,1.0,1.0,,0.0,1.0,1.0,1.0,,,,0.5005835311570517,0.4058540532305706,1.0,1.0,,1.0,1.0,0.0,0.0,0.0,0.0,0.0,0.0,0.0,0.0,0.0,0.0,0.0,0.0,0.0,0.0,0.0,0.0,0.0,0.0,1.0,1.0,0.0,0.0,0.0,0.0,2.0,Blue Ridge Gym,"3252 Pine Ln, Indianapolis, IN 462777",(936) 434-4754,restaurant,Blue Fitness,"3252 Pine Ln, Indianapolis, IN 462777",434-4754,cafe,1,0.45357142857142857,probable_match,,0.1267839635356428,True
