s1_id,candidate_id,candidate_source,score
B000001,R000001-224,source2,0.9950293947158937
B000001,L000001-269,source3,0.9999770500185827
B000002,R000002-858,source2,0.9999770500185827
B000002,L000002-846,source3,0.9999585703578097
B000003,R000003-825,source2,0.999975885958041
B000003,L000003-491,source3,0.9999487972414767
B000003,L000003-289,source3,0.9998944053664117
B000004,R000004-538,source2,0.9999421714703879
B000004,R000004-979,source2,0.9999421714703879
B000004,R000004-975,source2,0.9999412212703331
B000004,L000004-718,source3,0.9952507261837277
B000005,L000005-192,source3,0.9999585703578097
B000005,L000005-192-U,source3,0.5753762992247947
B000006,R000006-723,source2,0.9999770500185827
B000006,R000006-639,source2,0.9999770500185827
B000006,L000006-641,source3,0.9999536410156428
B000006,L000006-295,source3,0.9952507261837277
B000007,R000007-733,source2,0.9541103326832426
B000007,L000007-318,source3,0.9999329626983136
B000007,L000007-357,source3,0.9987991189839851
B000008,R000008-993,source2,0.9999648310624161
B000008,R000008-578,source2,0.9999421714703879
B000008,R000008-615,source2,0.9999199775407125
B000008,L000008-219,source3,0.999488642878295
B000010,R000010-684,source2,0.9999648310624161
B000010,L000010-569,source3,0.9999445606130445
B000010,L000010-365,source3,0.9998262282221155
B000010,L000010-365-U,source3,0.8164682427522042
B000011,L000011-570,source3,0.5321081160133324
B000012,R000012-181,source2,0.9999770500185827
B000013,R000013-232,source2,0.9999412212703331
B000013,L000013-313,source3,0.9735731114204481
B000014,R000014-278,source2,0.9999648310624161
B000015,R000015-507,source2,0.9999412212703331
B000015,L000015-307,source3,0.9996600161390027
B000016,R000016-204,source2,0.9999770500185827
B000016,L000016-878,source3,0.9999431939392719
B000017,R000017-794,source2,0.9948984599218961
B000017,L000017-246,source3,0.9999412212703331
B000018,R000018-492,source2,0.9999421714703879
B000018,R000018-923,source2,0.9999025651177307
B000018,L000018-536,source3,0.9999585703578097
B000019,R000019-362,source2,0.9999770500185827
B000019,L000019-468,source3,0.9994151424858955
B000020,R000020-274,source2,0.5017141493160646
B000020,L000020-655,source3,0.9997310766188652
B000021,R000021-203,source2,0.9999770500185827
B000021,L000021-648,source3,0.9997310766188652
B000022,R000022-777,source2,0.9999770500185827
B000022,R000022-528,source2,0.9999770500185827
B000022,R001256-254,source2,0.9998869768686837
B000022,L001256-285,source3,0.8498198898129551
B000022,L001256-479,source3,0.8498198898129551
B000023,L000023-416,source3,0.999822959906463
B000024,R000024-506,source2,0.999975885958041
B000024,R000024-211,source2,0.9999638369424526
B000025,R000025-690,source2,0.9999421714703879
B000025,R000025-208,source2,0.9999412212703331
B000026,R000026-866,source2,0.9999770500185827
B000026,R000026-458,source2,0.9999421714703879
B000027,R000027-528,source2,0.9999770500185827
B000027,L000027-518,source3,0.9998376744657677
B000027,L000027-694,source3,0.9952507261837277
B000028,R000028-925,source2,0.9999421714703879
B000028,L000028-695,source3,0.9999493005557634
B000028,L000028-326,source3,0.9943900490678022
B000029,R000029-786,source2,0.9656713301116441
B000029,L000029-979,source3,0.9930637578365725
B000030,R000030-873,source2,0.9999412212703331
B000030,L000030-616,source3,0.7560151571696957
B000031,R000031-972,source2,0.9999412212703331
B000031,L000031-167,source3,0.9954159948860369
B000032,R000032-484,source2,0.9999018074545931
B000032,R000032-128,source2,0.9998976234481485
B000032,L000032-971,source3,0.9999061606998575
B000033,R000033-662,source2,0.9999421714703879
B000033,R000033-185,source2,0.9999412212703331
B000033,L000033-169,source3,0.9999585703578097
B000034,R000034-984,source2,0.9999770500185827
B000034,L000034-567,source3,0.9997324776851516
B000034,L000034-978,source3,0.9995810992335117
B000034,L000034-610,source3,0.9954159948860369
B000035,R000035-537,source2,0.9999648310624161
B000035,R000035-106,source2,0.9999585703578097
B000035,R001261-517,source2,0.9999113842340681
B000035,R001261-678,source2,0.9999099282041276
B000035,R000035-528,source2,0.9998865424054648
B000036,R000036-962,source2,0.9999034624884633
B000036,R000036-142,source2,0.999901664353505
B000037,R000037-138,source2,0.9999770500185827
B000037,L000037-126,source3,0.9999585703578097
B000037,L000037-870,source3,0.999956971324535
B000038,R000038-542,source2,0.9999770500185827
B000038,L000038-534,source3,0.9995365399312256
B000039,R000039-477,source2,0.9999770500185827
B000039,L000039-371,source3,0.9999585703578097
B000039,L000039-127,source3,0.9999585703578097
B000039,L000039-332,source3,0.9997729170736442
B000040,R000040-794,source2,0.9999412212703331
B000040,R000040-746,source2,0.9999412212703331
B000040,L000040-868,source3,0.995029344170971
B000040,L000040-641,source3,0.995029344170971
B000040,L000040-498,source3,0.9886038564971344
B000041,R000041-952,source2,0.9995708153898497
B000041,R000041-111,source2,0.9995708153898497
B000041,L000041-695,source3,0.9900700240426912
B000042,L000042-691,source3,0.999312299829897
B000043,R000043-141,source2,0.9999421714703879
B000044,R000044-136,source2,0.9999648310624161
B000044,R000044-653,source2,0.9999099282041276
B000045,R000045-350,source2,0.9998864747245696
B000045,R000045-278,source2,0.9989455755381016
B000045,L000045-699,source3,0.9999585703578097
B000046,R000046-109,source2,0.9999421714703879
B000046,R000046-148,source2,0.9999113842340681
B000046,L000046-736,source3,0.9991573727196115
B000047,R000047-521,source2,0.9999762669200863
B000047,L000047-680,source3,0.999749202955779
B000047,L000047-680-U,source3,0.8164682427522042
B000048,R000048-746,source2,0.9999421714703879
B000048,L000048-674,source3,0.9997310766188652
B000050,R000050-479,source2,0.9999770500185827
B000050,R000050-769,source2,0.9999585703578097
B000051,R000051-189,source2,0.9999648310624161
B000051,L000051-651,source3,0.9933087032585058
B000052,L000052-216,source3,0.9999585703578097
B000053,R000053-415,source2,0.999975855743505
B000053,R000053-772,source2,0.9999113842340681
B000053,L000053-122,source3,0.999956414476883
B000054,R000054-398,source2,0.9999648310624161
B000054,L000054-894,source3,0.9999585703578097
B000054,L000054-395,source3,0.9999585703578097
B000055,R001296-134,source2,0.9998904808630208
B000055,R001296-274,source2,0.9998869768686837
B000056,R000056-838,source2,0.999910051990442
B000056,R001228-308,source2,0.9999099282041276
B000056,L000056-898,source3,0.9954159948860369
B000056,L000056-142,source3,0.9954159948860369
B000057,R000057-592,source2,0.9999421714703879
B000058,L000058-336,source3,0.9999058931313295
B000058,L000058-771,source3,0.9900740377822986
B000059,R000059-835,source2,0.9999770500185827
B000059,R000059-592,source2,0.9999034624884633
B000059,R000059-461,source2,0.9998392099282355
B000060,R001245-195,source2,0.9999113842340681
B000060,R001245-314,source2,0.9999099282041276
B000060,R000060-660,source2,0.9999025651177307
B000060,L000060-658,source3,0.9999585703578097
B000060,L001245-681,source3,0.40195082017454653
B000061,L000061-221,source3,0.9997188795437724
B000062,R000062-908,source2,0.9999766225137005
B000063,R000063-431,source2,0.9999770500185827
B000063,L000063-389,source3,0.9649773250232645
B000065,R000065-171,source2,0.9995708153898497
B000066,L000066-803,source3,0.9943900490678022
B000067,R000067-845,source2,0.9999770500185827
B000068,R000068-325,source2,0.9999770500185827
B000068,R000068-905,source2,0.999910051990442
B000070,R000070-981,source2,0.9999412212703331
B000070,L000070-332,source3,0.9954159948860369
B000071,R000071-502,source2,0.9999648310624161
B000071,L000071-931,source3,0.9999445606130445
B000072,R000072-770,source2,0.9998125575883213
B000073,R000073-931,source2,0.9996245705662985
B000073,L000073-456,source3,0.9999240712730928
B000074,R000074-682,source2,0.9999770500185827
B000074,L000074-541,source3,0.9999585703578097
B000075,R001248-426,source2,0.9998875586163456
B000075,R001248-547,source2,0.9998875586163456
B000075,R001248-301,source2,0.9961480266594003
B000075,L000075-629,source3,0.999956414476883
B000075,L001248-532,source3,0.7633512984894258
B000076,R000076-448,source2,0.9997983798018403
B000077,L000077-286,source3,0.9999585703578097
B000078,R000078-661,source2,0.9999421714703879
B000078,L000078-475,source3,0.9999585703578097
B000079,R000079-537,source2,0.9998416564523719
B000079,R000079-886,source2,0.9998079380122836
B000080,R000080-822,source2,0.9999421714703879
B000080,L000080-118,source3,0.9997312928707148
B000080,L000080-807,source3,0.9937132780846644
B000081,R001205-575,source2,0.9999113842340681
B000081,R000081-702,source2,0.998757900078656
B000082,R000082-183,source2,0.9999770500185827
B000082,L000082-126,source3,0.9999542423654212
B000083,R000083-331,source2,0.9999630472593628
B000083,L000083-380,source3,0.9820490604896813
B000084,R000084-475,source2,0.9999421714703879
B000084,L000084-973,source3,0.9999585703578097
B000084,L000084-839,source3,0.9997310766188652
B000085,R000085-737,source2,0.9992598663805389
B000086,R000086-636,source2,0.9999648310624161
B000086,R000086-748,source2,0.9999113842340681
B000086,L000086-245,source3,0.9997310766188652
B000087,R000087-321,source2,0.9541103326832426
B000088,R000088-725,source2,0.9999770500185827
B000088,R000088-479,source2,0.9999421714703879
B000088,L000088-120,source3,0.9999585703578097
B000088,L000088-742,source3,0.9999585703578097
B000089,R000089-741,source2,0.9999770500185827
B000089,R000089-839,source2,0.46788700439413683
B000089,L000089-290,source3,0.9999585703578097
B000090,R000090-196,source2,0.9999421714703879
B000090,L000090-413,source3,0.9999585703578097
B000090,L000090-413-U,source3,0.19750710261861332
B000091,R000091-450,source2,0.9999770500185827
B000091,R000091-801,source2,0.9999770500185827
B000091,R000091-107,source2,0.9999421714703879
B000091,L000091-659,source3,0.9984892883182342
B000091,L000091-628,source3,0.6729145667297026
B000092,L000092-100,source3,0.9999229008681119
B000092,L000092-234,source3,0.9998041934712003
B000093,R000093-844,source2,0.9999648310624161
B000093,L000093-329,source3,0.9999585703578097
B000093,L000093-952,source3,0.9999585703578097
B000094,R000094-539,source2,0.9999761642158975
B000094,L000094-848,source3,0.9999585703578097
B000095,L000095-548,source3,0.9976620563233222
B000096,R000096-394,source2,0.9999648310624161
B000096,R000096-958,source2,0.9999421714703879
B000096,L000096-639,source3,0.9999585703578097
B000096,L000096-411,source3,0.9999445606130445
B000097,R000097-361,source2,0.9999770500185827
B000097,L000097-953,source3,0.9999350942077251
B000097,L000097-789,source3,0.9982221514127468
B000097,L000097-658,source3,0.9952507261837277
B000098,R000098-971,source2,0.9999770500185827
B000099,R000099-900,source2,0.9999421714703879
B000099,L000099-788,source3,0.9999136746733355
B000100,R000100-351,source2,0.9999412212703331
B000100,R000100-124,source2,0.9999412212703331
B000100,L000100-824,source3,0.9946886278745908
B000100,L000100-512,source3,0.9932728222119146
B000101,R000101-597,source2,0.9995708153898497
B000102,R000102-602,source2,0.9999421714703879
B000103,R000103-794,source2,0.9999762669200863
B000103,L000103-364,source3,0.9992464194579612
B000104,R000104-809,source2,0.9999758248282496
B000104,R000104-783,source2,0.9999421714703879
B000105,R000105-959,source2,0.9999770500185827
B000105,L000105-500,source3,0.9949622149375347
B000106,R000106-582,source2,0.9999770500185827
B000106,R000106-559,source2,0.9999766225137005
B000106,R000106-220,source2,0.9999766225137005
B000106,L000106-147,source3,0.9999493005557634
B000110,R000110-346,source2,0.9999770500185827
B000110,R000110-767,source2,0.9999421714703879
B000110,R000110-162,source2,0.9998416564523719
B000110,L000110-533,source3,0.9996975847850297
B000111,R000111-375,source2,0.9999648310624161
B000112,R000112-951,source2,0.9999770500185827
B000112,L000112-914,source3,0.9999585703578097
B000113,R000113-542,source2,0.9999648310624161
B000113,L000113-702,source3,0.9999585703578097
B000113,L000113-218,source3,0.9952507261837277
B000114,R000114-307,source2,0.9999770500185827
B000114,L000114-829,source3,0.9932466087878861
B000115,L000115-260,source3,0.9995697845167621
B000116,R000116-617,source2,0.9999099282041276
B000116,L000116-441,source3,0.9809738992855297
B000117,R000117-916,source2,0.9998416564523719
B000117,L000117-359,source3,0.9999585703578097
B000117,L000117-359-U,source3,0.8164682427522042
B000118,R000118-409,source2,0.9999770500185827
B000118,R000118-213,source2,0.9999120180820402
B000118,L000118-579,source3,0.9998608110305689
B000118,L000118-503,source3,0.9945620454757818
B000119,R000119-621,source2,0.9998139441524145
B000119,R001032-464,source2,0.6994659831901241
B000119,R001292-989,source2,0.15931954518324237
B000119,R001292-852,source2,0.15931954518324237
B000119,L000119-643,source3,0.9999585703578097
B000119,L000119-920,source3,0.9999493005557634
B000120,R000120-876,source2,0.9999767530095983
B000120,R000120-342,source2,0.9999113842340681
B000120,R000120-595,source2,0.9998134905064161
B000120,L000120-542,source3,0.9999445606130445
B000121,R000121-979,source2,0.9999408138495283
B000121,R000121-359,source2,0.9998632099945398
B000122,R000122-571,source2,0.9999770500185827
B000122,L000122-549,source3,0.9999546970190691
B000122,L000122-660,source3,0.9995399161927093
B000123,R000123-403,source2,0.9999421714703879
B000124,R000124-911,source2,0.9995708153898497
B000124,L000124-517,source3,0.9999493005557634
B000124,L000124-528,source3,0.9952507261837277
B000125,R001249-843,source2,0.9998562291622208
B000125,L000125-962,source3,0.9999585703578097
B000125,L000125-605,source3,0.9997184268704661
B000126,L000126-351,source3,0.9999770500185827
B000127,R000127-680,source2,0.9999770500185827
B000127,R000127-234,source2,0.9999457105752211
B000127,L000127-409,source3,0.9997332266479554
B000128,R000128-561,source2,0.9999099282041276
B000128,R000128-539,source2,0.9999099282041276
B000128,L000128-157,source3,0.9949622149375347
B000129,R001234-481,source2,0.999881361860891
B000129,L000129-754,source3,0.9999445606130445
B000129,L001234-526,source3,0.7525838129599872
B000130,R000130-665,source2,0.9999770500185827
B000130,L000130-272,source3,0.9999585703578097
B000131,R000131-447,source2,0.9999770500185827
B000131,L000131-678,source3,0.9999585703578097
B000131,L000131-866,source3,0.9999493005557634
B000131,L000131-688,source3,0.999922079917552
B000132,R000132-400,source2,0.9999770500185827
B000132,R000132-249,source2,0.9999421714703879
B000132,R001219-422,source2,0.9984917395388928
B000133,R000133-881,source2,0.9999770500185827
B000133,L000133-874,source3,0.9999493005557634
B000133,L000133-969,source3,0.9949622149375347
B000134,R000134-245,source2,0.9999499627641109
B000134,L000134-522,source3,0.9994607953130513
B000135,R000135-999,source2,0.9999770500185827
B000135,R000135-747,source2,0.9999421714703879
B000136,R000136-640,source2,0.9999398413432898
B000136,L000136-858,source3,0.9999585703578097
B000136,L000136-858-U,source3,0.19750710261861332
B000137,R000137-526,source2,0.9999421714703879
B000137,L000137-353,source3,0.9783230618003971
B000138,R000138-619,source2,0.9999421714703879
B000138,L000138-634,source3,0.9820490604896813
B000139,R000139-187,source2,0.9999398413432898
B000139,L000139-942,source3,0.9998128009508103
B000139,L000139-264,source3,0.9957174706994445
B000140,R000140-840,source2,0.9999421714703879
B000140,L000140-634,source3,0.9954159948860369
B000141,R000141-665,source2,0.9999770500185827
B000142,R000142-369,source2,0.9999770500185827
B000142,R000142-497,source2,0.9999770500185827
B000142,L000142-748,source3,0.9998024000250136
B000142,L000142-385,source3,0.9950257765225584
B000143,R000143-853,source2,0.999958729328519
B000143,L000143-865,source3,0.5991897405255568
B000144,R000144-824,source2,0.9999766225137005
B000144,R000144-241,source2,0.9999648310624161
B000144,R000144-352,source2,0.9999412212703331
B000144,L000144-351,source3,0.9997130047639661
B000145,R000145-751,source2,0.9998416564523719
B000145,L000145-210,source3,0.9997729170736442
B000145,L000145-674,source3,0.9994236595466001
B000146,R000146-791,source2,0.9952623039361348
B000146,L000146-875,source3,0.9999748657984968
B000147,R000147-329,source2,0.9999113842340681
B000148,R000148-709,source2,0.9999025651177307
B000148,L000148-684,source3,0.9999585703578097
B000148,L000148-821,source3,0.999706246649708
B000148,L000148-770,source3,0.9963261420878455
B000149,R000149-332,source2,0.9986826193548483
B000149,L000149-209,source3,0.9954159948860369
B000149,L000149-815,source3,0.9954159948860369
B000150,R000150-304,source2,0.9999421714703879
B000150,L000150-442,source3,0.9995844828374838
B000151,R000151-286,source2,0.9531328305224714
B000152,R000152-777,source2,0.9999421714703879
B000152,L000152-525,source3,0.9992187193091625
B000153,R000153-398,source2,0.9999553513038395
B000153,L000153-405,source3,0.9999585703578097
B000154,R000154-902,source2,0.9999770500185827
B000156,R000156-325,source2,0.9999770500185827
B000156,R001238-488,source2,0.9999113842340681
B000156,L000156-245,source3,0.9993053008258515
B000157,R000157-101,source2,0.9999421714703879
B000158,L000158-200,source3,0.999956971324535
B000159,R000159-759,source2,0.9999770500185827
B000160,R000160-942,source2,0.9999770500185827
B000161,R000161-593,source2,0.9999585703578097
B000161,R000161-254,source2,0.9999412212703331
B000161,L000161-569,source3,0.9999493005557634
B000161,L000161-167,source3,0.9984041974313307
B000162,R000162-978,source2,0.9999770500185827
B000162,L000162-785,source3,0.9999585703578097
B000162,L000162-353,source3,0.9999585703578097
B000163,R000163-433,source2,0.9999412212703331
B000163,L000163-321,source3,0.9999463915839759
B000163,L000163-250,source3,0.9952507261837277
B000164,R000164-733,source2,0.9999487972414767
B000164,R001246-293,source2,0.9814555567391018
B000164,L000164-404,source3,0.9999569230414498
B000165,R000165-436,source2,0.999975885958041
B000165,R000165-768,source2,0.9999113842340681
B000165,L000165-678,source3,0.9999475706406721
B000166,R000166-936,source2,0.9999585703578097
B000166,L000166-238,source3,0.9999412212703331
B000167,R000167-112,source2,0.9999770500185827
B000167,L000167-454,source3,0.9963261420878455
B000167,L000167-465,source3,0.9735731114204481
B000168,R000168-730,source2,0.9999648310624161
B000169,R000169-396,source2,0.999963631044271
B000169,R000399-265,source2,0.9342484785425919
B000169,L000169-213,source3,0.9997374724169139
B000170,R000170-900,source2,0.9999412212703331
B000170,L000170-509,source3,0.9999585703578097
B000170,L000170-509-U,source3,0.6148070689801073
B000171,R000171-897,source2,0.9999770500185827
B000171,R000171-897-D,source2,0.9976414131456729
B000172,L000172-844,source3,0.9999585703578097
B000172,L000172-471,source3,0.9999493005557634
B000172,L001281-832,source3,0.5900501238720509
B000173,L000173-285,source3,0.9954159948860369
B000174,R000174-681,source2,0.9995708153898497
B000174,L000174-207,source3,0.9976270795704715
B000174,L000174-791,source3,0.9976270795704715
B000175,R000175-495,source2,0.9999421714703879
B000175,L000175-120,source3,0.9999493005557634
B000176,R000176-200,source2,0.9999099282041276
B000177,R000177-530,source2,0.9999770500185827
B000177,R000430-132,source2,0.2246814011160854
B000178,L000178-391,source3,0.9999493005557634
B000179,R000179-789,source2,0.999921803969718
B000179,R001277-610,source2,0.9999072150955443
B000179,L000179-212,source3,0.9999585703578097
B000179,L000179-437,source3,0.9901437120237798
B000179,L000179-212-U,source3,0.7788244781937254
B000179,L001277-685,source3,0.5897182805794323
B000180,R000180-111,source2,0.9994849135454686
B000180,R000180-583,source2,0.9899601929156538
B000180,L000180-979,source3,0.99816229165363
B000181,L000181-926,source3,0.9954159948860369
B000182,R000182-288,source2,0.9999412212703331
B000182,R001276-910,source2,0.9998875586163456
B000182,R001276-803,source2,0.9998875586163456
B000182,L001208-311,source3,0.8701039234918578
B000182,L001276-704,source3,0.6126856536337609
B000183,R000183-602,source2,0.9999770500185827
B000183,R000183-644,source2,0.9999412212703331
B000183,L000183-761,source3,0.9999585703578097
B000183,L000183-850,source3,0.9998392628888869
B000184,R000184-488,source2,0.9999412212703331
B000185,R000185-423,source2,0.9999113842340681
B000185,L000185-938,source3,0.999947090356164
B000185,L001274-816,source3,0.8660333133717265
B000186,R000186-919,source2,0.9999770500185827
B000186,L000186-166,source3,0.999956971324535
B000187,R000187-176,source2,0.9999025651177307
B000187,R000187-450,source2,0.46438871419980127
B000187,R001242-947,source2,0.28441215158301847
B000187,L000187-292,source3,0.9998970954018849
B000187,L001242-610,source3,0.5900501238720509
B000188,L000188-635,source3,0.9999561698165833
B000189,R000189-969,source2,0.9999770500185827
B000189,R000189-140,source2,0.9998891082761493
B000189,L000189-578,source3,0.9999585703578097
B000190,R000190-302,source2,0.9999770500185827
B000190,R001269-828,source2,0.9998875586163456
B000190,L000190-141,source3,0.9999585703578097
B000190,L001269-778,source3,0.5900501238720509
B000191,R000191-716,source2,0.9999113842340681
B000191,R000191-367,source2,0.9999018074545931
B000191,L000191-701,source3,0.9997975133617261
B000191,L000191-368,source3,0.9952507261837277
B000192,R000192-150,source2,0.9999412212703331
B000192,L000192-580,source3,0.998055216875019
B000192,L000192-365,source3,0.9942488926870758
B000193,R001285-175,source2,0.9999113842340681
B000193,R001285-113,source2,0.9999113842340681
B000193,R001285-408,source2,0.9981697315986481
B000193,L000193-403,source3,0.999891103887664
B000194,R000194-515,source2,0.9999770500185827
B000194,R000194-766,source2,0.9999421714703879
B000195,R000195-401,source2,0.9999770500185827
B000195,R000195-296,source2,0.9999770500185827
B000195,L000195-107,source3,0.9999493005557634
B000196,R000196-744,source2,0.9999412212703331
B000196,R000196-148,source2,0.9940483441090477
B000196,L000196-265,source3,0.9954159948860369
B000196,L000196-126,source3,0.9728398950722081
B000198,R000198-536,source2,0.9948984599218961
B000199,R000199-903,source2,0.9999770500185827
B000199,L000199-705,source3,0.9999585703578097
B000200,R000200-672,source2,0.9993583707768345
B000200,L000200-386,source3,0.9998496960350456
B000201,R000201-824,source2,0.9999025651177307
B000201,L000201-658,source3,0.999843150210401
B000202,R000202-142,source2,0.9993593966590923
B000203,R000203-602,source2,0.9999770500185827
B000203,R000203-417,source2,0.9999421714703879
B000203,L000203-704,source3,0.9999585703578097
B000204,R000204-173,source2,0.9999770500185827
B000204,R000204-318,source2,0.9998594573907635
B000204,L000204-675,source3,0.9999240712730928
B000205,R000205-559,source2,0.9999770500185827
B000205,R000205-687,source2,0.9999648310624161
B000205,L000205-484,source3,0.9999585703578097
B000206,R000206-465,source2,0.9999421714703879
B000207,R000207-910,source2,0.9999421714703879
B000207,R000207-103,source2,0.9999093815962569
B000208,R000208-639,source2,0.9999421714703879
B000208,R000208-588,source2,0.9999412212703331
B000210,R000210-406,source2,0.9999421714703879
B000210,L000210-705,source3,0.9999585703578097
B000210,L000210-705-U,source3,0.6148070689801073
B000211,R000211-498,source2,0.9999770500185827
B000211,R000211-706,source2,0.9999648310624161
B000211,L000211-985,source3,0.9999409783575479
B000212,R000212-424,source2,0.9945339609112158
B000213,R000213-267,source2,0.9999412212703331
B000213,L000213-143,source3,0.9952507261837277
B000214,R000214-606,source2,0.9999770500185827
B000214,R000214-238,source2,0.9999421714703879
B000214,L000214-700,source3,0.9999444138868329
B000215,R000215-255,source2,0.9999770500185827
B000216,L000216-923,source3,0.9972646634570292
B000216,L000216-170,source3,0.9903904980409719
B000217,R000217-540,source2,0.9999412212703331
B000217,L000217-179,source3,0.9782566232372963
B000217,L001022-885-U,source3,0.1866214028797264
B000218,R000218-880,source2,0.9999770500185827
B000218,L000218-659,source3,0.99964521039292
B000218,L000218-279,source3,0.9995532539146458
B000219,R000219-321,source2,0.9999421714703879
B000219,L000219-949,source3,0.998055216875019
B000220,R000220-700,source2,0.9999412212703331
B000220,L000220-590,source3,0.9998277652112563
B000220,L000220-630,source3,0.9943900490678022
B000221,R000221-617,source2,0.9999770500185827
B000221,R000221-503,source2,0.9999421714703879
B000221,L000221-124,source3,0.9999445606130445
B000221,L000221-242,source3,0.9954159948860369
B000222,R000222-714,source2,0.999975885958041
B000222,L000222-706,source3,0.9998262282221155
B000223,R000223-894,source2,0.9998880229500866
B000223,L000223-439,source3,0.9997962399841098
B000224,R000224-387,source2,0.9999770500185827
B000224,R000224-618,source2,0.9999770500185827
B000224,L000224-154,source3,0.9999445606130445
B000225,R000225-228,source2,0.9999421714703879
B000225,L000225-360,source3,0.9999481675553318
B000225,L000225-946,source3,0.9919918697061413
B000226,R000226-197,source2,0.9999770500185827
B000227,R000227-444,source2,0.9999113842340681
B000227,L000227-371,source3,0.9999487972414767
B000227,L000227-915,source3,0.9997975133617261
B000227,L000227-626,source3,0.9716968968443487
B000228,R000228-728,source2,0.9999770500185827
B000228,R000228-704,source2,0.9999421714703879
B000228,L000228-530,source3,0.9999585703578097
B000228,L000228-150,source3,0.9997729170736442
B000228,L000228-530-U,source3,0.8164682427522042
B000229,R000229-604,source2,0.9999770500185827
B000229,R000229-127,source2,0.9999770500185827
B000229,R000229-653,source2,0.9999766225137005
B000229,L000229-263,source3,0.996360947295818
B000229,L000229-327,source3,0.9387256718390729
B000231,R000231-311,source2,0.9998241196740487
B000231,L000231-750,source3,0.9999412212703331
B000232,R000232-733,source2,0.999795221701145
B000232,R000232-760,source2,0.9541103326832426
B000232,L000232-733,source3,0.9999493005557634
B000233,L000233-229,source3,0.9952507261837277
B000234,R000234-254,source2,0.9999770500185827
B000234,R000234-531,source2,0.9999421714703879
B000234,L000234-680,source3,0.9999431939392719
B000234,L000234-342,source3,0.9536060602271715
B000235,R000235-928,source2,0.9999099282041276
B000235,R001266-840,source2,0.9999099282041276
B000235,L000235-734,source3,0.9943900490678022
B000236,R000236-440,source2,0.9999585703578097
B000236,R000236-127,source2,0.9999585703578097
B000237,R000237-795,source2,0.994184077950589
B000237,L000237-415,source3,0.9999585703578097
B000238,R000238-640,source2,0.9999421714703879
B000238,L000238-737,source3,0.9999052739596384
B000239,R000239-676,source2,0.9999421714703879
B000239,R000239-707,source2,0.9997697812988825
B000239,L001280-433,source3,0.7881932270613005
B000239,L001280-647,source3,0.6593151423823969
B000239,L001280-604,source3,0.5323308246910629
B000240,R000240-975,source2,0.9998564490306474
B000240,L000240-131,source3,0.9999444138868329
B000240,L000240-363,source3,0.9999136746733355
B000240,L000240-879,source3,0.9997292729734838
B000240,L000240-363-U,source3,0.8864019043097423
B000241,R000241-554,source2,0.9999113842340681
B000241,R001259-214,source2,0.9999113842340681
B000241,L001259-380,source3,0.6123600957926169
B000242,R000242-861,source2,0.9999421714703879
B000242,R000242-342,source2,0.9945339609112158
B000242,L000242-238,source3,0.9999585703578097
B000242,L000242-275,source3,0.9999288087791044
B000242,L000242-282,source3,0.9940548732471338
B000243,R000243-118,source2,0.9999770500185827
B000243,R000243-512,source2,0.9997501021991522
B000243,L000243-577,source3,0.9997692869801602
B000243,L000243-577-U,source3,0.8710330332941251
B000244,R000244-823,source2,0.9998201124615722
B000244,L000244-723,source3,0.9999431424462795
B000245,R000245-413,source2,0.9999770500185827
B000245,L000245-633,source3,0.9868004269874533
B000246,R000246-331,source2,0.999655168029212
B000246,L000246-716,source3,0.9616050499422742
B000247,L000247-343,source3,0.9999445606130445
B000249,R000249-969,source2,0.9999412212703331
B000249,L000249-301,source3,0.9954159948860369
B000249,L000249-686,source3,0.9901437120237798
B000250,R000250-580,source2,0.9999762669200863
B000250,L000250-116,source3,0.9998142445950261
B000251,R000251-686,source2,0.9999770500185827
B000251,R000251-906,source2,0.9995708153898497
B000251,L000251-250,source3,0.9886038564971344
B000252,R000252-646,source2,0.9999762669200863
B000252,L000252-445,source3,0.9993823559004743
B000253,R000253-988,source2,0.9995708153898497
B000253,L000253-935,source3,0.9954159948860369
B000254,R000254-992,source2,0.9999770500185827
B000254,L000254-531,source3,0.9999445606130445
B000254,L000254-581,source3,0.9999193255512019
B000255,R000255-686,source2,0.9999421714703879
B000255,R000255-868,source2,0.9999025651177307
B000255,L000255-312,source3,0.9999240712730928
B000256,L000256-118,source3,0.9999444138868329
B000257,R000257-139,source2,0.9999421714703879
B000257,L000257-927,source3,0.9999585703578097
B000257,L000257-519,source3,0.9999445606130445
B000258,R000258-402,source2,0.9999585703578097
B000258,L000258-911,source3,0.999933778683014
B000258,L000258-702,source3,0.9954902661909916
B000259,R000259-510,source2,0.9999770500185827
B000260,R000260-617,source2,0.999974652475012
B000260,L000260-637,source3,0.9999585703578097
B000260,L000260-637-U,source3,0.29646503951774406
B000261,R000261-270,source2,0.9999770500185827
B000261,R000261-148,source2,0.9999120180820402
B000262,R000262-568,source2,0.9999421714703879
B000262,L000262-102,source3,0.9999493005557634
B000262,L000262-284,source3,0.9952507261837277
B000263,R000263-895,source2,0.9999762669200863
B000264,R000264-437,source2,0.9999770500185827
B000264,R000264-256,source2,0.9999421714703879
B000264,L000264-247,source3,0.9995129905982917
B000264,L000264-326,source3,0.9932890356741895
B000265,R000265-763,source2,0.9999770500185827
B000265,R000265-633,source2,0.9999770500185827
B000265,R000265-260,source2,0.9997983798018403
B000265,L000265-848,source3,0.9999444138868329
B000265,L000265-325,source3,0.9999240712730928
B000266,L000266-173,source3,0.9999229910249054
B000266,L000266-173-U,source3,0.9428733142500821
B000267,R000267-182,source2,0.9999134403315796
B000267,R000267-278,source2,0.9998463458358734
B000267,L000267-787,source3,0.9999585703578097
B000268,L000268-577,source3,0.9999493005557634
B000268,L000268-581,source3,0.9999379644802011
B000268,L000268-210,source3,0.9998449341052291
B000269,R000269-931,source2,0.9999770500185827
B000269,R001232-917,source2,0.999881361860891
B000271,R000271-585,source2,0.9999770500185827
B000271,L000271-243,source3,0.9999585703578097
B000272,R000272-116,source2,0.9999421714703879
B000272,L000272-364,source3,0.9999240712730928
B000272,L000272-364-U,source3,0.8164682427522042
B000272,L000289-896,source3,0.3576432001793705
B000273,R000273-571,source2,0.9994273604567565
B000274,L000274-882,source3,0.9999585703578097
B000275,L000275-431,source3,0.9993346921641866
B000275,L000275-727,source3,0.9993346446263128
B000276,R000276-599,source2,0.9999412212703331
B000276,L000276-924,source3,0.999714525761026
B000276,L000276-924-U,source3,0.13730214070374275
B000277,R000277-998,source2,0.9999449609515283
B000277,L000277-376,source3,0.9999487972414767
B000278,L000278-655,source3,0.9997184268704661
B000279,L000279-913,source3,0.9999445606130445
B000279,L000279-563,source3,0.9954159948860369
B000280,R000280-478,source2,0.9999770500185827
B000280,R000280-984,source2,0.9999770500185827
B000280,R000280-549,source2,0.9948984599218961
B000280,R000280-478-D,source2,0.993891910400312
B000281,R000281-202,source2,0.9999412212703331
B000281,L000281-630,source3,0.999956971324535
B000282,R000282-852,source2,0.9999099282041276
B000282,L000282-541,source3,0.9996209167019318
B000282,L000282-541-U,source3,0.44358584797298223
B000283,L000283-994,source3,0.9954159948860369
B000284,R000284-850,source2,0.9999421714703879
B000284,R000284-967,source2,0.9980999666800886
B000284,L000284-623,source3,0.9999585703578097
B000285,R000285-402,source2,0.9956336360045712
B000285,L000285-725,source3,0.9999444138868329
B000285,L000285-934,source3,0.9999291601079513
B000285,L000285-944,source3,0.9976270795704715
B000286,R000286-129,source2,0.9999648310624161
B000286,R000286-838,source2,0.9998368453522378
B000287,R000287-618,source2,0.9998953520018901
B000287,L000287-431,source3,0.7153554265722866
B000288,R000288-996,source2,0.9999770500185827
B000288,L000288-760,source3,0.9999209636856072
B000288,L000288-459,source3,0.9997843026994838
B000288,L000288-479,source3,0.8705036432832532
B000288,L000288-760-U,source3,0.8123845858213703
B000289,R000289-605,source2,0.9999113842340681
B000289,L000289-896,source3,0.9999444138868329
B000289,L000289-964,source3,0.999890273134886
B000290,R000290-787,source2,0.9999770500185827
B000290,R000290-177,source2,0.9999648310624161
B000290,L000290-414,source3,0.9999493005557634
B000290,L000290-952,source3,0.999822959906463
B000291,R000291-922,source2,0.9999770500185827
B000291,R000291-358,source2,0.9999770500185827
B000292,L000292-532,source3,0.9999010917812817
B000293,L000293-312,source3,0.9993017741376911
B000294,R000294-468,source2,0.9999421714703879
B000294,L000294-781,source3,0.9999585703578097
B000295,R000295-841,source2,0.9999770500185827
B000295,R000295-142,source2,0.9999421714703879
B000295,L000295-802,source3,0.9999444138868329
B000296,L000296-155,source3,0.9832724888682493
B000297,R000297-136,source2,0.9999412212703331
B000297,R000297-649,source2,0.9999099282041276
B000297,L000297-782,source3,0.9999229910249054
B000298,R000298-324,source2,0.9999770500185827
B000298,R000298-844,source2,0.9995708153898497
B000298,L000298-719,source3,0.9999585703578097
B000299,L000299-237,source3,0.9999750939591684
B000299,L000299-618,source3,0.9999648310624161
B000300,R000300-273,source2,0.9995708153898497
B000301,R000301-385,source2,0.9999585703578097
B000301,L000301-451,source3,0.9999367382099315
B000302,R000302-721,source2,0.9999421714703879
B000303,R000303-566,source2,0.9999770500185827
B000303,L000303-561,source3,0.9999585703578097
B000304,R000304-667,source2,0.9999412212703331
B000304,R000304-743,source2,0.9998851198517242
B000305,R000305-242,source2,0.9999770500185827
B000306,R000306-162,source2,0.9999412212703331
B000306,R000306-688,source2,0.9999412212703331
B000306,L000306-370,source3,0.9999367382099315
B000306,L000306-292,source3,0.9959942267515149
B000307,L000307-386,source3,0.9952507261837277
B000308,R000308-266,source2,0.9999412212703331
B000308,R000308-532,source2,0.9999412212703331
B000309,R000309-136,source2,0.9999770500185827
B000309,L000309-196,source3,0.9999585703578097
B000309,L000309-862,source3,0.9999367382099315
B000309,L000309-555,source3,0.27555493847749024
B000310,R000310-506,source2,0.9999770500185827
B000310,L000310-581,source3,0.9999445606130445
B000310,L000310-568,source3,0.9999229910249054
B000310,L000310-568-U,source3,0.6211859035086623
B000311,L000311-476,source3,0.9999362361566246
B000311,L000311-740,source3,0.9568496444833126
B000313,R000313-994,source2,0.9999770500185827
B000313,R000313-233,source2,0.9999421714703879
B000313,L000313-229,source3,0.9999561698165833
B000314,R000314-783,source2,0.9999758248282496
B000315,R000315-177,source2,0.9999421714703879
B000315,L000315-825,source3,0.9915789174955211
B000316,R000316-291,source2,0.9999421714703879
B000316,R000316-404,source2,0.9999398413432898
B000316,R001284-599,source2,0.99513277795345
B000316,L000316-844,source3,0.999932348605309
B000316,L000316-382,source3,0.9997939914197237
B000316,L000316-785,source3,0.975240576022083
B000317,R000317-291,source2,0.9999412212703331
B000317,L000317-162,source3,0.9943900490678022
B000318,R000318-504,source2,0.9999412212703331
B000319,R000319-369,source2,0.9999648310624161
B000319,L000319-273,source3,0.9984460152321442
B000320,R000320-720,source2,0.9999412212703331
B000320,R000320-832,source2,0.9997149565097136
B000320,L000320-180,source3,0.9999585703578097
B000320,L000320-810,source3,0.9952507261837277
B000321,R000321-772,source2,0.9999770500185827
B000321,R001240-198,source2,0.9999113842340681
B000321,R001240-955,source2,0.9999113842340681
B000321,R001240-870,source2,0.9999113842340681
B000321,L000321-161,source3,0.9999585703578097
B000321,L000321-984,source3,0.9999493005557634
B000322,R000322-346,source2,0.9999766225137005
B000322,R000322-307,source2,0.9999099282041276
B000323,R000323-504,source2,0.9999585703578097
B000323,L000323-181,source3,0.9998897602169108
B000324,R000324-284,source2,0.9999585703578097
B000324,L000324-976,source3,0.9999240712730928
B000325,R000325-615,source2,0.9999398413432898
B000325,L000325-854,source3,0.9999137278989005
B000326,R000326-703,source2,0.9999412212703331
B000326,L000326-153,source3,0.9999536410156428
B000327,R000327-940,source2,0.9999770500185827
B000327,L000327-885,source3,0.9999229910249054
B000327,L000327-700,source3,0.2871954225499983
B000328,L000328-852,source3,0.999956971324535
B000328,L000328-395,source3,0.9997772363750833
B000328,L000328-852-U,source3,0.6148070689801073
B000329,L000329-262,source3,0.9954159948860369
B000330,R000330-116,source2,0.9999770500185827
B000330,R000330-549,source2,0.9999770500185827
B000330,L000330-906,source3,0.9999445606130445
B000331,R000331-866,source2,0.9999648310624161
B000331,L000331-149,source3,0.9996191035695212
B000332,R000332-504,source2,0.9999770500185827
B000332,R000332-264,source2,0.9999770500185827
B000332,R000332-211,source2,0.9999421714703879
B000332,L000332-832,source3,0.9999585703578097
B000333,R000333-142,source2,0.41419227359856386
B000334,R000334-563,source2,0.9999421714703879
B000334,R001255-824,source2,0.974237203957405
B000334,R001255-658,source2,0.974237203957405
B000334,L000334-295,source3,0.9954159948860369
B000335,R000335-842,source2,0.9999770500185827
B000335,R000335-523,source2,0.999975855743505
B000335,R001250-735,source2,0.999881361860891
B000335,R001250-159,source2,0.9998599655181525
B000335,R000335-368,source2,0.9998392099282355
B000335,R001250-325,source2,0.9994273604567565
B000335,L000335-942,source3,0.9999585703578097
B000335,L001250-715,source3,0.6126856536337609
B000336,R000336-468,source2,0.999958729328519
B000336,R000336-180,source2,0.9999585703578097
B000336,R000336-199,source2,0.999956414476883
B000336,R001218-761,source2,0.9998926108918811
B000336,R000336-199-D,source2,0.9843186027140836
B000336,L000336-368,source3,0.9713093723886245
B000337,R000337-909,source2,0.9998865212928044
B000337,L000337-806,source3,0.9998376744657677
B000337,L000337-471,source3,0.9884866495441351
B000338,R000338-103,source2,0.9999770500185827
B000338,L000338-110,source3,0.9996281901802424
B000339,R000339-747,source2,0.9999120180820402
B000339,R000339-572,source2,0.9998416564523719
B000339,L000339-149,source3,0.9999445606130445
B000339,L000339-867,source3,0.9948733561275379
B000340,R000340-215,source2,0.9999585703578097
B000340,R001204-533,source2,0.999881361860891
B000340,R001204-432,source2,0.999881361860891
B000340,L000340-464,source3,0.9907306877616326
B000340,L001204-902,source3,0.8417717079795687
B000341,R000341-694,source2,0.9999770500185827
B000341,R000341-186,source2,0.9999648310624161
B000342,R000342-894,source2,0.9999770500185827
B000342,R000342-259,source2,0.9999770500185827
B000342,R000342-865,source2,0.9999770500185827
B000343,R000343-794,source2,0.9999412212703331
B000343,R000343-986,source2,0.9999412212703331
B000344,R000344-254,source2,0.9999421714703879
B000344,L000344-828,source3,0.9999493005557634
B000344,L000344-564,source3,0.9998277652112563
B000345,L000345-339,source3,0.9999585703578097
B000345,L000345-339-U,source3,0.7056413663382002
B000346,L000346-561,source3,0.9998520450813214
B000347,R000347-775,source2,0.9999421714703879
B000347,R000347-251,source2,0.9991289255716095
B000347,L000347-128,source3,0.9999585703578097
B000347,L000347-511,source3,0.9994687728370292
B000347,L000347-411,source3,0.230422335459555
B000348,L000348-682,source3,0.9999493005557634
B000349,R000349-754,source2,0.9999421714703879
B000349,L000349-209,source3,0.9999445606130445
B000349,L000349-470,source3,0.9999303649116987
B000349,L000349-741,source3,0.9954159948860369
B000350,R000350-613,source2,0.9943900490678022
B000350,L000350-847,source3,0.9954159948860369
B000351,R000351-786,source2,0.9999770500185827
B000352,R000352-687,source2,0.9999421714703879
B000352,L000352-130,source3,0.9999585703578097
B000352,L000352-250,source3,0.9999390059614406
B000352,L000352-130-U,source3,0.4755985068554135
B000352,L000352-267,source3,0.14332038872502498
B000353,R000353-987,source2,0.9999113842340681
B000354,R000354-299,source2,0.9999770500185827
B000354,R000354-161,source2,0.9999761642158975
B000355,R000355-382,source2,0.9999770500185827
B000355,R000355-978,source2,0.9999421714703879
B000355,R000355-616,source2,0.9998869768686837
B000355,L000355-689,source3,0.9999445606130445
B000355,L000355-487,source3,0.999884866525359
B000356,R000356-511,source2,0.9999770500185827
B000356,L000356-367,source3,0.9999585703578097
B000356,L000356-340,source3,0.9999493005557634
B000357,R000357-501,source2,0.9999099282041276
B000357,L000357-351,source3,0.9949622149375347
B000359,R000359-650,source2,0.9999027987920454
B000359,L000359-639,source3,0.9999585703578097
B000359,L000359-776,source3,0.9997729170736442
B000360,R000360-923,source2,0.9999421714703879
B000360,R001201-646,source2,0.9999113842340681
B000360,R000360-946,source2,0.9998316784062443
B000360,L000360-129,source3,0.9999585703578097
B000360,L000360-999,source3,0.9999585703578097
B000360,L000360-311,source3,0.9990012800962242
B000360,L000360-999-U,source3,0.9257268611229305
B000360,L001201-954,source3,0.6123600957926169
B000361,R000361-877,source2,0.9999770500185827
B000361,R001279-885,source2,0.9999113842340681
B000361,L000361-684,source3,0.9988234345757242
B000362,R000362-754,source2,0.9999762669200863
B000362,R000362-716,source2,0.9999421714703879
B000362,L000362-644,source3,0.9990775847058927
B000363,R000363-331,source2,0.9999770500185827
B000363,L000363-324,source3,0.9999445606130445
B000364,R000364-213,source2,0.9999770500185827
B000364,R000364-888,source2,0.9950293947158937
B000365,R000365-197,source2,0.9999770500185827
B000365,L000365-433,source3,0.9999445606130445
B000366,R000366-641,source2,0.9999770500185827
B000366,R000366-772,source2,0.9999766225137005
B000366,L000366-873,source3,0.9999360746025507
B000366,L000366-873-U,source3,0.1926032171255541
B000367,L000367-187,source3,0.9999585703578097
B000367,L000367-187-U,source3,0.9258482410603516
B000368,R000368-238,source2,0.9999770500185827
B000368,R000368-646,source2,0.9999199775407125
B000368,L000368-560,source3,0.9999445606130445
B000369,R000369-288,source2,0.9999766225137005
B000370,L000370-477,source3,0.9999413145184066
B000370,L000370-477-U,source3,0.19750710261861332
B000371,R000371-195,source2,0.9999770500185827
B000371,R000371-329,source2,0.9999770500185827
B000371,L000371-433,source3,0.9954159948860369
B000372,R000372-786,source2,0.999910051990442
B000373,R000373-603,source2,0.9999770500185827
B000373,L000373-593,source3,0.9999348112199574
B000374,R000374-772,source2,0.9999770500185827
B000374,R000374-847,source2,0.999242992069562
B000374,L000374-980,source3,0.9995930688192759
B000375,R000375-727,source2,0.9999412212703331
B000375,L000375-750,source3,0.9943900490678022
B000376,R000376-109,source2,0.9999421714703879
B000376,L000376-251,source3,0.9999585703578097
B000376,L000376-381,source3,0.9994757930719821
B000377,R000377-384,source2,0.9999766225137005
B000377,R000377-541,source2,0.9999421714703879
B000377,L000377-724,source3,0.999932348605309
B000378,R000378-486,source2,0.9999108464614432
B000378,L000378-595,source3,0.9999445606130445
B000379,R000379-586,source2,0.9999585703578097
B000379,L000379-481,source3,0.9999770500185827
B000380,R000380-488,source2,0.9999766225137005
B000380,R000380-774,source2,0.9999648310624161
B000380,R000380-665,source2,0.974237203957405
B000380,L000380-939,source3,0.9999585703578097
B000381,R000381-248,source2,0.9999585703578097
B000381,R001235-891,source2,0.9999113842340681
B000381,R001235-529,source2,0.3481430334607529
B000381,L000381-962,source3,0.9999445606130445
B000381,L001235-729,source3,0.9788703813778867
B000382,R000382-794,source2,0.9999770500185827
B000382,R000382-884,source2,0.9999770500185827
B000383,R000383-477,source2,0.9999648310624161
B000383,L000383-744,source3,0.999956971324535
B000383,L000383-589,source3,0.9954159948860369
B000384,R000384-876,source2,0.9999766225137005
B000384,R000384-284,source2,0.9999412212703331
B000384,L000384-938,source3,0.9999445606130445
B000385,R000385-542,source2,0.9999412212703331
B000385,R001293-964,source2,0.9998875586163456
B000385,R001293-716,source2,0.9991785902661605
B000385,L000385-260,source3,0.9908241374854925
B000385,L001293-804,source3,0.9208539420711204
B000385,L001293-878,source3,0.8486393053017686
B000386,R000386-857,source2,0.9999770500185827
B000386,L000386-417,source3,0.9998376744657677
B000387,R000387-548,source2,0.9998869768686837
B000387,L000387-691,source3,0.999556662241409
B000387,L000387-921,source3,0.9468800349270028
B000387,L000387-130,source3,0.9468800349270028
B000388,R000388-327,source2,0.999975885958041
B000389,R000389-173,source2,0.999975855743505
B000389,L000389-542,source3,0.9999585703578097
B000390,R000390-130,source2,0.9999412212703331
B000390,R000390-585,source2,0.9999412212703331
B000390,R001215-502,source2,0.27724653395352916
B000390,L000390-194,source3,0.9954159948860369
B000391,L000391-586,source3,0.9999445606130445
B000392,R000392-208,source2,0.9991338644963021
B000392,L000392-525,source3,0.15128243921481205
B000393,L000393-281,source3,0.9969075854096962
B000393,L000393-742,source3,0.4341248850719488
B000394,R000394-343,source2,0.9999770500185827
B000394,L000394-365,source3,0.9999585703578097
B000394,L000394-365-U,source3,0.7637727413942768
B000395,R000395-829,source2,0.9999412212703331
B000396,R000396-841,source2,0.9999770500185827
B000396,R000396-948,source2,0.9999766225137005
B000396,L000396-789,source3,0.9999585703578097
B000396,L000396-568,source3,0.9937195896833249
B000397,R000397-702,source2,0.9999770500185827
B000397,L000397-460,source3,0.9999585703578097
B000399,R000399-265,source2,0.999975885958041
B000399,R000169-396,source2,0.9609924064644483
B000399,L000399-142,source3,0.9999475706406721
B000399,L000399-487,source3,0.9963261420878455
B000399,L000399-785,source3,0.7160134842322748
B000400,R000400-503,source2,0.9999648310624161
B000400,L000400-702,source3,0.9999360746025507
B000401,L000401-317,source3,0.9999585703578097
B000402,R000402-427,source2,0.9948467757276495
B000402,L000402-242,source3,0.9996975847850297
B000404,R000404-398,source2,0.9999630472593628
B000404,L000404-931,source3,0.9997975133617261
B000405,R000405-351,source2,0.9999770500185827
B000405,L000405-385,source3,0.977450253198338
B000407,R000407-581,source2,0.9950293947158937
B000407,R000407-643,source2,0.9950293947158937
B000407,L000407-909,source3,0.9999770500185827
B000407,L000407-743,source3,0.9999648310624161
B000408,R000408-927,source2,0.9999770500185827
B000408,R000408-454,source2,0.9999770500185827
B000408,R000408-447,source2,0.9999421714703879
B000408,L000408-658,source3,0.999956971324535
B000409,R000409-818,source2,0.9999648310624161
B000409,L000409-824,source3,0.9908528714203747
B000409,L000409-824-U,source3,0.28072587179103714
B000410,R000410-662,source2,0.9999412212703331
B000410,R000410-728,source2,0.8625312644088211
B000410,L000410-538,source3,0.9929635842585169
B000411,R000411-305,source2,0.9999754367699456
B000411,R000411-256,source2,0.9999421714703879
B000411,L000411-578,source3,0.9994135572257118
B000412,R000412-249,source2,0.999974652475012
B000412,L000412-311,source3,0.8123329317347369
B000414,R000414-570,source2,0.9999770500185827
B000414,L000414-291,source3,0.999655168029212
B000415,R000415-781,source2,0.9999750318950119
B000415,R000415-223,source2,0.9999421714703879
B000415,L000415-861,source3,0.2886804123791541
B000416,R000416-325,source2,0.9995708153898497
B000416,L000416-137,source3,0.9958844695439283
B000417,R000417-895,source2,0.9999457105752211
B000417,L000417-287,source3,0.9999445606130445
B000417,L000417-304,source3,0.9783230618003971
B000418,R000418-290,source2,0.9999770500185827
B000418,L000418-251,source3,0.8948457989884313
B000419,R001270-530,source2,0.43800568710160365
B000419,L000419-404,source3,0.9948733561275379
B000420,R000420-391,source2,0.9952507261837277
B000420,L000420-486,source3,0.9999099282041276
B000421,R000421-704,source2,0.9999421714703879
B000421,R000421-150,source2,0.9998742125009833
B000421,L000421-210,source3,0.9993927013264371
B000422,R000422-590,source2,0.999975885958041
B000422,R000422-815,source2,0.9999744887021329
B000422,R001288-886,source2,0.9999113842340681
B000422,L000422-334,source3,0.9999487972414767
B000422,L001288-164,source3,0.2597643624956662
B000423,R000423-533,source2,0.9998416564523719
B000424,L000424-882,source3,0.4307735890665177
B000425,R000425-325,source2,0.9999770500185827
B000425,R000425-475,source2,0.9999421714703879
B000426,R000426-508,source2,0.9999412212703331
B000426,R000426-115,source2,0.9997983798018403
B000426,L000426-162,source3,0.9998277652112563
B000426,L000426-107,source3,0.9943900490678022
B000427,L000427-436,source3,0.9946886278745908
B000428,R000428-126,source2,0.9998416564523719
B000428,L000428-797,source3,0.9999493005557634
B000429,R000429-546,source2,0.9999648310624161
B000430,R000430-602,source2,0.9999648310624161
B000430,R000430-132,source2,0.9999488914559905
B000430,R000430-179,source2,0.9998861831187223
B000430,R000177-530,source2,0.1501271518833817
B000431,R000431-863,source2,0.9999770500185827
B000431,R000431-837,source2,0.9999770500185827
B000431,R000431-405,source2,0.9999631570177149
B000431,L000431-114,source3,0.9999422684968908
B000431,L000431-974,source3,0.9996718544837404
B000432,L000432-259,source3,0.9820490604896813
B000433,R000433-165,source2,0.9999412212703331
B000433,L000433-356,source3,0.9998376744657677
B000433,L000433-193,source3,0.9998103481676408
B000433,L000433-615,source3,0.8722137887786847
B000434,R000434-764,source2,0.9999421714703879
B000435,R000435-617,source2,0.9999412212703331
B000435,L000435-219,source3,0.9999445606130445
B000435,L000435-189,source3,0.752936155059663
B000436,R000436-251,source2,0.8907614006570477
B000436,L000436-165,source3,0.999843150210401
B000437,R000437-887,source2,0.9999770500185827
B000437,R000437-608,source2,0.9999770500185827
B000437,L000437-599,source3,0.9999445606130445
B000438,R000438-809,source2,0.9999770500185827
B000438,L000438-442,source3,0.9999585703578097
B000438,L000438-217,source3,0.9998568940155277
B000439,R000439-323,source2,0.999975885958041
B000439,L000439-605,source3,0.9952514306523489
B000440,L000440-106,source3,0.9997604630601413
B000440,L000440-106-U,source3,0.8834040883731145
B000441,R000441-876,source2,0.9998969198217437
B000442,R000442-593,source2,0.9999033586215694
B000442,L000442-163,source3,0.9809738992855297
B000443,R000443-190,source2,0.9999421714703879
B000443,L000443-598,source3,0.9999585703578097
B000443,L000443-182,source3,0.9997526148904646
B000443,L000443-598-U,source3,0.8834708039893552
B000444,L000444-326,source3,0.9999585703578097
B000445,R000445-616,source2,0.9999421714703879
B000445,L000445-180,source3,0.9406606336528873
B000446,R000446-614,source2,0.9999770500185827
B000446,L000446-375,source3,0.9999445606130445
B000447,R000447-640,source2,0.9999648310624161
B000447,L000447-445,source3,0.9999445606130445
B000448,R000448-630,source2,0.9999585703578097
B000448,L000448-863,source3,0.9999750939591684
B000448,L000448-581,source3,0.9999444138868329
B000450,R000450-934,source2,0.9999770500185827
B000450,R000450-167,source2,0.9999421714703879
B000450,L000450-363,source3,0.9999585703578097
B000450,L000450-201,source3,0.9305547803936813
B000451,L000451-791,source3,0.9952507261837277
B000452,R000452-878,source2,0.37623123109743206
B000453,R000453-700,source2,0.9999770500185827
B000453,L000453-650,source3,0.9999585703578097
B000453,L000453-833,source3,0.9990536744748464
B000454,R000454-201,source2,0.9994273604567565
B000454,L000454-299,source3,0.9999536410156428
B000455,R000455-262,source2,0.9999421714703879
B000456,R000456-755,source2,0.9999408138495283
B000457,R000457-414,source2,0.9999412212703331
B000457,R001251-218,source2,0.9998794125981494
B000458,R000458-986,source2,0.9999770500185827
B000458,R000458-312,source2,0.9997149565097136
B000459,R001260-479,source2,0.9998875586163456
B000459,R001260-207,source2,0.9998875586163456
B000459,L001260-146,source3,0.8498198898129551
B000460,R000460-137,source2,0.9999770500185827
B000460,L000460-556,source3,0.951473107612891
B000461,R000461-997,source2,0.9999770500185827
B000461,R000461-779,source2,0.9999770500185827
B000461,R001028-927,source2,0.5950945971583151
B000461,L000461-261,source3,0.9999061640265684
B000461,L000461-863,source3,0.9943900490678022
B000462,R000462-148,source2,0.9999770500185827
B000462,L000462-674,source3,0.9999585703578097
B000463,R000463-238,source2,0.9999412212703331
B000464,R000464-866,source2,0.9999421714703879
B000464,R001291-114,source2,0.9998794125981494
B000464,L000464-454,source3,0.9999585703578097
B000464,L000464-259,source3,0.9999229910249054
B000464,L001291-793,source3,0.8222345552984479
B000464,L001291-771,source3,0.8080079542406454
B000464,L001291-635,source3,0.48322168196244925
B000465,R000465-946,source2,0.9999770500185827
B000465,R000465-257,source2,0.9999770500185827
B000465,L000465-195,source3,0.9999414475080227
B000465,L000465-686,source3,0.9937876117028422
B000466,R000466-729,source2,0.9988121300922387
B000466,R000466-820,source2,0.9988080374353004
B000466,L000466-106,source3,0.9963261420878455
B000466,L000466-106-U,source3,0.8247934722959026
B000467,R000467-507,source2,0.9999034624884633
B000467,R000467-956,source2,0.9999025651177307
B000467,L000467-389,source3,0.999843150210401
B000467,L000467-138,source3,0.9995158825532267
B000468,R000468-605,source2,0.9949622149375347
B000468,L000468-153,source3,0.9999762669200863
B000469,R000469-244,source2,0.9999421714703879
B000469,R000469-746,source2,0.9934610060385377
B000470,R000470-956,source2,0.9999412212703331
B000470,R001142-632,source2,0.6584073550218122
B000470,R001142-153,source2,0.6584073550218122
B000471,R000471-681,source2,0.9998416564523719
B000471,R000471-762,source2,0.9997056554950798
B000471,L000471-964,source3,0.999084054114323
B000473,R000473-565,source2,0.9999412212703331
B000474,L000474-134,source3,0.9999487972414767
B000475,R000475-640,source2,0.9999034624884633
B000475,L000475-468,source3,0.9999314073209458
B000475,L000475-410,source3,0.9956444349408938
B000475,L000475-779,source3,0.38040292805062986
B000476,R000476-101,source2,0.9999770500185827
B000476,L000476-627,source3,0.9999585703578097
B000476,L000476-886,source3,0.9999444138868329
B000477,R000477-506,source2,0.9999770500185827
B000477,R000477-976,source2,0.9999585703578097
B000477,R001253-225,source2,0.9998856661694785
B000477,L000477-514,source3,0.9882313796923542
B000477,L001253-517,source3,0.4653771322660529
B000478,R000478-762,source2,0.9999770500185827
B000478,L000478-269,source3,0.9999445606130445
B000479,R000479-861,source2,0.9999025651177307
B000479,L000479-234,source3,0.9999585703578097
B000479,L000479-322,source3,0.9954159948860369
B000480,L000480-327,source3,0.9999585703578097
B000481,R000481-715,source2,0.9999630472593628
B000483,R001225-815,source2,0.9999113842340681
B000483,R000483-109,source2,0.9991561382704928
B000483,L000483-726,source3,0.9997729170736442
B000483,L001225-425,source3,0.14209124807054135
B000484,R000484-721,source2,0.9999766225137005
B000486,L000486-245,source3,0.9949622149375347
B000487,R000487-280,source2,0.9999770500185827
B000487,R000487-898,source2,0.9999421714703879
B000487,L000487-513,source3,0.9987093280103496
B000487,L000487-160,source3,0.9949622149375347
B000488,R000488-102,source2,0.9999770500185827
B000488,L000488-345,source3,0.999933778683014
B000488,L000488-816,source3,0.9999240712730928
B000489,R000489-322,source2,0.9999412212703331
B000489,R000489-418,source2,0.9999412212703331
B000489,L000489-915,source3,0.9954159948860369
B000490,R000490-333,source2,0.9999412212703331
B000490,L000490-132,source3,0.9989991122818116
B000491,R000491-485,source2,0.9999770500185827
B000491,R000491-349,source2,0.9995708153898497
B000491,L000491-638,source3,0.9999445606130445
B000491,L000491-782,source3,0.9998925556127417
B000492,R000492-660,source2,0.994184077950589
B000492,L000492-494,source3,0.9954159948860369
B000493,R000493-740,source2,0.9999421714703879
B000493,L000493-781,source3,0.9999463915839759
B000493,L000493-126,source3,0.9963261420878455
B000493,L000493-278,source3,0.9952507261837277
B000494,R000494-545,source2,0.9999421714703879
B000494,R000494-846,source2,0.9999402864099809
B000495,R000495-502,source2,0.9999770500185827
B000495,L000495-190,source3,0.9999546970190691
B000496,R000496-386,source2,0.994184077950589
B000496,R001272-876,source2,0.9675170014473592
B000496,R001272-131,source2,0.5752401337958825
B000496,L000496-354,source3,0.9999251723943404
B000497,R000497-187,source2,0.9998416564523719
B000497,R000497-113,source2,0.9998369347389084
B000497,L000497-176,source3,0.999596080610936
B000498,R000498-706,source2,0.999975855743505
B000498,R000498-522,source2,0.9998392099282355
B000498,L000498-978,source3,0.9999229910249054
B000499,R000499-163,source2,0.9999770500185827
B000499,R000499-831,source2,0.9999421714703879
B000499,L000499-960,source3,0.9999585703578097
B000499,L000499-666,source3,0.9982032701279581
B000500,R000500-861,source2,0.9999770500185827
B000500,R000500-545,source2,0.9999770500185827
B000500,L000500-479,source3,0.9999240712730928
B000501,R000501-511,source2,0.9999770500185827
B000501,L000501-905,source3,0.9999585703578097
B000501,L000501-569,source3,0.9997159684908732
B000501,L000501-273,source3,0.9943900490678022
B000502,R000502-499,source2,0.9999770500185827
B000502,R000502-473,source2,0.9999648310624161
B000502,R000502-857,source2,0.9999412212703331
B000502,L000502-120,source3,0.9999422684968908
B000504,R000504-570,source2,0.9386940150785658
B000504,L000504-336,source3,0.9889962891201541
B000505,R000505-910,source2,0.9999412212703331
B000506,L000506-246,source3,0.9999585703578097
B000507,R000507-670,source2,0.9999648310624161
B000507,R000507-200,source2,0.9998416564523719
B000507,L000507-202,source3,0.9999493005557634
B000508,R000508-842,source2,0.9999648310624161
B000508,R001295-366,source2,0.9998794125981494
B000508,L001295-968,source3,0.8183030804322268
B000510,R000510-852,source2,0.999910051990442
B000510,R000510-928,source2,0.9999025651177307
B000510,L000510-212,source3,0.9999585703578097
B000511,R000511-536,source2,0.9999412212703331
B000512,R000512-172,source2,0.9765288898109454
B000512,L000512-740,source3,0.9999124291577657
B000513,R000513-121,source2,0.9997276180997583
B000513,R000513-625,source2,0.9995708153898497
B000513,L000513-958,source3,0.9952507261837277
B000514,R000514-825,source2,0.9999770500185827
B000514,R000514-189,source2,0.9999770500185827
B000514,L000514-563,source3,0.999956971324535
B000515,R000515-527,source2,0.9999421714703879
B000516,R000516-537,source2,0.9998889032053356
B000516,L000516-198,source3,0.9999770500185827
B000517,R000517-935,source2,0.9992303923301485
B000517,R001221-490,source2,0.15681764973235435
B000517,L001221-587,source3,0.8998587138024853
B000517,L000517-142,source3,0.12392019771296651
B000518,R000518-248,source2,0.9999648310624161
B000518,L000518-886,source3,0.9981370852026273
B000518,L000518-434,source3,0.9908241374854925
B000519,R000519-528,source2,0.9999115060195273
B000520,R000520-302,source2,0.9999770500185827
B000520,L000520-969,source3,0.9999585703578097
B000520,L000520-110,source3,0.9999240712730928
B000521,R000521-667,source2,0.9999766225137005
B000521,L000521-476,source3,0.9999445606130445
B000521,L000521-524,source3,0.9990705484844626
B000522,R000522-377,source2,0.9998416564523719
B000522,L000522-146,source3,0.9998496960350456
B000522,L000522-462,source3,0.9998496960350456
B000523,L000523-924,source3,0.9999585703578097
B000523,L000523-569,source3,0.9999585703578097
B000524,R000524-406,source2,0.9999770500185827
B000524,R000524-382,source2,0.9999754731629064
B000524,R000524-173,source2,0.9999585703578097
B000524,L000524-509,source3,0.9999493005557634
B000524,L000524-570,source3,0.9999240712730928
B000524,L000524-815,source3,0.9990227523573614
B000524,L000524-570-U,source3,0.8834708039893552
B000525,L000525-672,source3,0.9999445606130445
B000526,R000526-353,source2,0.999975855743505
B000526,R000526-527,source2,0.9541103326832426
B000526,L000526-615,source3,0.9981551176783673
B000527,L000527-469,source3,0.9999445606130445
B000527,L000527-542,source3,0.9997310766188652
B000528,R000528-240,source2,0.999975855743505
B000528,L000528-191,source3,0.9999445606130445
B000529,R000529-430,source2,0.9999770500185827
B000529,R000529-137,source2,0.9993702719273809
B000530,L000530-785,source3,0.9999097503654351
B000530,L000530-785-U,source3,0.1926032171255541
B000531,L000531-379,source3,0.9952507261837277
B000532,R000532-831,source2,0.9999770500185827
B000532,R000532-174,source2,0.9999421714703879
B000532,L000532-912,source3,0.9999585703578097
B000533,R000533-181,source2,0.9999421714703879
B000533,R000533-944,source2,0.9999199775407125
B000533,L000533-860,source3,0.9999445606130445
B000534,R000534-544,source2,0.9995708153898497
B000534,L000534-717,source3,0.9999445606130445
B000534,L000534-982,source3,0.9961683258555837
B000535,R000535-131,source2,0.9999770500185827
B000535,R000535-659,source2,0.9999648310624161
B000536,R000536-373,source2,0.9999770500185827
B000536,R000536-517,source2,0.9999770500185827
B000536,R000536-853,source2,0.9999488914559905
B000536,L000536-133,source3,0.9999303649116987
B000537,L000537-206,source3,0.9036332415269275
B000539,R000539-369,source2,0.9999421714703879
B000540,R000540-998,source2,0.9999421714703879
B000540,R000540-234,source2,0.9999412212703331
B000541,R000541-634,source2,0.9999412212703331
B000541,L000541-901,source3,0.9997212939793818
B000542,R000542-689,source2,0.9999488914559905
B000542,R001254-826,source2,0.9999113842340681
B000542,L000542-826,source3,0.9999493005557634
B000543,R000543-961,source2,0.999975885958041
B000543,R000543-848,source2,0.9998976234481485
B000543,R001217-419,source2,0.9998926108918811
B000543,R001217-233,source2,0.9998926108918811
B000543,R001217-233-D,source2,0.9946914805623273
B000543,L000543-257,source3,0.9999458304511467
B000543,L000543-314,source3,0.9999426689757006
B000543,L000543-966,source3,0.9999426689757006
B000544,R000544-241,source2,0.9999770500185827
B000544,L000544-114,source3,0.9999413145184066
B000545,R000545-566,source2,0.9999421714703879
B000545,L000545-434,source3,0.9999585703578097
B000545,L000545-600,source3,0.9999431424462795
B000546,R000546-839,source2,0.9999766225137005
B000546,R000546-788,source2,0.999975855743505
B000546,L000546-325,source3,0.998715953099822
B000546,L000546-917,source3,0.9965405801039953
B000546,L000546-917-U,source3,0.9275634707279492
B000547,R000547-558,source2,0.999910051990442
B000548,R000548-992,source2,0.9996820928009504
B000548,L000548-936,source3,0.9996975847850297
B000549,R000549-763,source2,0.9999412212703331
B000550,R000550-829,source2,0.9999025651177307
B000551,L000551-542,source3,0.9999240712730928
B000552,R000552-379,source2,0.9999770500185827
B000552,R000552-822,source2,0.9999421714703879
B000552,L000552-761,source3,0.9992822967276319
B000553,R000553-152,source2,0.9951374744132426
B000553,R000553-771,source2,0.9951374744132426
B000553,L000553-554,source3,0.9400115564069109
B000554,R000554-142,source2,0.9999412212703331
B000554,R000554-255,source2,0.9999099282041276
B000554,L000554-507,source3,0.9954159948860369
B000554,L000554-196,source3,0.9952507261837277
B000555,R000555-704,source2,0.9999770500185827
B000555,R000555-731,source2,0.9999770500185827
B000555,R000555-678,source2,0.9999648310624161
B000555,R000555-678-D,source2,0.9980643797476985
B000555,L000555-686,source3,0.9999585703578097
B000555,L000555-131,source3,0.9999585703578097
B000556,R000556-452,source2,0.9976270795704715
B000556,L000556-192,source3,0.9999445606130445
B000558,R000558-954,source2,0.9999770500185827
B000558,R000558-830,source2,0.9999412212703331
B000559,R001239-209,source2,0.9999113842340681
B000559,R001239-993,source2,0.9999113842340681
B000560,R000560-221,source2,0.9950293947158937
B000560,L000560-140,source3,0.9999493005557634
B000561,R000561-366,source2,0.9999476185919981
B000561,L000561-228,source3,0.9999196129353828
B000562,L000562-870,source3,0.9952507261837277
B000564,R000564-206,source2,0.9999770500185827
B000564,R000564-643,source2,0.9999770500185827
B000564,R000564-633,source2,0.9999648310624161
B000564,L001216-672,source3,0.763924429403594
B000565,R000565-141,source2,0.9999412212703331
B000566,R000566-847,source2,0.9999421714703879
B000567,R000567-526,source2,0.9999034624884633
B000567,L000567-669,source3,0.9924276161995915
B000569,R000569-729,source2,0.9942590944877258
B000570,R000570-731,source2,0.9999770500185827
B000570,R000570-774,source2,0.9999457105752211
B000571,R000571-455,source2,0.999963631044271
B000571,L000571-841,source3,0.9809738992855297
B000572,L000572-504,source3,0.9974057386526871
B000572,L001257-618,source3,0.8361046633915793
B000573,R000573-625,source2,0.9999770500185827
B000573,R000573-280,source2,0.9999770500185827
B000573,R000573-837,source2,0.9999421714703879
B000573,L000573-679,source3,0.9999493005557634
B000573,L000573-563,source3,0.9999493005557634
B000574,R000574-289,source2,0.9999754367699456
B000574,L000574-609,source3,0.9999487972414767
B000575,R000575-916,source2,0.9998416564523719
B000575,L000575-386,source3,0.9965967909929152
B000576,R000576-207,source2,0.9999770500185827
B000576,L000576-791,source3,0.9999585703578097
B000576,L000576-791-U,source3,0.8164682427522042
B000577,R000577-446,source2,0.9999505807948406
B000577,R000577-348,source2,0.9996189251598512
B000577,R000577-784,source2,0.9952623039361348
B000577,L000577-580,source3,0.999932348605309
B000577,L000577-616,source3,0.5143813535237436
B000578,R000578-973,source2,0.9999770500185827
B000579,R000579-391,source2,0.8341388700534771
B000579,L000579-644,source3,0.9999445606130445
B000579,L000579-704,source3,0.9999444138868329
B000579,L000579-662,source3,0.9904874225884311
B000580,R000580-231,source2,0.9999585703578097
B000580,R000580-947,source2,0.9999585703578097
B000580,L000580-159,source3,0.9999412212703331
B000580,L000580-835,source3,0.9997576356918084
B000581,R000581-929,source2,0.999963631044271
B000581,R000581-805,source2,0.999910051990442
B000581,L000581-407,source3,0.9952507261837277
B000582,R000582-182,source2,0.9999412212703331
B000582,R000582-149,source2,0.9999412212703331
B000582,L000582-845,source3,0.9999445606130445
B000583,L000583-801,source3,0.9999585703578097
B000583,L000583-378,source3,0.9996309639788762
B000583,L000583-801-U,source3,0.17283143500996634
B000584,R000529-430,source2,0.9405755684935851
B000584,L000584-417,source3,0.9999585703578097
B000584,L000584-846,source3,0.9998697924876861
B000585,R000585-901,source2,0.9998115588919745
B000585,L000585-704,source3,0.9999367382099315
B000585,L000585-830,source3,0.9908021895593421
B000586,R000586-290,source2,0.9999770500185827
B000586,L000586-418,source3,0.999749202955779
B000586,L000586-744,source3,0.1631527909332792
B000587,R000587-332,source2,0.9999412212703331
B000587,L000587-902,source3,0.9999298504079428
B000588,L000588-736,source3,0.9999348112199574
B000589,R000589-118,source2,0.9999757202109678
B000589,L000589-122,source3,0.9999493005557634
B000590,L000590-331,source3,0.9999493005557634
B000591,R000591-757,source2,0.9999421714703879
B000591,R000591-574,source2,0.9999113842340681
B000592,R000592-439,source2,0.9936004388124227
B000592,L000592-400,source3,0.9999412212703331
B000592,L000592-489,source3,0.9999099282041276
B000593,R000593-673,source2,0.9999770500185827
B000593,R000593-576,source2,0.9999770500185827
B000593,R000593-520,source2,0.9997320932677289
B000593,L000593-891,source3,0.9997310766188652
B000594,R000594-401,source2,0.9979914659577008
B000594,L000594-587,source3,0.9818856774795767
B000595,R000595-782,source2,0.9999770500185827
B000595,L000595-591,source3,0.9993346446263128
B000596,R000596-922,source2,0.999975885958041
B000596,R000596-286,source2,0.9999113842340681
B000596,R000596-575,source2,0.9987874233101977
B000597,R000597-733,source2,0.9998988047049496
B000597,L000597-791,source3,0.9998987250381652
B000598,R000598-962,source2,0.9999770500185827
B000598,L000598-745,source3,0.9997729170736442
B000598,L000598-538,source3,0.9995254435987666
B000598,L000598-956,source3,0.9954159948860369
B000599,R000599-851,source2,0.9999770500185827
B000599,L000599-844,source3,0.9954159948860369
B000600,R000600-708,source2,0.9999770500185827
B000600,R000600-997,source2,0.9999770500185827
B000600,R000600-283,source2,0.9999648310624161
B000600,L000600-258,source3,0.9999493005557634
B000601,R000601-369,source2,0.9999770500185827
B000601,L000601-211,source3,0.9999585703578097
B000601,L000601-516,source3,0.9929635842585169
B000601,L000601-826,source3,0.5991926424710405
B000602,R000602-390,source2,0.2829747181601898
B000602,L000602-573,source3,0.9999585703578097
B000602,L000602-624,source3,0.9999445606130445
B000603,R000603-677,source2,0.9995708153898497
B000604,R000604-604,source2,0.9999770500185827
B000604,L000604-284,source3,0.9999585703578097
B000605,R000605-373,source2,0.9999770500185827
B000605,L000605-600,source3,0.9999445606130445
B000606,R000606-545,source2,0.9998976234481485
B000607,R000607-215,source2,0.9999421714703879
B000608,L001237-382,source3,0.6593151423823969
B000609,R000609-819,source2,0.9999770500185827
B000609,L000609-598,source3,0.9780156985095448
B000610,R000610-849,source2,0.9999770500185827
B000610,R000610-611,source2,0.9999412212703331
B000610,L000610-505,source3,0.9994923739074606
B000612,L000612-377,source3,0.9995421049082608
B000612,L000612-377-U,source3,0.8123845858213703
B000612,L000612-624,source3,0.4688818375320528
B000613,R000613-704,source2,0.9999412212703331
B000614,R000614-604,source2,0.9993062902206918
B000614,L000614-268,source3,0.9999585703578097
B000615,R000615-944,source2,0.9999770500185827
B000615,R000615-410,source2,0.999975855743505
B000615,R000615-133,source2,0.9989100566795902
B000615,L000615-186,source3,0.9735731114204481
B000616,L000616-366,source3,0.976472888713549
B000617,R000617-559,source2,0.9995708153898497
B000617,L000617-471,source3,0.9896339958645664
B000618,R000618-492,source2,0.9999770500185827
B000618,L000618-130,source3,0.9999229910249054
B000619,R001283-201,source2,0.9998486867100068
B000619,R000619-794,source2,0.9996328722599678
B000619,R000619-450,source2,0.9945339609112158
B000619,L000619-943,source3,0.9999585703578097
B000619,L001283-139,source3,0.8727612654384533
B000619,L001283-851,source3,0.8417717079795687
B000620,R000620-632,source2,0.9999770500185827
B000621,R000621-302,source2,0.9999770500185827
B000621,L000621-608,source3,0.9999041336089881
B000621,L000621-177,source3,0.9820490604896813
B000622,R000622-245,source2,0.9999648310624161
B000622,R000622-877,source2,0.9999421714703879
B000622,L000622-115,source3,0.9999493005557634
B000624,L000624-836,source3,0.988411624953338
B000625,R000625-959,source2,0.9999421714703879
B000625,L000625-737,source3,0.9999240712730928
B000626,R000626-434,source2,0.9924276161995915
B000626,L000626-779,source3,0.9999412212703331
B000626,L000234-680,source3,0.3798682980967684
B000627,R000627-318,source2,0.9955337063925497
B000628,R000628-142,source2,0.9943900490678022
B000629,R000629-834,source2,0.9999770500185827
B000629,R000629-927,source2,0.9999421714703879
B000629,R000629-679,source2,0.9999412212703331
B000630,R000630-181,source2,0.9765288898109454
B000630,L000630-781,source3,0.9999583443854375
B000630,L000630-781-U,source3,0.9942376736559765
B000631,R000631-127,source2,0.9999770500185827
B000631,R000631-296,source2,0.9999412212703331
B000631,L000631-898,source3,0.9999585703578097
B000632,R000632-368,source2,0.9987743228849274
B000632,L000632-278,source3,0.9991956734121873
B000633,R000633-890,source2,0.9999421714703879
B000633,L000633-408,source3,0.9999585703578097
B000633,L000633-423,source3,0.9998766780814357
B000633,L000633-516,source3,0.9948432039321452
B000634,R000634-770,source2,0.9999421714703879
B000634,L000634-814,source3,0.9999329626983136
B000635,R000635-125,source2,0.9999770500185827
B000635,R000635-925,source2,0.9999662120116461
B000635,R000635-984,source2,0.9999412212703331
B000635,L000635-164,source3,0.9999585703578097
B000636,R000636-352,source2,0.9999770500185827
B000636,L000636-836,source3,0.9999348112199574
B000636,L000636-766,source3,0.9934347743066082
B000637,R000637-371,source2,0.9999770500185827
B000637,L000637-954,source3,0.9999298504079428
B000637,L000637-135,source3,0.9997310766188652
B000638,R000638-445,source2,0.9999770500185827
B000638,R000638-941,source2,0.9999770500185827
B000638,R000638-817,source2,0.9991240400048786
B000638,L000638-544,source3,0.9999585703578097
B000639,R000639-134,source2,0.9995708153898497
B000640,L000640-171,source3,0.999932348605309
B000641,R000641-438,source2,0.9999766225137005
B000641,L001267-917,source3,0.6863971668953154
B000642,R000642-190,source2,0.9999398413432898
B000642,L000642-798,source3,0.9948432039321452
B000643,L000700-530,source3,0.4497437847270126
B000644,R000644-791,source2,0.9999770500185827
B000644,L000644-574,source3,0.9999431424462795
B000644,L000644-664,source3,0.9954159948860369
B000645,L000645-435,source3,0.9987033713832181
B000646,R000646-580,source2,0.9998416564523719
B000646,L000646-205,source3,0.9999445606130445
B000646,L000646-198,source3,0.9426528002059041
B000647,R000647-415,source2,0.9999648310624161
B000647,R000647-944,source2,0.9999408138495283
B000647,L000647-737,source3,0.9999585703578097
B000647,L000647-126,source3,0.999932348605309
B000647,L000647-737-U,source3,0.5770356810067403
B000648,R000648-932,source2,0.9993732756228084
B000649,R000649-233,source2,0.9997074284528932
B000649,L000649-268,source3,0.9819292437742767
B000649,L000649-102,source3,0.9783230618003971
B000650,L000650-205,source3,0.99536065659265
B000650,L000650-483,source3,0.9870168606440666
B000651,R000651-647,source2,0.9997983798018403
B000651,L000651-623,source3,0.9735731114204481
B000652,L000652-264,source3,0.9999585703578097
B000653,R000653-237,source2,0.9999421714703879
B000653,R000653-482,source2,0.9999412212703331
B000653,L000653-794,source3,0.9997729170736442
B000654,R000654-510,source2,0.9999421714703879
B000654,L000654-155,source3,0.9943900490678022
B000655,L000655-322,source3,0.9999585703578097
B000655,L000655-600,source3,0.9999585703578097
B000656,R000656-557,source2,0.9999770500185827
B000656,L000656-990,source3,0.1448053292563276
B000657,R000657-942,source2,0.9999770500185827
B000657,L000657-592,source3,0.9996872899759643
B000658,R000658-663,source2,0.9999770500185827
B000658,R000658-308,source2,0.9999770500185827
B000659,R000659-579,source2,0.9999421714703879
B000659,L000659-853,source3,0.9999585703578097
B000659,L000659-222,source3,0.9999445606130445
B000660,R000660-844,source2,0.9999487972414767
B000660,R000660-546,source2,0.995091521484992
B000660,L000660-823,source3,0.999964652723839
B000661,R000661-416,source2,0.9999770500185827
B000661,L000661-132,source3,0.9929635842585169
B000662,R000662-902,source2,0.9999648310624161
B000662,L000662-591,source3,0.9999585703578097
B000662,L001258-375,source3,0.5635581307822145
B000663,L000663-187,source3,0.9997186040159424
B000664,R000664-957,source2,0.9999421714703879
B000664,R001265-836,source2,0.999881361860891
B000664,L000664-694,source3,0.9992084253027566
B000664,L000664-154,source3,0.9959005404857268
B000664,L001265-119,source3,0.9109504117528164
B000665,R000665-932,source2,0.9999762669200863
B000665,R000665-964,source2,0.9999421714703879
B000665,L000665-692,source3,0.9999487972414767
B000665,L000665-237,source3,0.9999061606998575
B000665,L000665-127,source3,0.9952507261837277
B000666,R000666-623,source2,0.9999585703578097
B000666,L000666-113,source3,0.9999750939591684
B000667,R000667-733,source2,0.9999770500185827
B000667,L000667-208,source3,0.9999493005557634
B000667,L000667-179,source3,0.9999493005557634
B000667,L000667-857,source3,0.9928778132161921
B000668,L000668-727,source3,0.9996524651379576
B000668,L000668-595,source3,0.9996367820910196
B000668,L000668-127,source3,0.9980119901890503
B000668,L000668-595-U,source3,0.16401204512178721
B000670,R000670-556,source2,0.9999421714703879
B000670,L000670-549,source3,0.9999061606998575
B000670,L000670-223,source3,0.9998254467898746
B000671,R000671-750,source2,0.9995708153898497
B000672,R000672-885,source2,0.9999758248282496
B000672,L000672-607,source3,0.9902534780358819
B000673,R000673-142,source2,0.9999770500185827
B000674,R000674-506,source2,0.9999421714703879
B000674,R000674-841,source2,0.99941224139499
B000674,L000674-457,source3,0.9996324374111362
B000674,L000674-435,source3,0.9994403929130147
B000675,R000675-567,source2,0.9999761642158975
B000675,R000675-235,source2,0.9999648310624161
B000675,L000675-602,source3,0.9999585703578097
B000677,R000677-606,source2,0.9999770500185827
B000677,L000677-167,source3,0.9952507261837277
B000677,L000677-617,source3,0.991916812804031
B000677,L000677-806,source3,0.9736678700521311
B000678,R000678-848,source2,0.9999412212703331
B000678,L000678-369,source3,0.9878234770318087
B000679,R000679-810,source2,0.9999770500185827
B000679,R000679-318,source2,0.9999421714703879
B000680,R000680-598,source2,0.9999421714703879
B000680,L000680-476,source3,0.9999585703578097
B000680,L000680-618,source3,0.9913797621042173
B000681,R000681-613,source2,0.9999648310624161
B000681,R000681-121,source2,0.9998304610032022
B000681,L000681-451,source3,0.9999585703578097
B000681,L000681-495,source3,0.9999413145184066
B000682,R000682-321,source2,0.9999766225137005
B000682,L000682-437,source3,0.9293015379262151
B000682,L001227-234,source3,0.6126856536337609
B000683,R000683-718,source2,0.9999648310624161
B000684,L000684-176,source3,0.9997729170736442
B000686,R000686-155,source2,0.9999770500185827
B000686,R000686-884,source2,0.9999421714703879
B000686,R000686-349,source2,0.9999412212703331
B000686,L000686-342,source3,0.9999445606130445
B000686,L000686-937,source3,0.998025392439336
B000687,R000687-703,source2,0.9999412212703331
B000687,L000687-312,source3,0.9999585703578097
B000688,R000688-316,source2,0.9999421714703879
B000688,R000688-793,source2,0.9998491553553901
B000688,L000688-640,source3,0.9999585703578097
B000688,L000688-779,source3,0.9999493005557634
B000689,R000689-424,source2,0.9999770500185827
B000689,R000689-506,source2,0.9999421714703879
B000689,R001222-799,source2,0.9999113842340681
B000689,L000689-170,source3,0.9999444138868329
B000689,L000689-768,source3,0.9998905896560746
B000690,R000690-159,source2,0.9999113842340681
B000690,R000690-930,source2,0.9998865628356854
B000690,L000690-454,source3,0.9976495890982368
B000691,L000691-344,source3,0.9999585703578097
B000691,L000691-545,source3,0.9952507261837277
B000692,R000692-887,source2,0.999975885958041
B000692,R000692-324,source2,0.9992051404304133
B000692,L000692-748,source3,0.9999475706406721
B000692,L000692-250,source3,0.9999425172433581
B000692,L000692-304,source3,0.9952507261837277
B000693,R000693-199,source2,0.9999412212703331
B000693,R000693-192,source2,0.9991561382704928
B000693,L000693-173,source3,0.9954159948860369
B000694,R000694-786,source2,0.9999770500185827
B000694,R000694-757,source2,0.9999113842340681
B000694,L000694-711,source3,0.9573825279021128
B000695,R000695-844,source2,0.9999412212703331
B000695,L000695-669,source3,0.9999585703578097
B000695,L000695-669-U,source3,0.19750710261861332
B000696,R000696-242,source2,0.9999412212703331
B000696,R000696-909,source2,0.9999412212703331
B000696,L000696-281,source3,0.9926875332031657
B000696,L000696-934,source3,0.9908021895593421
B000697,R000697-721,source2,0.9999421714703879
B000697,L000697-657,source3,0.9937162327296347
B000698,R000698-370,source2,0.9999770500185827
B000698,L000698-765,source3,0.9038300615476149
B000699,R000699-936,source2,0.9999770500185827
B000699,R000699-936-D,source2,0.3433008230913931
B000699,L000699-381,source3,0.9999546970190691
B000700,R000700-692,source2,0.9999421714703879
B000700,L000700-530,source3,0.9999104905244387
B000700,L000700-262,source3,0.9971374200897085
B000701,L000701-262,source3,0.9999240712730928
B000702,R000702-559,source2,0.9999421714703879
B000702,L000702-799,source3,0.9999445606130445
B000702,L000702-472,source3,0.9949622149375347
B000702,L000702-481,source3,0.9928109151562088
B000703,R000703-368,source2,0.9999412212703331
B000703,L000703-916,source3,0.9917613067936141
B000703,L000703-469,source3,0.1868971800144785
B000704,R000704-560,source2,0.9998992407040381
B000704,R000704-951,source2,0.8954921952154953
B000704,L000704-130,source3,0.9998107394682475
B000704,L000704-749,source3,0.999736291965019
B000704,L000704-130-U,source3,0.19750710261861332
B000705,R000705-161,source2,0.9999099282041276
B000705,R000705-620,source2,0.14848912713746087
B000706,R000706-466,source2,0.9999113842340681
B000706,L000706-265,source3,0.9996534056348508
B000707,R000707-678,source2,0.9999770500185827
B000707,R000707-320,source2,0.9999770500185827
B000707,L000707-573,source3,0.9999409783575479
B000707,L000707-234,source3,0.9997692869801602
B000708,R001294-399,source2,0.9999113842340681
B000708,R001294-598,source2,0.9999113842340681
B000708,L000708-950,source3,0.9999580342028827
B000709,R000709-426,source2,0.999975855743505
B000709,L000709-328,source3,0.9954159948860369
B000710,R000710-420,source2,0.999956971324535
B000710,L000710-287,source3,0.9999585703578097
B000711,L000711-424,source3,0.9999770500185827
B000711,L001236-322,source3,0.9988859845185991
B000711,L000711-424-U,source3,0.910149713370439
B000712,R000712-259,source2,0.9999099282041276
B000712,L000712-888,source3,0.9993380955479915
B000714,R000714-999,source2,0.9999770500185827
B000714,R000714-510,source2,0.999975855743505
B000714,L000714-755,source3,0.9999329626983136
B000715,R000715-374,source2,0.9999421714703879
B000715,L000715-297,source3,0.9999463915839759
B000715,L000715-398,source3,0.999887725846398
B000716,L000716-365,source3,0.9997310766188652
B000717,R000717-573,source2,0.9992428248853529
B000717,L000717-266,source3,0.9998142445950261
B000718,L000718-740,source3,0.9999444138868329
B000719,L000719-216,source3,0.998930827821131
B000720,R000720-923,source2,0.9999421714703879
B000720,L000720-844,source3,0.9999585703578097
B000721,R000721-288,source2,0.9999770500185827
B000721,L000721-855,source3,0.9943900490678022
B000722,R000722-490,source2,0.9999648310624161
B000722,L000722-768,source3,0.9999229910249054
B000722,L000722-673,source3,0.9993410135488789
B000723,R000723-475,source2,0.9999770500185827
B000723,L000723-863,source3,0.9999298504079428
B000723,L000723-418,source3,0.9783230618003971
B000724,R000724-163,source2,0.9999421714703879
B000724,R001264-358,source2,0.9999113842340681
B000724,L000724-301,source3,0.9999585703578097
B000724,L001264-475,source3,0.8126333661800595
B000724,L001264-638,source3,0.8126333661800595
B000725,R000725-566,source2,0.9999408138495283
B000725,L000725-849,source3,0.9999240712730928
B000726,R000726-312,source2,0.9999421714703879
B000726,R000726-864,source2,0.9999120180820402
B000726,L000726-183,source3,0.9998041934712003
B000727,R000727-776,source2,0.9999770500185827
B000727,R000727-108,source2,0.999856727639235
B000727,R000727-760,source2,0.9995708153898497
B000727,L000727-904,source3,0.9985075392702784
B000728,R000728-845,source2,0.9997854583581796
B000728,R000728-133,source2,0.979073536378592
B000728,R000728-845-D,source2,0.2560627579155469
B000728,L000728-839,source3,0.9952507261837277
B000729,R000729-914,source2,0.9999766225137005
B000729,L000729-678,source3,0.9999445606130445
B000731,L000731-854,source3,0.9999067827015898
B000731,L001099-663-U,source3,0.13091882118300363
B000732,R000732-662,source2,0.9999770500185827
B000732,R000732-331,source2,0.9999770500185827
B000732,L000732-805,source3,0.9998041934712003
B000733,R000733-485,source2,0.9999770500185827
B000733,L000733-540,source3,0.5460336848541388
B000733,L000733-511,source3,0.39438807270038123
B000734,R000734-741,source2,0.9999421714703879
B000734,R000734-849,source2,0.9999421714703879
B000735,R000735-532,source2,0.9999770500185827
B000735,R000735-670,source2,0.9999770500185827
B000735,R000735-901,source2,0.9999421714703879
B000735,L000735-584,source3,0.9999585703578097
B000735,L000735-471,source3,0.9783230618003971
B000736,R000736-698,source2,0.9999770500185827
B000736,R000736-617,source2,0.9999421714703879
B000736,L000736-878,source3,0.9999445606130445
B000736,L000736-683,source3,0.9954159948860369
B000737,R000737-125,source2,0.9999648310624161
B000737,R000737-392,source2,0.9999421714703879
B000737,R000737-715,source2,0.9999115060195273
B000738,R000738-405,source2,0.9999404385139438
B000739,R000739-441,source2,0.9999770500185827
B000739,R000739-340,source2,0.9999412212703331
B000739,L000739-634,source3,0.9999585703578097
B000739,L000739-781,source3,0.9999445606130445
B000740,L000740-228,source3,0.9999445606130445
B000740,L000740-521,source3,0.9954159948860369
B000741,R000741-730,source2,0.9999412212703331
B000741,L000741-578,source3,0.7901690575408916
B000741,L000741-455,source3,0.5394691032459884
B000742,R000742-499,source2,0.9999758248282496
B000742,R000742-471,source2,0.9999753508928165
B000742,L000742-371,source3,0.9998262282221155
B000742,L000742-713,source3,0.9960331595651346
B000743,R000743-880,source2,0.9999421714703879
B000743,L000743-186,source3,0.9999585703578097
B000743,L000743-611,source3,0.8489579717355813
B000744,R000744-428,source2,0.9999770500185827
B000744,L000744-824,source3,0.9999445606130445
B000746,R000746-188,source2,0.9999553747485787
B000746,L000746-908,source3,0.9999112283769049
B000747,R000747-623,source2,0.9999770500185827
B000747,R000747-673,source2,0.9999770500185827
B000747,L000747-383,source3,0.9998882491126974
B000747,L000747-783,source3,0.9997536883524084
B000748,R000748-233,source2,0.9999412212703331
B000748,L000748-451,source3,0.9782566232372963
B000749,R000749-373,source2,0.9999770500185827
B000749,L000749-563,source3,0.9954159948860369
B000750,R000750-855,source2,0.9999199775407125
B000750,R000750-815,source2,0.9998322070813673
B000750,L000750-114,source3,0.9998714225156883
B000751,R000751-426,source2,0.9999408791628991
B000751,L000751-163,source3,0.9999475706406721
B000752,L000752-182,source3,0.9954159948860369
B000752,L000752-615,source3,0.9954159948860369
B000752,L000752-887,source3,0.9920354243351521
B000755,R000755-115,source2,0.9999770500185827
B000755,R001247-719,source2,0.9998875586163456
B000755,L000755-385,source3,0.9932728222119146
B000755,L001247-909,source3,0.9224781949565494
B000756,R000756-281,source2,0.9999421714703879
B000756,L000756-278,source3,0.9999449609515283
B000757,R000757-228,source2,0.9999412212703331
B000757,R000757-635,source2,0.9999398413432898
B000758,L000758-245,source3,0.9999445606130445
B000758,L000758-857,source3,0.9952507261837277
B000759,R000759-190,source2,0.322159423574159
B000759,L000759-612,source3,0.1448053292563276
B000760,R000760-665,source2,0.9999421714703879
B000760,R000760-103,source2,0.9765288898109454
B000760,L000760-483,source3,0.9999585703578097
B000760,L000760-907,source3,0.9999291601079513
B000760,L000760-483-U,source3,0.6148070689801073
B000761,R000761-563,source2,0.9999770500185827
B000761,L000761-310,source3,0.9999585703578097
B000761,L000761-163,source3,0.9954159948860369
B000762,R001213-209,source2,0.9978779486901759
B000762,L000762-222,source3,0.997669648617754
B000763,R000763-393,source2,0.9999770500185827
B000763,L000763-479,source3,0.9999585703578097
B000763,L000763-864,source3,0.5539996224871848
B000763,L000763-280,source3,0.43521348069951216
B000764,R000764-618,source2,0.9995708153898497
B000764,L000764-121,source3,0.9999585703578097
B000764,L000764-681,source3,0.9999164878001559
B000765,L000765-339,source3,0.9954159948860369
B000766,R000766-864,source2,0.9994273604567565
B000767,R000767-954,source2,0.9999113842340681
B000767,L000767-600,source3,0.9976270795704715
B000767,L000767-584,source3,0.19442474382039535
B000768,R000768-864,source2,0.9992428248853529
B000768,L000768-137,source3,0.9999462410787563
B000769,R000769-257,source2,0.9999762669200863
B000769,R000769-513,source2,0.999963631044271
B000770,R000770-721,source2,0.9999770500185827
B000771,R000771-394,source2,0.9999412212703331
B000771,L000412-311-U,source3,0.11921436729976878
B000772,R000772-425,source2,0.9999421714703879
B000772,R000772-137,source2,0.9999113842340681
B000773,R000773-960,source2,0.9998992407040381
B000773,L000773-161,source3,0.9999487972414767
B000774,R000774-656,source2,0.9999457105752211
B000774,R000774-242,source2,0.9999421714703879
B000775,R000775-234,source2,0.9999412212703331
B000775,L000775-572,source3,0.999932348605309
B000775,L000775-903,source3,0.9963261420878455
B000775,L000775-639,source3,0.9783230618003971
B000776,R000776-545,source2,0.9942009705763076
B000776,L000776-523,source3,0.9976270795704715
B000777,R000777-255,source2,0.9999113842340681
B000777,L001207-761,source3,0.8220339719840324
B000778,R000778-711,source2,0.11810611088150245
B000779,R000779-174,source2,0.9999770500185827
B000779,L000779-277,source3,0.9999303649116987
B000780,R000780-521,source2,0.9999421714703879
B000780,L000780-421,source3,0.9999375990056968
B000781,R000781-215,source2,0.9999412212703331
B000781,R000781-251,source2,0.9999412212703331
B000781,R001263-834,source2,0.9999099282041276
B000781,L000781-834,source3,0.994184077950589
B000782,R000782-142,source2,0.9999421714703879
B000782,R001243-813,source2,0.9999421714703879
B000782,R000782-683,source2,0.9999398413432898
B000782,R001243-462,source2,0.9999113842340681
B000782,R001243-132,source2,0.9999113842340681
B000782,L000782-220,source3,0.9997310766188652
B000783,R000783-657,source2,0.9999113842340681
B000784,R000784-914,source2,0.9999648310624161
B000784,R000784-371,source2,0.9031112621728891
B000784,L000784-893,source3,0.9999585703578097
B000785,R000785-157,source2,0.9999099282041276
B000785,R000785-806,source2,0.9999099282041276
B000786,R000786-267,source2,0.9999770500185827
B000786,R000786-634,source2,0.9999421714703879
B000786,L000786-663,source3,0.9998108017153817
B000787,R000787-871,source2,0.9999770500185827
B000788,R000788-731,source2,0.9992552212351631
B000788,R000788-444,source2,0.9988866090948154
B000788,R000788-415,source2,0.9919676030267355
B000788,L000788-557,source3,0.9999452195233901
B000788,L000788-602,source3,0.9989539905337362
B000789,R000789-802,source2,0.9999770500185827
B000789,R000789-259,source2,0.9999412212703331
B000789,L000789-141,source3,0.9999585703578097
B000789,L000789-310,source3,0.9954159948860369
B000790,R000790-647,source2,0.9999770500185827
B000791,R000791-423,source2,0.9947110559866266
B000791,L000791-446,source3,0.9923477352104874
B000792,R000792-350,source2,0.9999770500185827
B000792,L000792-400,source3,0.999953366956174
B000793,R000793-627,source2,0.9997501021991522
B000793,L000793-551,source3,0.9999585703578097
B000793,L000793-848,source3,0.9999298504079428
B000794,R000794-378,source2,0.9999770500185827
B000794,R000794-271,source2,0.9999770500185827
B000794,R000794-941,source2,0.9999770500185827
B000794,L000794-562,source3,0.9999445606130445
B000794,L000794-818,source3,0.9996279895867678
B000795,R000795-797,source2,0.9999421714703879
B000795,L000795-283,source3,0.9999444138868329
B000795,L000795-283-U,source3,0.7509627988138796
B000796,R000796-246,source2,0.9948984599218961
B000796,R000796-130,source2,0.9942057680927197
B000796,L000796-357,source3,0.9999412212703331
B000797,R000797-273,source2,0.9999770500185827
B000798,R000798-324,source2,0.9999421714703879
B000798,R001244-937,source2,0.9313289227026544
B000798,L000798-649,source3,0.9577530616294064
B000798,L001244-754,source3,0.6126856536337609
B000799,L000799-549,source3,0.9996604001740819
B000799,L000799-301,source3,0.9905532639011131
B000800,R000800-445,source2,0.999963631044271
B000800,R000800-206,source2,0.9999421714703879
B000800,L000800-164,source3,0.9836373522115311
B000801,R000801-600,source2,0.9999770500185827
B000801,L000801-846,source3,0.9999445606130445
B000802,R000802-341,source2,0.9999421714703879
B000802,R000802-211,source2,0.9996870678274916
B000802,R001172-706,source2,0.9925954899845703
B000802,R001172-386,source2,0.9925954899845703
B000802,L000802-614,source3,0.9999487972414767
B000804,R000804-505,source2,0.9999770500185827
B000805,R000805-362,source2,0.9999766225137005
B000805,R000805-876,source2,0.9999766225137005
B000805,L000805-745,source3,0.9999076778717254
B000806,R000806-164,source2,0.9999412212703331
B000807,R000807-712,source2,0.9976270795704715
B000807,L000807-156,source3,0.9983017719931816
B000808,R000808-214,source2,0.9998134905064161
B000809,R000809-640,source2,0.9999770500185827
B000809,R000809-254,source2,0.9999421714703879
B000809,R000809-987,source2,0.9999113842340681
B000809,L000809-609,source3,0.9999585703578097
B000809,L000809-246,source3,0.9999229910249054
B000810,L000810-760,source3,0.9999445606130445
B000811,R000811-105,source2,0.9998472034405003
B000811,L000811-674,source3,0.9320110846433122
B000812,R000812-515,source2,0.9999412212703331
B000812,L000812-788,source3,0.9783230618003971
B000813,R000813-327,source2,0.9999770500185827
B000813,R000813-197,source2,0.9999421714703879
B000814,R000814-584,source2,0.9999034624884633
B000814,L000814-794,source3,0.9999585703578097
B000815,R000815-790,source2,0.9999770500185827
B000815,R000815-914,source2,0.9999457105752211
B000815,L000815-785,source3,0.9999585703578097
B000816,R000816-249,source2,0.9999770500185827
B000816,R000816-579,source2,0.9999648310624161
B000816,L000816-910,source3,0.9999585703578097
B000816,L000816-474,source3,0.9999445606130445
B000817,R000817-839,source2,0.9999025651177307
B000817,L000817-593,source3,0.9651056328972191
B000818,R000818-248,source2,0.9995708153898497
B000819,L000819-488,source3,0.9999445606130445
B000819,L000819-759,source3,0.9954159948860369
B000820,L000820-724,source3,0.9999445606130445
B000820,L000820-919,source3,0.99744529607187
B000821,R000821-450,source2,0.9999648310624161
B000821,L000821-631,source3,0.9999585703578097
B000821,L000821-730,source3,0.9999286539797864
B000821,L001210-634,source3,0.6593151423823969
B000821,L001210-690,source3,0.6593151423823969
B000822,L000822-549,source3,0.9994523063367224
B000823,R000823-744,source2,0.9999758248282496
B000823,L000823-695,source3,0.9999462410787563
B000824,R000824-741,source2,0.9999412212703331
B000824,R000824-559,source2,0.999910051990442
B000824,L000824-651,source3,0.9954159948860369
B000825,R000825-825,source2,0.9943900490678022
B000825,R000825-895,source2,0.9735731114204481
B000825,L000825-185,source3,0.9999770500185827
B000825,L000825-595,source3,0.9999444138868329
B000826,R000826-384,source2,0.9999766225137005
B000826,L000826-532,source3,0.9997310766188652
B000827,R000827-326,source2,0.9999770500185827
B000828,R000828-685,source2,0.9999648310624161
B000828,L000828-637,source3,0.9999445606130445
B000830,R000830-675,source2,0.9999770500185827
B000830,L000830-420,source3,0.9999561698165833
B000831,R000831-118,source2,0.9999770500185827
B000831,L000831-361,source3,0.9678983885103726
B000832,L000832-563,source3,0.9999585703578097
B000833,R000833-458,source2,0.9999421714703879
B000833,L000833-309,source3,0.9999475706406721
B000834,L000834-127,source3,0.9951374744132426
B000835,R000835-362,source2,0.9999770500185827
B000835,L000835-740,source3,0.9999585703578097
B000835,L000835-912,source3,0.9999445606130445
B000835,L000835-325,source3,0.9954159948860369
B000836,R000836-104,source2,0.9999770500185827
B000836,L000836-804,source3,0.9999444138868329
B000837,R000837-353,source2,0.9999648310624161
B000838,R000838-317,source2,0.3547499398446794
B000838,L000838-890,source3,0.9999585703578097
B000838,L000838-357,source3,0.9998041934712003
B000839,R000839-786,source2,0.9999770500185827
B000839,L000839-262,source3,0.9999493005557634
B000840,R000840-559,source2,0.9982831178625571
B000840,L000840-907,source3,0.9999329626983136
B000841,R000841-550,source2,0.9999025651177307
B000842,R000842-484,source2,0.9999770500185827
B000842,R000842-523,source2,0.9999770500185827
B000842,R000842-124,source2,0.9943900490678022
B000842,L000842-636,source3,0.9996371318803903
B000843,R000843-364,source2,0.9980383312630982
B000844,R000844-781,source2,0.9999770500185827
B000844,L000844-341,source3,0.9999445606130445
B000845,L000845-167,source3,0.9903904980409719
B000846,R000846-536,source2,0.9999421714703879
B000847,L000847-498,source3,0.9999362361566246
B000848,R000848-841,source2,0.9999412212703331
B000848,R000848-682,source2,0.9998754802909523
B000848,L000848-304,source3,0.9952507261837277
B000849,R000849-396,source2,0.9999770500185827
B000849,L000849-989,source3,0.9997310766188652
B000850,L000850-569,source3,0.9999585703578097
B000850,L000850-933,source3,0.9102726000746252
B000851,R000851-425,source2,0.9999412212703331
B000852,R000852-325,source2,0.9999770500185827
B000852,R000852-518,source2,0.9999648310624161
B000852,R001226-997,source2,0.9999113842340681
B000852,R001226-594,source2,0.7700054243106188
B000852,L000852-482,source3,0.9999585703578097
B000853,R000853-780,source2,0.9999757202109678
B000853,R000853-594,source2,0.9999421714703879
B000853,L000853-178,source3,0.8124956228474248
B000854,R000854-708,source2,0.9950293947158937
B000854,L000854-871,source3,0.995029344170971
B000855,R000855-703,source2,0.9999770500185827
B000855,L000731-854,source3,0.28020722006547044
B000856,R000856-694,source2,0.9999770500185827
B000856,L000856-376,source3,0.9999431939392719
B000857,R000857-298,source2,0.9999412212703331
B000857,R000857-452,source2,0.9999398413432898
B000857,L000857-541,source3,0.9952507261837277
B000858,R001231-629,source2,0.9999113842340681
B000858,R000858-313,source2,0.9770299538934756
B000858,L001231-564,source3,0.8498198898129551
B000859,R000859-679,source2,0.9999770500185827
B000859,L000859-560,source3,0.9998970954018849
B000859,L000859-674,source3,0.9998449341052291
B000860,R000860-767,source2,0.9999577986342696
B000860,L000860-674,source3,0.999956971324535
B000862,R000862-293,source2,0.9999648310624161
B000862,R000862-809,source2,0.9999421714703879
B000862,R000862-954,source2,0.9962752001448021
B000863,R000863-282,source2,0.9999421714703879
B000863,L000863-885,source3,0.9994236595466001
B000863,L000863-542,source3,0.994184077950589
B000864,L000864-585,source3,0.9999585703578097
B000865,R001229-705,source2,0.9999113842340681
B000865,L000865-921,source3,0.7742038487197254
B000866,R000866-155,source2,0.9999770500185827
B000866,R000866-495,source2,0.9999770500185827
B000866,R000866-699,source2,0.9999421714703879
B000866,L000866-210,source3,0.9999536410156428
B000866,L000866-159,source3,0.5512742588412511
B000867,R000867-724,source2,0.9999761642158975
B000867,R000867-899,source2,0.9999761642158975
B000867,L000867-862,source3,0.9999419217491073
B000868,L000868-335,source3,0.9995296343895543
B000868,L000868-618,source3,0.9990217664654497
B000868,L000868-907,source3,0.9957118773186444
B000869,R000869-619,source2,0.9999770500185827
B000869,R000869-738,source2,0.9999585703578097
B000869,L000869-345,source3,0.9997148521523922
B000871,R000871-701,source2,0.9999770500185827
B000871,R000871-152,source2,0.9998416564523719
B000872,R000872-114,source2,0.9999770500185827
B000873,L000873-366,source3,0.9999770500185827
B000873,L000873-370,source3,0.999967287835881
B000874,R000874-332,source2,0.9999770500185827
B000874,R000874-171,source2,0.9999421714703879
B000874,L000874-239,source3,0.9999444138868329
B000875,R000875-873,source2,0.9999770500185827
B000876,R000876-856,source2,0.9997501021991522
B000876,R000876-252,source2,0.9991548037104308
B000876,L000876-372,source3,0.9892196924990656
B000877,R000877-655,source2,0.9999770500185827
B000877,R000877-803,source2,0.9999421714703879
B000877,R001223-474,source2,0.9999421714703879
B000877,L000877-972,source3,0.9999539727267169
B000877,L000877-354,source3,0.9783230618003971
B000877,L001223-403,source3,0.9741711624445223
B000877,L000877-972-U,source3,0.6781273273331725
B000878,R000878-711,source2,0.9999421714703879
B000878,L000878-532,source3,0.9988755441564935
B000879,L000879-344,source3,0.9999540365719944
B000879,L000879-134,source3,0.9999386071141859
B000879,L000879-185,source3,0.9963261420878455
B000881,R000881-612,source2,0.9999770500185827
B000881,R001289-281,source2,0.9999113842340681
B000881,L001289-983,source3,0.8220339719840324
B000883,R000883-567,source2,0.9999648310624161
B000883,L000883-632,source3,0.999927037266458
B000884,R000884-922,source2,0.9999770500185827
B000884,L000884-890,source3,0.9999585703578097
B000885,R000885-426,source2,0.9999770500185827
B000885,L000885-432,source3,0.9998584583019803
B000886,R000886-508,source2,0.9999099282041276
B000886,L000886-245,source3,0.9998882491126974
B000886,L000886-933,source3,0.9954159948860369
B000887,R000887-395,source2,0.9999115060195273
B000888,R000888-185,source2,0.9999421714703879
B000888,R000888-894,source2,0.9280795204081214
B000888,L000888-363,source3,0.9952507261837277
B000889,R000889-859,source2,0.9999421714703879
B000889,L000889-195,source3,0.9999475706406721
B000890,R000890-614,source2,0.9999648310624161
B000890,L000890-215,source3,0.9999585703578097
B000890,L000293-312-U,source3,0.13252309768395354
B000891,R000891-112,source2,0.9999553747485787
B000891,R000891-802,source2,0.9999421714703879
B000891,L000891-246,source3,0.9997268506048663
B000891,L000891-429,source3,0.9992692681355497
B000892,R000892-533,source2,0.9994273604567565
B000893,L000893-181,source3,0.9999444138868329
B000894,R000894-599,source2,0.9999421714703879
B000895,R000895-637,source2,0.9999662120116461
B000896,R000896-995,source2,0.9999770500185827
B000896,R000896-625,source2,0.9999648310624161
B000896,R000896-889,source2,0.9999113842340681
B000896,L000896-877,source3,0.9999240712730928
B000896,L000896-407,source3,0.9998253278074785
B000897,R000897-979,source2,0.9999412212703331
B000897,L000897-181,source3,0.9952507261837277
B000897,L000897-245,source3,0.9952507261837277
B000898,R000898-183,source2,0.9999421714703879
B000898,L000898-112,source3,0.9998995706500273
B000898,L000898-112-U,source3,0.1573820515695958
B000899,R000899-823,source2,0.9999770500185827
B000899,R000899-942,source2,0.8624239699552401
B000899,L000899-175,source3,0.9999585703578097
B000899,L000899-155,source3,0.9963359938311865
B000899,L000899-155-U,source3,0.38847295281152733
B000900,R000900-696,source2,0.9999770500185827
B000900,L000900-515,source3,0.9998381906892406
B000900,L000900-833,source3,0.9783230618003971
B000900,L000900-515-U,source3,0.37125879581567084
B000901,R000901-674,source2,0.9999421714703879
B000902,R000902-383,source2,0.9999585703578097
B000902,R000902-705,source2,0.9950293947158937
B000902,L000902-303,source3,0.9999750939591684
B000903,R000903-665,source2,0.9999412212703331
B000903,L000903-881,source3,0.99930325601799
B000904,L000904-564,source3,0.9993123670857584
B000904,L001212-473,source3,0.24215685738233325
B000905,R000905-328,source2,0.9997501021991522
B000906,R000906-281,source2,0.9999421714703879
B000906,L000906-335,source3,0.9999585703578097
B000906,L000906-626,source3,0.9999493005557634
B000906,L001158-964-U,source3,0.9950259753877831
B000907,R000907-817,source2,0.9999770500185827
B000907,L000907-503,source3,0.9999585703578097
B000909,R000909-763,source2,0.9999648310624161
B000909,L000909-116,source3,0.9997310766188652
B000910,R000910-819,source2,0.9999770500185827
B000910,R000910-338,source2,0.9999648310624161
B000910,L000910-750,source3,0.9999585703578097
B000911,R000911-850,source2,0.9999770500185827
B000911,R000911-192,source2,0.9998416564523719
B000911,R000911-641,source2,0.9647763955965358
B000911,L000911-471,source3,0.9985489607427246
B000911,L000911-395,source3,0.9744535375214519
B000911,L000911-871,source3,0.21002592420591723
B000912,R000912-936,source2,0.9999770500185827
B000912,R000912-478,source2,0.9999770500185827
B000912,L000912-684,source3,0.9994130438643343
B000913,R000913-390,source2,0.9999421714703879
B000913,R000913-656,source2,0.9999412212703331
B000913,R001097-159,source2,0.9991561382704928
B000913,L000913-917,source3,0.9774866939041355
B000913,L001097-467,source3,0.7221064293858899
B000914,L000914-594,source3,0.9998376744657677
B000914,L000914-409,source3,0.9952507261837277
B000916,R000916-560,source2,0.9999770500185827
B000916,L000916-286,source3,0.9762270826188912
B000917,R000917-289,source2,0.9999757202109678
B000917,R000917-676,source2,0.9999199775407125
B000917,L000917-778,source3,0.9999493005557634
B000917,L000917-487,source3,0.9991215186488528
B000918,R000918-520,source2,0.9998703160017771
B000918,R000918-314,source2,0.9998463458358734
B000919,L000919-217,source3,0.9999585703578097
B000920,R000920-380,source2,0.9999770500185827
B000920,L000920-286,source3,0.9999367382099315
B000921,L000921-781,source3,0.9999585703578097
B000922,R000922-385,source2,0.9999770500185827
B000922,R000922-427,source2,0.9999199775407125
B000922,R000922-642,source2,0.9998139441524145
B000922,L000922-946,source3,0.9999433216932515
B000922,L000922-676,source3,0.9999117737926527
B000923,L000923-681,source3,0.9999229910249054
B000924,R000924-161,source2,0.9999585703578097
B000924,L000924-290,source3,0.9995908028823226
B000925,R001203-300,source2,0.9998875586163456
B000925,L000925-989,source3,0.9999585703578097
B000925,L001203-890,source3,0.807443975540256
B000925,L001203-910,source3,0.6126856536337609
B000926,L000926-339,source3,0.9954159948860369
B000926,L000926-507,source3,0.9831804973178458
B000926,L000926-676,source3,0.1267839635356428
B000927,R000927-365,source2,0.9999754367699456
B000927,R000927-710,source2,0.999963631044271
B000928,R000928-803,source2,0.9999592204795346
B000928,L000928-714,source3,0.12708072194437184
B000929,L000929-785,source3,0.9994674257029409
B000930,R000930-467,source2,0.9999770500185827
B000930,R000930-514,source2,0.9999770500185827
B000930,L000930-989,source3,0.9999444138868329
B000930,L000930-426,source3,0.9999119470641393
B000931,R000931-441,source2,0.9999648310624161
B000931,L000931-340,source3,0.9999585703578097
B000931,L000931-542,source3,0.9820490604896813
B000932,R000932-477,source2,0.9999770500185827
B000932,L000932-681,source3,0.9998938355613868
B000932,L000932-189,source3,0.9954159948860369
B000933,L000933-327,source3,0.9999479753606572
B000934,R000934-799,source2,0.9999761642158975
B000934,R000934-506,source2,0.9999421714703879
B000935,R000935-448,source2,0.9999421714703879
B000936,R000936-260,source2,0.9999421714703879
B000936,R000936-618,source2,0.9999113842340681
B000936,L000936-428,source3,0.9999585703578097
B000937,R000937-558,source2,0.9999770500185827
B000937,L000937-749,source3,0.9999445606130445
B000938,R000938-676,source2,0.9999770500185827
B000938,R000938-957,source2,0.9999585703578097
B000939,R000939-221,source2,0.9999770500185827
B000939,L000939-270,source3,0.9999585703578097
B000939,L000939-207,source3,0.999956971324535
B000939,L000939-207-U,source3,0.8655267639305171
B000940,R000940-651,source2,0.9986245623322945
B000941,R000941-379,source2,0.9999412212703331
B000941,R000941-713,source2,0.9999099282041276
B000941,L000941-683,source3,0.9952507261837277
B000942,R000942-544,source2,0.9999770500185827
B000942,L000942-667,source3,0.9992502613884015
B000943,R000943-552,source2,0.9999762669200863
B000943,L000943-683,source3,0.99968643240613
B000943,L000943-832,source3,0.9983338270508398
B000944,L000944-355,source3,0.9999240712730928
B000945,R000945-452,source2,0.9999770500185827
B000945,L000945-915,source3,0.9999585703578097
B000946,R000946-734,source2,0.9999412212703331
B000948,R000948-837,source2,0.9999770500185827
B000948,L000948-598,source3,0.999932348605309
B000948,L000948-819,source3,0.5708227484721561
B000949,R000949-726,source2,0.9999421714703879
B000949,R001271-957,source2,0.9765288898109454
B000949,L000949-451,source3,0.9999433216932515
B000949,L001271-486,source3,0.9986324275670592
B000950,R000950-280,source2,0.9999770500185827
B000951,R000951-101,source2,0.9999770500185827
B000951,R000951-384,source2,0.9999099282041276
B000953,R000953-956,source2,0.9999113842340681
B000953,L000953-729,source3,0.9999379644802011
B000954,R000954-794,source2,0.8625312644088211
B000954,L000954-130,source3,0.9952507261837277
B000955,R000955-143,source2,0.9999421714703879
B000955,L000955-765,source3,0.9999585703578097
B000957,L000957-884,source3,0.9999585703578097
B000958,R000958-485,source2,0.9999770500185827
B000958,R000958-390,source2,0.9999770500185827
B000959,R000959-950,source2,0.9999412212703331
B000959,R000959-264,source2,0.9999099282041276
B000959,L000959-382,source3,0.9954159948860369
B000959,L000959-682,source3,0.991916812804031
B000959,L000959-650,source3,0.991916812804031
B000960,R000960-330,source2,0.9999770500185827
B000960,L000960-614,source3,0.12805229557967698
B000961,R000961-486,source2,0.9999770500185827
B000961,R000961-815,source2,0.9998416564523719
B000961,L000961-678,source3,0.9997310766188652
B000962,R000962-154,source2,0.9999770500185827
B000962,R000962-675,source2,0.9999770500185827
B000962,L000962-979,source3,0.9943900490678022
B000962,L000962-844,source3,0.9695287389148516
B000963,L000963-597,source3,0.9998866760442155
B000963,L000963-772,source3,0.9998429092664083
B000964,R001224-578,source2,0.9999099282041276
B000964,L000964-978,source3,0.9999303649116987
B000964,L000964-266,source3,0.9999240712730928
B000964,L000964-970,source3,0.9995616830818209
B000964,L001224-114,source3,0.8701039234918578
B000965,R000965-540,source2,0.9999421714703879
B000965,L000965-225,source3,0.9997280733081854
B000966,R000966-226,source2,0.9999770500185827
B000966,L000966-485,source3,0.9999137278989005
B000966,L000966-507,source3,0.9952507261837277
B000967,R000967-775,source2,0.9999648310624161
B000967,R000967-669,source2,0.999958729328519
B000967,L000967-196,source3,0.9999240712730928
B000968,L000968-998,source3,0.9999444138868329
B000969,R000969-341,source2,0.9999770500185827
B000969,L000969-853,source3,0.9999445606130445
B000970,R001202-731,source2,0.9999099282041276
B000970,L000970-297,source3,0.9820490604896813
B000970,L001202-885,source3,0.8220339719840324
B000971,R000971-818,source2,0.9999412212703331
B000971,R000971-932,source2,0.9999412212703331
B000972,R000972-232,source2,0.9999398413432898
B000973,R000973-929,source2,0.9999770500185827
B000973,L000973-674,source3,0.9999585703578097
B000974,R000974-854,source2,0.9999113842340681
B000974,L000974-757,source3,0.9999585703578097
B000975,R000975-273,source2,0.9999770500185827
B000975,R000975-494,source2,0.9999421714703879
B000976,R000976-359,source2,0.9999113842340681
B000976,L000976-990,source3,0.9999298504079428
B000978,L000978-525,source3,0.9999240712730928
B000979,L000979-115,source3,0.9998376744657677
B000980,R000980-484,source2,0.9999412212703331
B000980,R001275-322,source2,0.9998875586163456
B000980,L000980-518,source3,0.9954159948860369
B000980,L001275-488,source3,0.9749103513268818
B000981,R000981-803,source2,0.9999770500185827
B000981,L000981-198,source3,0.9999240712730928
B000982,R000982-942,source2,0.9998416564523719
B000983,R000983-164,source2,0.9999648310624161
B000983,L000983-865,source3,0.9999585703578097
B000984,R000984-343,source2,0.9999770500185827
B000984,L000984-372,source3,0.9999493005557634
B000984,L000984-264,source3,0.9999240712730928
B000984,L000984-264-U,source3,0.8528300575585093
B000985,R000985-347,source2,0.9999770500185827
B000985,L000985-825,source3,0.9999493005557634
B000986,R000986-599,source2,0.9999770500185827
B000986,L000986-617,source3,0.999956414476883
B000986,L000986-617-U,source3,0.8123845858213703
B000987,R000987-497,source2,0.9999648310624161
B000987,R000987-349,source2,0.9993151473524398
B000987,L000987-932,source3,0.9997310766188652
B000988,L000988-241,source3,0.9999280006031456
B000989,R000989-660,source2,0.9999648310624161
B000989,L000989-108,source3,0.9999585703578097
B000990,R000990-457,source2,0.9999585703578097
B000991,R000991-627,source2,0.9998381410075741
B000992,R000992-254,source2,0.9999421714703879
B000992,R000992-969,source2,0.9988110933461015
B000992,L001286-950,source3,0.8126333661800595
B000992,L001286-222,source3,0.6123600957926169
B000993,R000993-210,source2,0.9999412212703331
B000993,L000993-806,source3,0.9954159948860369
B000993,L000993-218,source3,0.9783230618003971
B000993,L000993-578,source3,0.951717601874041
B000994,R000994-284,source2,0.9997983798018403
B000994,L000994-464,source3,0.9932890356741895
B000995,L000995-472,source3,0.9954159948860369
B000996,R000996-399,source2,0.9999770500185827
B000996,R000996-399-D,source2,0.44284718851736266
B000996,L000996-549,source3,0.9999585703578097
B000996,L000996-312,source3,0.9984971587100909
B000996,L000996-766,source3,0.952748633589945
B000996,L001168-582,source3,0.1466001942669821
B000997,R000997-752,source2,0.9999421714703879
B000998,R000998-584,source2,0.999975855743505
B000998,R000998-672,source2,0.9999421714703879
B000998,L000998-469,source3,0.9954159948860369
B000999,R000999-968,source2,0.9999770500185827
B000999,L000999-374,source3,0.9999585703578097
B000999,L000999-366,source3,0.999711025660623
B001000,L001000-400,source3,0.9993816463317433
B001001,R001001-863,source2,0.9999648310624161
B001002,L001002-596,source3,0.9999585703578097
B001002,L001002-875,source3,0.9957822020009146
B001002,L001002-596-U,source3,0.20712085117291432
B001003,R001003-804,source2,0.9999421714703879
B001003,L001003-890,source3,0.9999445606130445
B001004,L001004-164,source3,0.9820490604896813
B001004,L001004-482,source3,0.9106225124328106
B001005,R001005-354,source2,0.9999421714703879
B001006,R001006-650,source2,0.9999762669200863
B001006,R001006-595,source2,0.9995146944973448
B001007,R001007-219,source2,0.9999421714703879
B001007,R001007-550,source2,0.9998491553553901
B001008,R001008-960,source2,0.9999748917379602
B001008,R001008-770,source2,0.9999412212703331
B001008,R001008-129,source2,0.9994944969425401
B001008,R001233-803,source2,0.9988776251205476
B001008,R001233-522,source2,0.9825039850245917
B001008,L001008-909,source3,0.9999487972414767
B001008,L001008-991,source3,0.9997595338807634
B001008,L001233-566,source3,0.9652549949286517
B001008,L001233-746,source3,0.7980613936759854
B001008,L001008-991-U,source3,0.22178670941384146
B001011,R001011-910,source2,0.999921803969718
B001011,L001011-814,source3,0.9999445606130445
B001011,L001011-891,source3,0.999749202955779
B001012,R001012-208,source2,0.9999770500185827
B001012,R001012-866,source2,0.9999421714703879
B001012,L001012-158,source3,0.9999493005557634
B001014,R001014-690,source2,0.9999770500185827
B001014,L001014-647,source3,0.9998496960350456
B001014,L001014-897,source3,0.9995839743593183
B001015,R001015-557,source2,0.9999770500185827
B001015,L001015-303,source3,0.9992404642772801
B001015,L001015-105,source3,0.9949622149375347
B001016,R001016-446,source2,0.9999421714703879
B001016,R001290-649,source2,0.9999113842340681
B001016,L001016-971,source3,0.9999585703578097
B001016,L001290-479,source3,0.6593151423823969
B001016,L001016-971-U,source3,0.19750710261861332
B001017,R001017-852,source2,0.9999770500185827
B001017,L001017-779,source3,0.7509159796437992
B001018,R001018-882,source2,0.9999770500185827
B001018,L001018-515,source3,0.9954159948860369
B001019,R001019-380,source2,0.9999770500185827
B001019,L001019-623,source3,0.9929978408750599
B001019,L001019-110,source3,0.9929978408750599
B001020,L001020-847,source3,0.9999585703578097
B001020,L001020-708,source3,0.9929635842585169
B001021,L001021-943,source3,0.9999445606130445
B001022,R001022-349,source2,0.9999770500185827
B001022,R001022-829,source2,0.999975855743505
B001024,R001024-492,source2,0.9994582812545434
B001025,R001025-129,source2,0.9999412212703331
B001025,R001025-874,source2,0.9999099282041276
B001025,L001025-713,source3,0.9247080784512863
B001026,R001026-717,source2,0.9999585703578097
B001026,R001026-199,source2,0.9999585703578097
B001026,R001268-237,source2,0.974237203957405
B001026,L001026-155,source3,0.9999770500185827
B001026,L001268-132,source3,0.9593733832868957
B001027,R001027-993,source2,0.9999758248282496
B001027,R001027-581,source2,0.9999421714703879
B001027,L001027-829,source3,0.9999462410787563
B001028,R001028-927,source2,0.9999648310624161
B001028,R000461-997,source2,0.6543503249932369
B001028,R000461-779,source2,0.6543503249932369
B001029,R001029-521,source2,0.9999412212703331
B001029,R001278-900,source2,0.9998875586163456
B001030,R001030-501,source2,0.9999770500185827
B001030,L001030-281,source3,0.9999585703578097
B001031,R001031-914,source2,0.9999770500185827
B001031,R001031-598,source2,0.9999770500185827
B001032,R001032-464,source2,0.9999770500185827
B001032,R001292-989,source2,0.9998875586163456
B001032,R001292-852,source2,0.9998875586163456
B001032,L001032-621,source3,0.9999580342028827
B001032,L001292-639,source3,0.36924911466487376
B001033,R001033-613,source2,0.9999770500185827
B001033,L001033-235,source3,0.9952507261837277
B001034,L001034-560,source3,0.9999585703578097
B001034,L001034-938,source3,0.9998041934712003
B001034,L001034-560-U,source3,0.9788690030805767
B001035,R001035-360,source2,0.9374096701026914
B001035,L001035-912,source3,0.9999445606130445
B001035,L001035-613,source3,0.9999348112199574
B001036,R001036-318,source2,0.9999648310624161
B001036,R001036-569,source2,0.9999648310624161
B001036,R001078-667,source2,0.5287361574612366
B001036,L001036-317,source3,0.9999337308721328
B001037,R001037-436,source2,0.9999762669200863
B001037,R001037-190,source2,0.9999421714703879
B001037,R001037-368,source2,0.9998802684569417
B001037,L001037-384,source3,0.9994334331400226
B001038,R001038-601,source2,0.9999770500185827
B001038,R001038-319,source2,0.9999770500185827
B001038,R001038-967,source2,0.9999766225137005
B001038,L001038-598,source3,0.9999431424462795
B001038,L001038-413,source3,0.998055216875019
B001039,R001039-780,source2,0.9999412212703331
B001039,L001039-139,source3,0.9998376744657677
B001040,R001040-551,source2,0.9997983798018403
B001040,L001040-346,source3,0.9995352342646024
B001042,R001042-465,source2,0.9999770500185827
B001042,R001042-324,source2,0.9999421714703879
B001042,R001042-968,source2,0.9995708153898497
B001042,L001042-958,source3,0.9999240712730928
B001043,R001043-510,source2,0.9998848284740918
B001043,L001043-290,source3,0.9997796052075516
B001043,L001043-913,source3,0.9954159948860369
B001044,R001044-341,source2,0.9999766225137005
B001044,R001044-541,source2,0.9999421714703879
B001044,L001044-461,source3,0.9998905896560746
B001045,R001045-154,source2,0.9999770500185827
B001045,R001045-418,source2,0.9999770500185827
B001045,R001045-264,source2,0.9999488914559905
B001045,L001045-269,source3,0.9996507068142891
B001046,R001046-994,source2,0.9999770500185827
B001046,L001046-782,source3,0.9998041934712003
B001047,R001047-541,source2,0.9995708153898497
B001048,R001048-270,source2,0.7385587168160205
B001048,L001048-891,source3,0.9997975133617261
B001048,L001048-858,source3,0.999125578658476
B001048,L001048-519,source3,0.20792269552481665
B001049,L001049-123,source3,0.9999445606130445
B001049,L001049-781,source3,0.9783230618003971
B001050,R001050-804,source2,0.9999421714703879
B001050,L001050-829,source3,0.9996471095319628
B001050,L001050-829-U,source3,0.9017555601653313
B001051,R001051-121,source2,0.9999421714703879
B001052,R001052-465,source2,0.9968866574860763
B001052,L001052-167,source3,0.9999585703578097
B001053,R001053-537,source2,0.9999421714703879
B001053,L001053-520,source3,0.1448053292563276
B001054,R001054-655,source2,0.9909805282128412
B001054,L001054-846,source3,0.9999201308699286
B001055,R001055-645,source2,0.9999648310624161
B001055,L001055-188,source3,0.9997511205320163
B001055,L001055-188-U,source3,0.9575576995376103
B001056,R001056-257,source2,0.9996507068142891
B001056,L001056-625,source3,0.9999770500185827
B001058,R001058-244,source2,0.9999770500185827
B001058,R001058-482,source2,0.9999770500185827
B001058,R001209-521,source2,0.9998856661694785
B001058,R001209-186,source2,0.9998856661694785
B001058,L001058-392,source3,0.9995421049082608
B001058,L001058-299,source3,0.9990780833943189
B001058,L001209-231,source3,0.5900501238720509
B001059,R001059-678,source2,0.9999115060195273
B001060,L001060-429,source3,0.9996299390744718
B001060,L001060-186,source3,0.9783230618003971
B001061,R001061-468,source2,0.9990786887894844
B001061,L001061-485,source3,0.999956414476883
B001061,L001061-250,source3,0.9999493005557634
B001062,R001062-332,source2,0.9999412212703331
B001062,L001062-239,source3,0.999953366956174
B001063,R001063-802,source2,0.9999421714703879
B001063,R001063-126,source2,0.9999412212703331
B001063,R001063-463,source2,0.9998416564523719
B001063,L001063-169,source3,0.9999378698281128
B001064,R001064-800,source2,0.9999113842340681
B001064,L001064-721,source3,0.9999585703578097
B001064,L001064-974,source3,0.9999585703578097
B001064,L001064-691,source3,0.9952507261837277
B001065,R001065-300,source2,0.9999770500185827
B001065,R001065-894,source2,0.9999421714703879
B001066,L001066-839,source3,0.9999444138868329
B001067,R001067-320,source2,0.9999770500185827
B001067,L001067-118,source3,0.9999585703578097
B001068,R001068-487,source2,0.9999770500185827
B001068,R001068-481,source2,0.9999770500185827
B001069,R001069-405,source2,0.9999770500185827
B001069,L001069-434,source3,0.9996718544837404
B001069,L001069-230,source3,0.998848092227391
B001070,R001070-834,source2,0.9999412212703331
B001070,R001070-828,source2,0.9999099282041276
B001071,R001071-920,source2,0.9999770500185827
B001072,L001072-370,source3,0.9999585703578097
B001072,L001072-500,source3,0.9999585703578097
B001072,L001072-527,source3,0.9954159948860369
B001073,R001073-302,source2,0.9999199775407125
B001073,L001073-440,source3,0.9999445606130445
B001074,R001074-115,source2,0.9999457105752211
B001074,L001074-260,source3,0.9998041934712003
B001075,R001075-158,source2,0.9999412212703331
B001076,R001076-358,source2,0.9999762669200863
B001076,L001076-230,source3,0.9999170512411425
B001077,R001077-988,source2,0.9999421714703879
B001077,L001282-627,source3,0.6593151423823969
B001078,R001078-667,source2,0.9999770500185827
B001078,R001036-318,source2,0.6057651160595016
B001078,R001036-569,source2,0.6057651160595016
B001078,L001078-536,source3,0.9999445606130445
B001078,L001036-317,source3,0.19267047701128914
B001079,R001079-570,source2,0.9999761642158975
B001079,R001079-394,source2,0.9999421714703879
B001079,R001079-276,source2,0.9999421714703879
B001080,R001080-381,source2,0.9998680797027985
B001080,L001080-402,source3,0.9999542423654212
B001080,L001080-891,source3,0.9998789893217013
B001081,R001081-522,source2,0.9999421714703879
B001081,L001081-895,source3,0.9998996577723028
B001081,L001081-365,source3,0.999885799157188
B001081,L001081-574,source3,0.9997951064826217
B001082,R001082-415,source2,0.9999770500185827
B001083,R001083-130,source2,0.9999770500185827
B001083,L001083-449,source3,0.9989185120350972
B001084,R001084-282,source2,0.9999770500185827
B001084,R001084-737,source2,0.9999532506035026
B001084,L001084-262,source3,0.8856148425325205
B001085,R001085-221,source2,0.9999421714703879
B001085,R001085-543,source2,0.9999412212703331
B001085,L001085-612,source3,0.9773262500916798
B001086,R001086-224,source2,0.9999770500185827
B001086,L001086-462,source3,0.9997310766188652
B001087,R001087-892,source2,0.9999585703578097
B001087,R001087-405,source2,0.9999421714703879
B001087,R001087-331,source2,0.9999412212703331
B001087,L001087-371,source3,0.9999229008681119
B001088,R001088-916,source2,0.9999770500185827
B001088,R001088-806,source2,0.999975855743505
B001088,L001088-316,source3,0.9999561698165833
B001088,L001088-302,source3,0.9999559726914217
B001089,R001089-757,source2,0.9999770500185827
B001090,R001090-684,source2,0.816067884820512
B001090,L001090-835,source3,0.9999770500185827
B001091,R001091-506,source2,0.999975855743505
B001092,R001092-109,source2,0.9999421714703879
B001092,L001092-562,source3,0.9996487467161551
B001092,L001092-562-U,source3,0.8864019043097423
B001093,R001093-834,source2,0.9999421714703879
B001093,R001093-364,source2,0.9999099282041276
B001093,L001093-199,source3,0.9999585703578097
B001095,L001095-506,source3,0.9999585703578097
B001095,L001095-164,source3,0.9600581727160906
B001097,R001097-159,source2,0.9999412212703331
B001097,R000913-390,source2,0.9991561382704928
B001097,R000913-656,source2,0.9991561382704928
B001097,L001097-467,source3,0.9999061606998575
B001097,L000913-917,source3,0.46011507853461464
B001098,L001098-514,source3,0.9999585703578097
B001098,L001098-680,source3,0.9879712828482955
B001098,L001098-322,source3,0.706281493869642
B001099,R001099-757,source2,0.5978955104585183
B001099,L001099-692,source3,0.9999585703578097
B001099,L001099-663,source3,0.9999585703578097
B001099,L001099-663-U,source3,0.9275634707279492
B001100,R001100-869,source2,0.9999025651177307
B001100,R001100-810,source2,0.9999025651177307
B001100,L001100-805,source3,0.9998987250381652
B001101,R001252-728,source2,0.9998904808630208
B001101,R001101-872,source2,0.9998472034405003
B001101,L001101-262,source3,0.9999229910249054
B001101,L001252-315,source3,0.5902242669902561
B001101,L001252-728,source3,0.5902242669902561
B001101,L001252-736,source3,0.4834014741225308
B001102,R001102-177,source2,0.9999770500185827
B001102,R001102-393,source2,0.9999648310624161
B001102,L001102-820,source3,0.9994785493771551
B001103,R001103-488,source2,0.9999421714703879
B001103,L001103-941,source3,0.9997949823234462
B001104,R001104-606,source2,0.9948984599218961
B001105,R001105-886,source2,0.9999663952734287
B001105,R001105-253,source2,0.9999421714703879
B001105,L001105-679,source3,0.9996780252867994
B001105,L001105-976,source3,0.8096464647767506
B001106,R001106-833,source2,0.9991514060298139
B001107,R001107-251,source2,0.9999421714703879
B001107,R001107-814,source2,0.9999398413432898
B001108,R001108-956,source2,0.9534144290413404
B001108,L001108-597,source3,0.9999585703578097
B001109,R001109-388,source2,0.9999770500185827
B001109,L001109-631,source3,0.9699268569453288
B001109,L001109-631-U,source3,0.5819641215581643
B001110,R001110-192,source2,0.999975855743505
B001110,L001110-330,source3,0.9999536410156428
B001110,L001110-533,source3,0.9704886024829997
B001111,R001111-252,source2,0.9999113842340681
B001111,R001111-129,source2,0.9943332434519563
B001111,L001111-657,source3,0.9999585703578097
B001111,L001111-420,source3,0.9999585703578097
B001112,R001112-239,source2,0.9999770500185827
B001112,R001112-664,source2,0.9999099282041276
B001113,R001113-434,source2,0.998740228312408
B001114,R001114-611,source2,0.9999770500185827
B001114,R001114-419,source2,0.6307045612728437
B001115,R001115-594,source2,0.9999421714703879
B001117,R001117-154,source2,0.9999113842340681
B001118,R001118-386,source2,0.9999421714703879
B001118,R000448-630,source2,0.5076916642575213
B001118,L000448-581,source3,0.7873881197158166
B001119,R001119-562,source2,0.9999412212703331
B001119,L001119-910,source3,0.9952507261837277
B001120,R001120-644,source2,0.9999421714703879
B001120,L001120-754,source3,0.9999585703578097
B001120,L001120-623,source3,0.9954159948860369
B001121,R001121-766,source2,0.9999113842340681
B001121,L001121-241,source3,0.9999585703578097
B001122,R001122-208,source2,0.9999770500185827
B001122,R001122-812,source2,0.9999421714703879
B001122,L001122-889,source3,0.9999445606130445
B001122,L001122-821,source3,0.9999445606130445
B001123,R001123-186,source2,0.9999770500185827
B001123,L001123-436,source3,0.9999493005557634
B001124,L001124-149,source3,0.9999585703578097
B001125,R001125-711,source2,0.9999421714703879
B001125,L001125-613,source3,0.9952507261837277
B001126,R001126-395,source2,0.9999770500185827
B001126,L001126-483,source3,0.9999445606130445
B001127,R001127-155,source2,0.999788825850891
B001127,L001127-431,source3,0.9999445606130445
B001128,L001128-644,source3,0.9997310766188652
B001129,L001129-537,source3,0.9629729973664664
B001130,R001130-598,source2,0.9996507068142891
B001130,L001130-460,source3,0.9999770500185827
B001130,L001130-861,source3,0.9999412212703331
B001130,L001130-624,source3,0.9988419189889718
B001131,R001131-194,source2,0.9999770500185827
B001131,R001131-878,source2,0.9999770500185827
B001131,L001131-134,source3,0.9999445606130445
B001132,L001132-813,source3,0.9999475706406721
B001133,R001133-985,source2,0.9999421714703879
B001133,R001133-230,source2,0.9999110092952842
B001133,L001133-496,source3,0.9998142445950261
B001134,R001134-786,source2,0.9999770500185827
B001134,L001134-963,source3,0.962797854425958
B001135,R001135-773,source2,0.9999099282041276
B001135,L001135-525,source3,0.9996718544837404
B001136,R001136-821,source2,0.9997983798018403
B001136,L001230-926,source3,0.18689874946515192
B001137,R001137-801,source2,0.9999770500185827
B001138,R001138-266,source2,0.9994273604567565
B001138,L001138-628,source3,0.9998376744657677
B001139,R001139-635,source2,0.9999421714703879
B001139,L001139-201,source3,0.9999585703578097
B001139,L001139-807,source3,0.9999585703578097
B001139,L001139-993,source3,0.9997310766188652
B001140,R001140-361,source2,0.9988121300922387
B001140,L001140-339,source3,0.9713595146084268
B001141,R001141-919,source2,0.9998472034405003
B001141,L001141-700,source3,0.9999585703578097
B001142,R001142-632,source2,0.9999770500185827
B001142,R001142-153,source2,0.9999770500185827
B001142,R000470-956,source2,0.6584073550218122
B001142,L001142-661,source3,0.999089863554109
B001142,L001142-964,source3,0.9807295931915341
B001143,L001143-631,source3,0.9952507261837277
B001143,L001143-692,source3,0.9952507261837277
B001144,R001144-804,source2,0.9999648310624161
B001145,R001145-219,source2,0.9997501021991522
B001145,L001145-597,source3,0.9999445606130445
B001145,L001145-505,source3,0.9999303649116987
B001145,L001145-161,source3,0.9997310766188652
B001146,R001146-285,source2,0.9999770500185827
B001146,R001146-300,source2,0.9992182418209982
B001147,R001147-706,source2,0.9998322070813673
B001147,L001147-312,source3,0.9999585703578097
B001148,R001148-587,source2,0.9992650248034265
B001149,R001149-320,source2,0.9999770500185827
B001149,R001149-521,source2,0.9999770500185827
B001149,L001149-466,source3,0.9970968088899997
B001150,R001150-737,source2,0.9999770500185827
B001150,L001150-412,source3,0.7785174530428411
B001150,L001150-412-U,source3,0.35543244034054305
B001151,L001151-542,source3,0.9783230618003971
B001152,R001152-625,source2,0.9999770500185827
B001152,L001152-644,source3,0.9996718544837404
B001153,R001153-734,source2,0.9999770500185827
B001154,R001154-294,source2,0.9999762669200863
B001154,L001154-526,source3,0.9999479753606572
B001154,L001154-430,source3,0.12824541706732553
B001155,R001155-622,source2,0.9999770500185827
B001155,R001155-728,source2,0.9999770500185827
B001155,R001155-353,source2,0.9999113842340681
B001155,L001155-439,source3,0.9999229008681119
B001155,L001155-837,source3,0.947321142201505
B001156,R001156-804,source2,0.9999421714703879
B001156,L001156-551,source3,0.9809738992855297
B001156,L001156-644,source3,0.9737125713194906
B001157,R001157-111,source2,0.9999421714703879
B001157,R001211-693,source2,0.9999072150955443
B001157,L001157-523,source3,0.9995129905982917
B001158,R001158-319,source2,0.9991895395582095
B001158,L001158-964,source3,0.9999444138868329
B001158,L001158-964-U,source3,0.9130893996664096
B001159,R001159-785,source2,0.9999648310624161
B001159,L001159-860,source3,0.9999585703578097
B001159,L001159-140,source3,0.9995421049082608
B001161,R001161-538,source2,0.9999113842340681
B001161,R001161-309,source2,0.9987858343016345
B001162,R001162-566,source2,0.9999770500185827
B001162,R001162-663,source2,0.9999412212703331
B001162,L001162-300,source3,0.9999585703578097
B001162,L001162-300-U,source3,0.9428733142500821
B001163,R001163-458,source2,0.9999412212703331
B001163,L001163-312,source3,0.9968568746971933
B001164,R001164-957,source2,0.9999648310624161
B001164,L001164-933,source3,0.9997310766188652
B001165,L001165-109,source3,0.9999103639218648
B001166,R001166-122,source2,0.9999770500185827
B001166,R001166-966,source2,0.9999770500185827
B001166,L001166-203,source3,0.9999445606130445
B001166,L001166-542,source3,0.9040004794193632
B001167,R001167-985,source2,0.9999770500185827
B001167,L001167-344,source3,0.9999379644802011
B001168,R001168-850,source2,0.8393124960899092
B001168,R000996-399,source2,0.7940580334848639
B001168,L001168-582,source3,0.9999445606130445
B001168,L000996-549,source3,0.1259166513418026
B001169,L001169-349,source3,0.9999546970190691
B001169,L001169-337,source3,0.9999546970190691
B001169,L001169-337-U,source3,0.25532249775925847
B001170,R001170-391,source2,0.9999770500185827
B001170,R001170-939,source2,0.9999199775407125
B001171,R001171-901,source2,0.9999648310624161
B001171,R001171-339,source2,0.9999421714703879
B001171,R001171-891,source2,0.9999412212703331
B001171,L001171-687,source3,0.9998041934712003
B001172,R001172-706,source2,0.999975885958041
B001172,R001172-386,source2,0.999975885958041
B001172,R000802-341,source2,0.9925954899845703
B001172,L001172-563,source3,0.9982471187108091
B001172,L000802-614,source3,0.25331086262203084
B001173,R001173-236,source2,0.9999630472593628
B001173,L001173-172,source3,0.9999475706406721
B001173,L001173-385,source3,0.9999475706406721
B001174,R001174-691,source2,0.9999648310624161
B001174,L001174-832,source3,0.9954159948860369
B001175,R001175-366,source2,0.9999762669200863
B001175,L001175-237,source3,0.9991683190818919
B001176,R001176-796,source2,0.9999412212703331
B001177,R001177-575,source2,0.9999770500185827
B001177,R001177-959,source2,0.9999421714703879
B001177,L001177-746,source3,0.999933778683014
B001178,R001178-530,source2,0.9999770500185827
B001178,R001178-496,source2,0.9999770500185827
B001178,L001178-925,source3,0.9996963497774123
B001179,R001179-978,source2,0.999921803969718
B001180,R001180-177,source2,0.9999770500185827
B001180,R001180-780,source2,0.9999770500185827
B001180,L001180-216,source3,0.9999585703578097
B001180,L001180-484,source3,0.9952507261837277
B001180,L001180-848,source3,0.9952507261837277
B001182,R001182-634,source2,0.9999770500185827
B001182,R001215-502,source2,0.9998856661694785
B001182,L001182-994,source3,0.9999585703578097
B001182,L001182-760,source3,0.9996235505571124
B001182,L001215-751,source3,0.9888177676180786
B001182,L001215-476,source3,0.9888177676180786
B001182,L001215-210,source3,0.9657970118600936
B001183,R001183-632,source2,0.9976270795704715
B001185,R001185-140,source2,0.9999648310624161
B001186,R001186-834,source2,0.9999770500185827
B001186,L001186-381,source3,0.9999329626983136
B001188,R001188-640,source2,0.999921803969718
B001188,L001188-380,source3,0.9954159948860369
B001189,R001189-157,source2,0.9999766225137005
B001189,L001189-234,source3,0.9992469053560317
B001190,R001190-197,source2,0.9999398413432898
B001190,L001190-757,source3,0.994184077950589
B001191,R001191-951,source2,0.9999770500185827
B001191,L001191-872,source3,0.9999444138868329
B001191,L001191-491,source3,0.9995821310123096
B001191,L001191-221,source3,0.9952507261837277
B001192,R001192-165,source2,0.9999421714703879
B001192,R001192-288,source2,0.9999113842340681
B001192,L001192-158,source3,0.9999493005557634
B001193,R001193-691,source2,0.9999199775407125
B001194,R001194-145,source2,0.9999770500185827
B001194,R001273-964,source2,0.9999113842340681
B001194,L001194-315,source3,0.9999585703578097
B001194,L001194-838,source3,0.9999585703578097
B001194,L001273-167,source3,0.6593151423823969
B001194,L001273-606,source3,0.42453846077387664
B001195,L001195-205,source3,0.9919761376690018
B001196,R001196-228,source2,0.9999585703578097
B001197,R001197-830,source2,0.9999007502697506
B001198,R001198-304,source2,0.9999412212703331
B001199,L001199-901,source3,0.9999585703578097
B001199,L001199-316,source3,0.9999585703578097
B001199,L001199-316-U,source3,0.6098952674018495
B001200,R001200-622,source2,0.999975855743505
B001200,R001200-557,source2,0.9999421714703879
B001200,L001200-112,source3,0.9998323918922393
B001201,R001201-646,source2,0.9999770500185827
B001201,R000360-923,source2,0.9998689845643987
B001201,L001201-954,source3,0.9999585703578097
B001201,L001201-954-U,source3,0.884450775832932
B001201,L000360-129,source3,0.6593151423823969
B001201,L000360-999,source3,0.6593151423823969
B001201,L000360-311,source3,0.6123600957926169
B001202,R001202-731,source2,0.9999412212703331
B001202,L001202-885,source3,0.999932348605309
B001202,L000970-297,source3,0.8727612654384533
B001203,R001203-300,source2,0.9999099282041276
B001203,L001203-910,source3,0.9999585703578097
B001203,L001203-890,source3,0.9995985801007943
B001203,L000925-989,source3,0.7345823916251039
B001204,R001204-533,source2,0.9999412212703331
B001204,R001204-432,source2,0.9999099282041276
B001204,R000340-215,source2,0.9759224105466007
B001204,L001204-902,source3,0.9913797621042173
B001205,R001205-575,source2,0.9999770500185827
B001206,R001206-170,source2,0.9999770500185827
B001206,R000471-762,source2,0.9999113842340681
B001206,L001206-169,source3,0.9999240712730928
B001206,L001206-477,source3,0.9954159948860369
B001206,L000471-964,source3,0.3628780894135604
B001207,R000777-255,source2,0.9999113842340681
B001207,R001207-169,source2,0.9998416564523719
B001207,L001207-761,source3,0.9943900490678022
B001208,R000182-288,source2,0.9999113842340681
B001208,R001276-910,source2,0.9998875586163456
B001208,R001276-803,source2,0.9998875586163456
B001208,L001208-311,source3,0.9999445606130445
B001208,L001276-704,source3,0.6126856536337609
B001209,R001209-186,source2,0.9999770500185827
B001209,R001209-521,source2,0.9999421714703879
B001209,R001058-244,source2,0.9998856661694785
B001209,R001058-482,source2,0.9998856661694785
B001209,L001209-231,source3,0.999927526168431
B001210,R000821-450,source2,0.9999113842340681
B001210,L001210-690,source3,0.9999585703578097
B001210,L001210-634,source3,0.9999493005557634
B001210,L000821-631,source3,0.6593151423823969
B001210,L000821-730,source3,0.634774379232249
B001211,R001211-693,source2,0.9999421714703879
B001211,R001157-111,source2,0.9998904808630208
B001211,L001211-959,source3,0.8163195781868384
B001211,L001157-523,source3,0.674827783182342
B001212,L001212-473,source3,0.999460603404846
B001213,R001213-209,source2,0.9997231434770653
B001214,R001135-773,source2,0.9998875586163456
B001214,L001135-525,source3,0.7805303530589639
B001215,R001215-502,source2,0.9999770500185827
B001215,R001182-634,source2,0.999888637593605
B001215,R000390-130,source2,0.22457267022469501
B001215,R000390-585,source2,0.22457267022469501
B001215,L001215-751,source3,0.9999585703578097
B001215,L001215-476,source3,0.9999585703578097
B001215,L001215-210,source3,0.999956971324535
B001215,L001182-994,source3,0.974237203957405
B001215,L001215-476-U,source3,0.19750710261861332
B001216,R000564-206,source2,0.9998875586163456
B001216,R000564-633,source2,0.9998875586163456
B001216,R000564-643,source2,0.9998875586163456
B001216,L001216-672,source3,0.9949622149375347
B001216,L001216-205,source3,0.47934685742821476
B001217,R001217-419,source2,0.9999762669200863
B001217,R001217-233,source2,0.9999762669200863
B001217,R000543-848,source2,0.9999421714703879
B001217,R000543-961,source2,0.9998926108918811
B001217,R001217-233-D,source2,0.9981402879308945
B001217,L001217-925,source3,0.9987883324815796
B001217,L000543-314,source3,0.8222345552984479
B001217,L000543-966,source3,0.8222345552984479
B001217,L000543-257,source3,0.22334283990249496
B001218,R001218-761,source2,0.9999421714703879
B001218,R000336-468,source2,0.9997038715885086
B001218,R000336-180,source2,0.9721370111080792
B001218,R000336-199,source2,0.7256183843350364
B001218,L001218-386,source3,0.9998439253396064
B001218,L000336-368,source3,0.8674567920252493
B001219,R000132-400,source2,0.9999113842340681
B001219,R000132-249,source2,0.9999113842340681
B001219,R001219-422,source2,0.9998798392885339
B001219,L001219-978,source3,0.3990587511800174
B001220,R000625-959,source2,0.9998875586163456
B001220,L000625-737,source3,0.9056463259488011
B001221,R000517-935,source2,0.9970625490900098
B001221,R001221-490,source2,0.3351298856284504
B001221,L001221-587,source3,0.9999287899456837
B001221,L001221-191,source3,0.741663725217847
B001222,R001222-799,source2,0.9999770500185827
B001222,R000689-424,source2,0.9999113842340681
B001222,R000689-506,source2,0.9999113842340681
B001222,L000689-170,source3,0.998627952077026
B001222,L000689-768,source3,0.7916786826257561
B001223,R001223-474,source2,0.9999034624884633
B001223,R000877-655,source2,0.9998856661694785
B001223,R000877-803,source2,0.9998856661694785
B001223,L001223-403,source3,0.9999493005557634
B001223,L000877-354,source3,0.9683147824841518
B001223,L000877-972,source3,0.6624244046917396
B001224,R001224-578,source2,0.9999412212703331
B001224,L001224-114,source3,0.9952507261837277
B001224,L000964-978,source3,0.9633357941559022
B001224,L000964-266,source3,0.8498198898129551
B001224,L000964-970,source3,0.7160758132902154
B001225,R001225-815,source2,0.9999421714703879
B001225,R000483-109,source2,0.9991561382704928
B001225,L001225-425,source3,0.9998832713770798
B001226,R001226-997,source2,0.9999421714703879
B001226,R000852-325,source2,0.9999113842340681
B001226,R000852-518,source2,0.9999113842340681
B001226,R001226-878,source2,0.9998179850374252
B001226,R001226-594,source2,0.992457841537499
B001226,L000852-482,source3,0.6593151423823969
B001227,R000682-321,source2,0.9998486867100068
B001227,L001227-234,source3,0.9954159948860369
B001228,R001228-308,source2,0.9999412212703331
B001228,R000056-838,source2,0.9989327117782216
B001228,L000056-898,source3,0.6593151423823969
B001228,L000056-142,source3,0.6593151423823969
B001229,R001229-705,source2,0.9999770500185827
B001229,R001229-153,source2,0.9995708153898497
B001229,L001229-254,source3,0.9908241374854925
B001229,L000865-921,source3,0.17524176174425043
B001230,R001136-821,source2,0.9997983798018403
B001230,L001230-926,source3,0.9999103639218648
B001231,R001231-629,source2,0.999921803969718
B001231,R000858-313,source2,0.9999099282041276
B001231,L001231-564,source3,0.9999648310624161
B001231,L001231-564-U,source3,0.9079129886131369
B001233,R001008-770,source2,0.9998794125981494
B001233,R001008-960,source2,0.9991347743239973
B001233,R001233-803,source2,0.9985070323123963
B001233,R001233-522,source2,0.9949622149375347
B001233,L001233-566,source3,0.9995896184480295
B001233,L001233-746,source3,0.9736626590954042
B001233,L001008-909,source3,0.8727612654384533
B001233,L001008-991,source3,0.7078669767702469
B001234,R001234-481,source2,0.9999770500185827
B001234,L001234-526,source3,0.9999585703578097
B001234,L000129-754,source3,0.5900501238720509
B001235,R001235-891,source2,0.9999770500185827
B001235,R000381-248,source2,0.9765288898109454
B001235,R001235-529,source2,0.9402901542033767
B001235,L001235-729,source3,0.9999585703578097
B001235,L000381-962,source3,0.9712279162420779
B001235,L001235-729-U,source3,0.8123845858213703
B001236,L001236-322,source3,0.999956971324535
B001236,L000711-424,source3,0.9788703813778867
B001237,L001237-382,source3,0.9952507261837277
B001238,R001238-488,source2,0.9999770500185827
B001238,R000156-325,source2,0.9999113842340681
B001239,R001239-209,source2,0.9999770500185827
B001239,R001239-993,source2,0.9999770500185827
B001239,L001239-237,source3,0.27253608514759214
B001240,R001240-955,source2,0.9999770500185827
B001240,R001240-198,source2,0.9999648310624161
B001240,R001240-870,source2,0.9999421714703879
B001240,R000321-772,source2,0.9999113842340681
B001240,L000321-161,source3,0.8811376658959788
B001240,L000321-984,source3,0.6593151423823969
B001241,R000497-187,source2,0.9998875586163456
B001241,R000497-113,source2,0.9997617890093561
B001241,L001241-288,source3,0.9783230618003971
B001241,L000497-153,source3,0.8222345552984479
B001242,R000187-176,source2,0.9999421714703879
B001242,R001242-947,source2,0.4573564878410501
B001242,L001242-610,source3,0.9999493005557634
B001242,L000187-292,source3,0.8401870592559946
B001243,R001243-462,source2,0.9999770500185827
B001243,R001243-132,source2,0.9999770500185827
B001243,R000782-142,source2,0.9999113842340681
B001243,R001243-813,source2,0.9999025651177307
B001243,R000782-683,source2,0.9998851198517242
B001243,L000782-220,source3,0.6593151423823969
B001244,R000798-324,source2,0.9998875586163456
B001244,R001244-937,source2,0.9647944125056496
B001244,L001244-754,source3,0.9999445606130445
B001245,R000060-660,source2,0.9936004388124227
B001245,R001245-195,source2,0.9759224105466007
B001245,R001245-314,source2,0.9759224105466007
B001245,L001245-681,source3,0.9999120180820402
B001245,L000060-658,source3,0.9992749740511603
B001246,R001246-293,source2,0.9999762669200863
B001246,R000164-733,source2,0.999881361860891
B001246,R001246-772,source2,0.5334059272246038
B001246,L001246-697,source3,0.9878932547709078
B001246,L000164-404,source3,0.4002281925945059
B001247,R001247-719,source2,0.9999770500185827
B001247,R000755-115,source2,0.9998875586163456
B001247,L001247-909,source3,0.9461911178468255
B001247,L000755-385,source3,0.5603904241913726
B001248,R001248-426,source2,0.9999770500185827
B001248,R001248-547,source2,0.9999412212703331
B001248,R001248-301,source2,0.9997276180997583
B001248,L001248-532,source3,0.9999493005557634
B001248,L000075-629,source3,0.24154948554893477
B001249,R001249-843,source2,0.9999412212703331
B001249,L000125-962,source3,0.8222345552984479
B001249,L000125-605,source3,0.6377937069608774
B001250,R001250-735,source2,0.9999412212703331
B001250,R001250-159,source2,0.9999099282041276
B001250,R000335-842,source2,0.9998794125981494
B001250,R001250-325,source2,0.9998632099945398
B001250,R000335-523,source2,0.9986995603577264
B001250,R000335-368,source2,0.2935396361203271
B001250,L001250-715,source3,0.9783230618003971
B001250,L000335-942,source3,0.6126856536337609
B001251,R001251-218,source2,0.9999421714703879
B001251,R000457-414,source2,0.999881361860891
B001252,R001252-728,source2,0.9999648310624161
B001252,R001101-872,source2,0.4313973982220657
B001252,L001252-736,source3,0.9999585703578097
B001252,L001252-728,source3,0.9999585703578097
B001252,L001252-315,source3,0.9999445606130445
B001252,L001252-736-U,source3,0.9257268611229305
B001252,L001101-262,source3,0.6593151423823969
B001253,R001253-225,source2,0.9999412212703331
B001253,R000477-506,source2,0.9998875586163456
B001253,R000477-976,source2,0.970864206264932
B001253,L001253-517,source3,0.9951374744132426
B001254,R001254-826,source2,0.9999770500185827
B001254,R001254-832,source2,0.9998350578565778
B001254,R000542-689,source2,0.9989499481326585
B001254,L000542-826,source3,0.9208539420711204
B001255,R001255-824,source2,0.9999585703578097
B001255,R001255-658,source2,0.9999585703578097
B001255,R000334-563,source2,0.9999113842340681
B001255,L000334-295,source3,0.9033894853758895
B001256,R000022-777,source2,0.9999421714703879
B001256,R000022-528,source2,0.9999421714703879
B001256,R001256-254,source2,0.9999007502697506
B001256,L001256-479,source3,0.9998987250381652
B001256,L001256-285,source3,0.9998868509241639
B001256,L001256-403,source3,0.9986117764585791
B001256,L001256-403-U,source3,0.8839270806526811
B001257,R000683-718,source2,0.18612435788598178
B001257,L001257-618,source3,0.9999585703578097
B001258,R000662-902,source2,0.9998875586163456
B001258,R001258-944,source2,0.9995708153898497
B001258,L001258-375,source3,0.9999585703578097
B001258,L000662-591,source3,0.5900501238720509
B001259,R001259-214,source2,0.9999421714703879
B001259,R000241-554,source2,0.9999113842340681
B001259,L001259-380,source3,0.9999329626983136
B001260,R001260-479,source2,0.9999770500185827
B001260,R001260-207,source2,0.9999099282041276
B001260,L001260-146,source3,0.9999585703578097
B001261,R001261-517,source2,0.9999421714703879
B001261,R001261-678,source2,0.9999412212703331
B001261,R000035-537,source2,0.9999113842340681
B001261,R000035-528,source2,0.9998131674002313
B001261,R000035-106,source2,0.9754516435269897
B001261,L001261-702,source3,0.6704657686246508
B001262,R000939-221,source2,0.999881361860891
B001262,R001262-693,source2,0.9998416564523719
B001262,L000939-270,source3,0.8080079542406454
B001262,L000939-207,source3,0.19938568840501622
B001263,R001263-834,source2,0.9999412212703331
B001263,R000781-215,source2,0.9999099282041276
B001263,R000781-251,source2,0.9999099282041276
B001263,L000781-834,source3,0.9583869805959896
B001264,R001264-358,source2,0.9998416564523719
B001264,L001264-475,source3,0.9995839743593183
B001264,L001264-638,source3,0.9625801207704777
B001265,R001265-836,source2,0.9995708153898497
B001265,L001265-119,source3,0.9819292437742767
B001266,R001266-840,source2,0.9999770500185827
B001266,R000235-928,source2,0.9999113842340681
B001266,R001266-149,source2,0.9998369347389084
B001266,L000235-734,source3,0.9762794124246011
B001267,R000641-438,source2,0.9998869768686837
B001267,L001267-917,source3,0.9948502075373081
B001268,R001268-237,source2,0.9999770500185827
B001268,R001026-717,source2,0.9999113842340681
B001268,R001026-199,source2,0.9999113842340681
B001268,L001268-132,source3,0.9999577986342696
B001268,L001026-155,source3,0.6593151423823969
B001269,R000190-302,source2,0.9999421714703879
B001269,R001269-828,source2,0.9999025651177307
B001269,L001269-778,source3,0.9998987250381652
B001269,L000190-141,source3,0.8811376658959788
B001270,R001270-530,source2,0.9998491553553901
B001270,L000419-404,source3,0.6593151423823969
B001271,R001271-957,source2,0.9999585703578097
B001271,R000949-726,source2,0.999881361860891
B001271,L001271-486,source3,0.9998239166909201
B001271,L000949-451,source3,0.8370466854199647
B001272,R001272-131,source2,0.999974652475012
B001272,R001272-876,source2,0.9999113842340681
B001272,R000496-386,source2,0.9995248873359598
B001272,R000496-386-D,source2,0.1895593861870404
B001272,L001272-811,source3,0.9063625936366903
B001272,L000496-354,source3,0.8581791003124883
B001273,R001273-964,source2,0.9999770500185827
B001273,R001194-145,source2,0.9999113842340681
B001273,L001273-167,source3,0.9999493005557634
B001273,L001273-606,source3,0.9993979666752181
B001273,L001194-315,source3,0.8126333661800595
B001273,L001194-838,source3,0.6593151423823969
B001274,R000185-423,source2,0.9999421714703879
B001274,L001274-816,source3,0.9949622149375347
B001274,L000185-938,source3,0.9611841134978032
B001275,R001275-322,source2,0.9999770500185827
B001275,R000980-484,source2,0.9998875586163456
B001275,L001275-488,source3,0.9999493005557634
B001275,L001275-543,source3,0.9996307848451129
B001275,L000980-518,source3,0.9741711624445223
B001276,R001276-910,source2,0.9999412212703331
B001276,R001276-803,source2,0.9999412212703331
B001276,R000182-288,source2,0.9998875586163456
B001276,L001276-704,source3,0.9952507261837277
B001276,L001276-887,source3,0.9896374765369386
B001276,L001208-311,source3,0.5900501238720509
B001277,R001277-610,source2,0.9999412212703331
B001277,R000179-789,source2,0.9723640439068472
B001277,L001277-685,source3,0.9949622149375347
B001277,L000179-437,source3,0.8581791003124883
B001277,L000179-212,source3,0.7881932270613005
B001278,R001278-900,source2,0.9999770500185827
B001278,R001029-521,source2,0.9998875586163456
B001279,R001279-885,source2,0.9999770500185827
B001279,R000361-877,source2,0.9999113842340681
B001279,L001279-514,source3,0.9932520791717493
B001279,L000361-684,source3,0.2648026577336924
B001280,R000239-676,source2,0.9999113842340681
B001280,R000239-707,source2,0.9997697812988825
B001280,L001280-647,source3,0.9999585703578097
B001280,L001280-433,source3,0.9999585703578097
B001280,L001280-604,source3,0.9999580342028827
B001280,L001280-647-U,source3,0.9380983207173167
B001281,L001281-832,source3,0.9999240712730928
B001281,L000172-844,source3,0.6123600957926169
B001281,L000172-471,source3,0.563735206928329
B001282,R001077-988,source2,0.9999113842340681
B001282,L001282-627,source3,0.9999585703578097
B001283,R001283-201,source2,0.9999766225137005
B001283,R000619-794,source2,0.9989133055160718
B001283,R000619-450,source2,0.974237203957405
B001283,L001283-139,source3,0.9999445606130445
B001283,L001283-851,source3,0.9999360746025507
B001283,L000619-943,source3,0.7523283116042633
B001284,R000316-291,source2,0.9999113842340681
B001284,R000316-404,source2,0.9998851198517242
B001284,R001284-599,source2,0.9994987740408616
B001284,L000316-382,source3,0.7797504408755925
B001284,L000316-844,source3,0.5392584504451334
B001285,R001285-175,source2,0.9999487972414767
B001285,R001285-113,source2,0.9999487972414767
B001285,R001285-408,source2,0.9997958464848592
B001285,L000193-403,source3,0.9954540753615969
B001286,R000992-254,source2,0.9999113842340681
B001286,R000992-969,source2,0.31337206688531527
B001286,L001286-950,source3,0.9999493005557634
B001286,L001286-222,source3,0.9949622149375347
B001287,R001037-190,source2,0.9999113842340681
B001287,R001037-436,source2,0.9999113842340681
B001287,R001037-368,source2,0.34105392984738997
B001287,L001287-708,source3,0.999291079140049
B001288,R001288-886,source2,0.9999421714703879
B001288,R000422-590,source2,0.9999113842340681
B001288,R000422-815,source2,0.9993644017297565
B001288,L001288-164,source3,0.9991838529376535
B001288,L001288-776,source3,0.9982879399510852
B001288,L000422-334,source3,0.7011230722357568
B001289,R001289-281,source2,0.9999770500185827
B001289,R000881-612,source2,0.9999113842340681
B001289,L001289-983,source3,0.9999488361175086
B001290,R001290-649,source2,0.9999421714703879
B001290,R001016-446,source2,0.9999113842340681
B001290,L001290-479,source3,0.9999493005557634
B001290,L001016-971,source3,0.6593151423823969
B001291,R001291-114,source2,0.9999412212703331
B001291,R000464-866,source2,0.999881361860891
B001291,L001291-771,source3,0.9999585703578097
B001291,L001291-793,source3,0.9999585703578097
B001291,L001291-635,source3,0.9999493005557634
B001291,L000464-259,source3,0.8080079542406454
B001291,L000464-454,source3,0.7503068844844915
B001292,R001292-989,source2,0.9999412212703331
B001292,R001292-852,source2,0.9999412212703331
B001292,R001032-464,source2,0.9998875586163456
B001292,L001292-639,source3,0.9948214484470582
B001292,L001032-621,source3,0.4584542183870116
B001293,R001293-964,source2,0.9999762669200863
B001293,R001293-716,source2,0.9999750318950119
B001293,R000385-542,source2,0.9998875586163456
B001293,L001293-804,source3,0.9999475706406721
B001293,L001293-878,source3,0.9949622149375347
B001293,L000385-260,source3,0.6229337346474062
B001294,R001294-399,source2,0.9999770500185827
B001294,R001294-598,source2,0.9999770500185827
B001294,L000708-950,source3,0.7689602246397973
B001295,R001295-366,source2,0.9999412212703331
B001295,R000508-842,source2,0.9998599655181525
B001295,L001295-968,source3,0.9999585703578097
B001296,R001296-134,source2,0.9999421714703879
B001296,R001296-274,source2,0.9999408138495283
B001296,L001296-826,source3,0.9982879399510852
