source1_entity_id,candidate_entity_id
S1-314714647,S3-837108914
S1-314714647,S2-968477409
S1-314714647,S3-192802051
S1-314714647,S2-46909251
S1-67172650,S3-520282171
S1-67172650,S2-74945214
S1-67172650,S2-555166797
S1-67172650,S3-776312267
S1-67172650,S3-251407198
S1-518197819,S2-891724637
S1-518197819,S3-14411598
S1-518197819,S2-585132276
S1-446697179,S3-787413121
S1-446697179,S3-142602324
S1-446697179,S2-922150401
S1-446697179,S2-377640723
S1-446697179,S2-86619877
S1-155848476,S3-79854379
S1-155848476,S2-911723717
S1-155848476,S2-306873906
S1-849274176,S2-769215892
S1-849274176,S2-780835769
S1-849274176,S2-34421487
S1-849274176,S3-168674505
S1-845031035,S3-40724734
S1-845031035,S3-584285454
S1-845031035,S2-350487755
S1-21508196,S3-392125709
S1-21508196,S2-943951166
S1-21508196,S2-627541174
S1-21508196,S2-728540724
S1-21508196,S2-817315055
S1-608665359,S2-944467858
S1-771118608,S2-959047416
S1-771118608,S3-319615062
S1-771118608,S3-950684070
S1-427574111,S3-976778991
S1-40930902,S3-634958662
S1-40930902,S3-695458327
S1-908308724,S3-704734711
S1-908308724,S3-311928554
S1-754942845,S3-936122926
S1-754942845,S3-469442740
S1-754942845,S2-933629691
S1-754942845,S2-153940033
S1-372076691,S3-197451937
S1-372076691,S2-632867681
S1-372076691,S3-472086350
S1-372076691,S3-214403211
S1-372076691,S2-481154221
S1-372076691,S2-995577312
S1-372076691,S3-590782264
S1-152434149,S2-787567869
S1-152434149,S2-63363631
S1-152434149,S3-34404362
S1-757724109,S2-539942617
S1-757724109,S3-356556655
S1-757724109,S3-140433585
S1-757724109,S2-597857710
S1-757724109,S3-955075928
S1-757724109,S3-931996272
S1-716830359,S3-737589534
S1-716830359,S2-306163710
S1-716830359,S2-795817041
S1-716830359,S3-762649005
S1-545946302,S3-336045709
S1-545946302,S3-634002678
S1-545946302,S2-196701374
S1-545946302,S2-653851340
S1-545946302,S3-188402953
S1-545946302,S2-460136490
S1-545946302,S2-598443398
S1-470047952,S2-276065115
S1-575426738,S2-865884503
S1-575426738,S3-805397667
S1-575426738,S2-704497129
S1-575426738,S3-232020626
S1-8697128,S2-850239131
S1-8697128,S3-921297772
S1-502645044,S2-745292311
S1-502645044,S3-288809186
S1-502645044,S2-204635595
S1-502645044,S2-266502013
S1-502645044,S3-244951176
S1-502645044,S3-895144762
S1-702250751,S3-188281988
S1-702250751,S3-66481299
S1-702250751,S2-113916599
S1-528855670,S3-997201737
S1-528855670,S2-570596765
S1-528855670,S3-339819176
S1-528855670,S3-121880924
S1-816670244,S3-495858843
S1-816670244,S2-298615086
S1-816670244,S3-140791845
S1-816670244,S3-965722166
S1-740212604,S2-420998751
S1-740212604,S3-726787553
S1-234472071,S3-143928971
S1-234472071,S2-216446358
S1-234472071,S2-558404608
S1-305839020,S3-875651698
S1-305839020,S2-451174013
S1-82820917,S3-854555958
S1-82820917,S2-301790605
S1-82820917,S2-52115458
S1-185426989,S2-793011878
S1-764746653,S3-390989711
S1-764746653,S3-803270467
S1-590581569,S3-166520602
S1-230674983,S3-354388939
S1-230674983,S2-609696853
S1-230674983,S3-814188931
S1-230674983,S3-5705304
S1-79877232,S2-487564314
S1-79877232,S3-889256189
S1-734993216,S2-227773482
S1-734993216,S3-475290153
S1-203260456,S3-204537761
S1-203260456,S2-822585016
S1-203260456,S2-733640695
S1-203260456,S3-653214758
S1-203260456,S2-214427379
S1-203260456,S3-984842983
S1-849233313,S2-890140326
S1-849233313,S2-162837948
S1-849233313,S3-887028740
S1-613595380,S3-862471137
S1-350094757,S2-196038492
S1-350094757,S3-591562825
S1-350094757,S3-350132199
S1-350094757,S2-728849723
S1-950473771,S2-47199545
S1-950473771,S2-568664164
S1-950473771,S3-888313475
S1-835682577,S2-428654181
S1-835682577,S2-223129090
S1-835682577,S3-731792989
S1-835682577,S2-69145459
S1-835682577,S3-285418917
S1-835682577,S3-41824266
S1-353994754,S3-657086920
S1-353994754,S2-306335530
S1-353994754,S2-234363804
S1-353994754,S2-174900579
S1-429417491,S3-840558966
S1-429417491,S3-849769935
S1-429417491,S3-395700654
S1-222955052,S3-410982794
S1-222955052,S2-11361412
S1-222955052,S3-289135034
S1-222955052,S2-334018836
S1-222955052,S3-579604979
S1-16253430,S3-431862884
S1-16253430,S2-509770246
S1-805248801,S3-642637225
S1-805248801,S3-824997676
S1-805248801,S3-433548279
S1-805248801,S3-351319781
S1-805248801,S2-384313220
S1-805248801,S2-128689654
S1-805248801,S2-898352135
S1-805248801,S2-97179264
S1-432777941,S2-206328821
S1-278523742,S2-210416257
S1-278523742,S3-943228767
S1-278523742,S3-810288401
S1-278523742,S2-128469755
S1-772907843,S3-786746062
S1-772907843,S3-916063399
S1-796797006,S3-163877680
S1-796797006,S3-862001321
S1-796797006,S2-102644244
S1-796797006,S2-179387049
S1-796797006,S3-540673355
S1-796797006,S2-479589668
S1-796797006,S3-627041804
S1-367177891,S3-827216439
S1-367177891,S3-415751489
S1-367177891,S2-247548739
S1-367177891,S2-616383381
S1-105397585,S2-461513115
S1-105397585,S3-760576373
S1-105397585,S3-211744715
S1-105397585,S3-297617221
S1-77028595,S2-809637396
S1-77028595,S2-316403767
S1-77028595,S3-953770902
S1-660841326,S2-286493469
S1-660841326,S3-239603461
S1-575231919,S2-310430279
S1-575231919,S2-901307968
S1-575231919,S3-425872
S1-647946220,S3-741562582
S1-647946220,S3-632565214
S1-647946220,S2-325010057
S1-647946220,S3-651054143
S1-534890945,S2-890795457
S1-247777402,S2-438820031
S1-247777402,S2-149126284
S1-247777402,S3-129814908
S1-816341434,S2-944569367
S1-816341434,S3-770636060
S1-816341434,S3-900463102
S1-816341434,S3-46245544
S1-816341434,S2-681394177
S1-657738895,S2-981318822
S1-657738895,S3-922712640
S1-657738895,S3-221190280
S1-657738895,S2-297504916
S1-657738895,S2-707950106
S1-757896798,S2-340735117
S1-757896798,S2-157178063
S1-757896798,S2-562656790
S1-757896798,S3-903631032
S1-757896798,S3-524590178
S1-757896798,S3-150414041
S1-757896798,S3-340044857
S1-719791247,S2-878882431
S1-719791247,S3-200413190
S1-719791247,S3-84414487
S1-719791247,S2-975597937
S1-719791247,S2-343541953
S1-646823348,S2-90319751
S1-646823348,S3-507149524
S1-646823348,S2-280582836
S1-377090770,S3-317705473
S1-377090770,S2-307432760
S1-377090770,S3-618956609
S1-593131633,S2-252286028
S1-593131633,S3-304695497
S1-593131633,S3-82579274
S1-44112672,S2-97630761
S1-44112672,S3-534100132
S1-44112672,S3-584390398
S1-44112672,S3-994798177
S1-44112672,S3-744083556
S1-943552839,S2-495273380
S1-943552839,S2-768864480
S1-943552839,S2-602283621
S1-943552839,S3-805438663
S1-589815236,S2-397672345
S1-589815236,S2-599290644
S1-589815236,S3-542179877
S1-354790697,S2-81217555
S1-354790697,S3-831253263
S1-636220578,S3-535694224
S1-636220578,S2-236703823
S1-636220578,S3-681005545
S1-37533698,S2-43058926
S1-37533698,S3-825222852
S1-37533698,S3-185015817
S1-37533698,S3-150736095
S1-37533698,S2-86882746
S1-37533698,S2-248393724
S1-18526471,S3-373727412
S1-18526471,S2-614628564
S1-18526471,S3-665674137
S1-197712484,S2-319471737
S1-197712484,S2-782710009
S1-197712484,S3-387183021
S1-197712484,S3-687889485
S1-139036583,S2-584553259
S1-139036583,S3-143601825
S1-139036583,S2-257080543
S1-233989283,S3-310087750
S1-233989283,S3-269717122
S1-233989283,S2-727276170
S1-769824847,S3-421454746
S1-769824847,S2-397323273
S1-769824847,S3-472324222
S1-22040427,S2-524972238
S1-22040427,S3-779180947
S1-22040427,S2-330363155
S1-123264192,S2-284415356
S1-123264192,S2-72498405
S1-123264192,S2-221606223
S1-123264192,S2-719337525
S1-123264192,S2-908501716
S1-123264192,S3-460154004
S1-785227684,S3-790008341
S1-785227684,S2-973217060
S1-785227684,S3-542127458
S1-692685078,S2-111632300
S1-692685078,S2-866165930
S1-692685078,S2-597976237
S1-692685078,S3-555662776
S1-692685078,S2-600120323
S1-536659110,S3-646499757
S1-536659110,S2-509930489
S1-536659110,S3-214809447
S1-536659110,S3-132889486
S1-536659110,S3-783087238
S1-519724075,S3-357433449
S1-519724075,S2-880990006
S1-558830851,S3-192462814
S1-558830851,S3-630511519
S1-558830851,S2-855713599
S1-214288155,S3-144415837
S1-214288155,S2-959419015
S1-214288155,S2-96668317
S1-214288155,S3-710478737
S1-214288155,S2-188398893
S1-214288155,S3-858477566
S1-214288155,S3-973725255
S1-760200351,S2-685203548
S1-760200351,S2-555636706
S1-760200351,S2-844023898
S1-760200351,S3-157488345
S1-885430293,S3-640057863
S1-885430293,S2-334968119
S1-885430293,S3-665945335
S1-605807268,S3-246750527
S1-605807268,S3-284621036
S1-605807268,S2-717994494
S1-605807268,S2-246072187
S1-605807268,S3-848690622
S1-639158873,S2-687108915
S1-639158873,S2-832420098
S1-639158873,S2-959135100
S1-639158873,S3-768140796
S1-639158873,S2-561554363
S1-142293438,S2-562633334
S1-142293438,S3-829601744
S1-717209658,S2-378507043
S1-717209658,S3-808724987
S1-717209658,S3-478300648
S1-843297565,S2-71958034
S1-843297565,S2-582972507
S1-843297565,S3-275200479
S1-458447698,S3-837221267
S1-458447698,S2-680841037
S1-891990458,S2-785577826
S1-891990458,S2-492228560
S1-891990458,S3-22510221
S1-891990458,S2-834069453
S1-82992479,S2-325402666
S1-82992479,S3-573683779
S1-82992479,S2-70451915
S1-82992479,S3-23432143
S1-57273240,S3-60724041
S1-57273240,S2-501229667
S1-57273240,S2-522275212
S1-944242810,S3-757810812
S1-944242810,S3-370766523
S1-944242810,S2-530820318
S1-838840039,S3-852944549
S1-838840039,S2-549083149
S1-838840039,S3-626180283
S1-838840039,S2-904499170
S1-838840039,S3-406868221
S1-838840039,S2-749017865
S1-984488098,S3-586406109
S1-984488098,S3-1981348
S1-911343574,S2-169860451
S1-911343574,S3-158531686
S1-911343574,S3-333516132
S1-485925674,S3-930014123
S1-485925674,S2-187703077
S1-485925674,S2-608541269
S1-485925674,S3-7414360
S1-485925674,S3-917379308
S1-485925674,S2-632813514
S1-100863147,S2-562221440
S1-100863147,S3-361287279
S1-242922247,S3-349500874
S1-242922247,S2-266391946
S1-793887817,S3-976709609
S1-793887817,S3-218980460
S1-793887817,S2-610231376
S1-793887817,S3-794978106
S1-793887817,S2-389471025
S1-257343619,S3-344535187
S1-257343619,S2-935590254
S1-257343619,S3-604841871
S1-257343619,S2-33211705
S1-196331683,S2-746984069
S1-196331683,S2-713234396
S1-196331683,S2-279260938
S1-196331683,S3-144499251
S1-650710207,S2-159066538
S1-650710207,S3-740454489
S1-650710207,S3-167064822
S1-650710207,S2-814452803
S1-650710207,S3-699640379
S1-650710207,S2-57676509
S1-801472889,S2-682381808
S1-801472889,S2-878297471
S1-801472889,S2-19981155
S1-801472889,S3-676066441
S1-812699729,S3-548374079
S1-214358563,S2-810818985
S1-214358563,S2-422546298
S1-214358563,S2-896733113
S1-214358563,S2-936703694
S1-807540116,S2-401142397
S1-807540116,S2-886345101
S1-807540116,S2-186539894
S1-234267218,S3-468653172
S1-234267218,S2-517334780
S1-234267218,S2-636783492
S1-234267218,S3-800157011
S1-234267218,S2-307298459
S1-234267218,S3-805917236
S1-620241351,S2-717890166
S1-758188791,S3-816173928
S1-631341255,S2-721877756
S1-631341255,S3-431100343
S1-631341255,S2-895907560
S1-631341255,S3-638112966
S1-143975741,S2-648504654
S1-143975741,S3-428219779
S1-143975741,S3-537216706
S1-143975741,S3-905794944
S1-143975741,S2-913367510
S1-591828712,S2-26623805
S1-591828712,S2-104229076
S1-591828712,S3-572496006
S1-308267378,S2-942473002
S1-308267378,S3-977433675
S1-308267378,S2-536354350
S1-307574811,S3-516527436
S1-307574811,S2-899393793
S1-307574811,S2-314661975
S1-214964636,S2-598156235
S1-214964636,S2-894538178
S1-214964636,S2-535354196
S1-214964636,S3-607235266
S1-716256821,S3-518034943
S1-716256821,S3-806926005
S1-716256821,S3-982103307
S1-716256821,S2-562095999
S1-488440596,S3-784490701
S1-488440596,S3-721291654
S1-488440596,S2-111837871
S1-547015977,S2-793087733
S1-335425062,S3-639863646
S1-335425062,S2-187192022
S1-547484010,S3-476240747
S1-547484010,S2-558773776
S1-505302109,S3-225203644
S1-927006293,S3-819686233
S1-927006293,S3-268892545
S1-927006293,S3-64447241
S1-365066438,S3-306555216
S1-365066438,S2-317278534
S1-365066438,S3-850644695
S1-170517230,S2-379456471
S1-170517230,S2-521493666
S1-314766055,S2-229594348
S1-314766055,S2-932811063
S1-314766055,S2-893074912
S1-314766055,S2-140521556
S1-314766055,S3-998250899
S1-386204290,S2-92834324
S1-386204290,S2-60252946
S1-386204290,S2-261410845
S1-871684674,S2-889297832
S1-871684674,S2-243793742
S1-871684674,S3-351002131
S1-901481314,S2-36227329
S1-901481314,S3-114092523
S1-901481314,S2-351267600
S1-901481314,S2-454890124
S1-146571990,S2-60617825
S1-146571990,S3-737642460
S1-146571990,S3-976694363
S1-146571990,S2-708112654
S1-112331388,S2-481294479
S1-112331388,S3-724708590
S1-112331388,S2-234992376
S1-112331388,S3-447980941
S1-112331388,S3-800070604
S1-442096722,S3-40870693
S1-442096722,S3-328008496
S1-442096722,S2-72705154
S1-394308059,S3-7322269
S1-394308059,S2-645716532
S1-569393653,S3-852017222
S1-569393653,S2-510577931
S1-493794182,S3-682506587
S1-493794182,S3-460862786
S1-493794182,S2-206078469
S1-720939112,S2-4960754
S1-720939112,S3-705886638
S1-720939112,S2-975296001
S1-720939112,S2-942897880
S1-720939112,S3-571702724
S1-825226270,S2-483711391
S1-825226270,S3-447248537
S1-825226270,S3-668249080
S1-825226270,S2-992264377
S1-825226270,S2-194074244
S1-73035818,S2-901921318
S1-73035818,S3-198196062
S1-525341839,S3-78876997
S1-525341839,S3-495962624
S1-525341839,S3-677688858
S1-525341839,S2-607507605
S1-525341839,S2-719453476
S1-525341839,S3-7474420
S1-525341839,S2-11197095
S1-525341839,S2-31941244
S1-840608675,S2-920563454
S1-840608675,S2-29672220
S1-840608675,S3-594576972
S1-840608675,S2-229321473
S1-840608675,S2-758028542
S1-720835828,S2-251511976
S1-720835828,S3-119938217
S1-97624517,S3-309407954
S1-97624517,S2-940486347
S1-97624517,S3-141168429
S1-97624517,S3-402465863
S1-97624517,S2-428153455
S1-712709184,S2-761062088
S1-712709184,S2-927858874
S1-182398964,S2-285986904
S1-182398964,S2-82209428
S1-182398964,S3-877458726
S1-182398964,S3-420829209
S1-182398964,S2-806072174
S1-515090700,S3-795458061
S1-515090700,S2-436179064
S1-515090700,S2-328218116
S1-515090700,S3-879756575
S1-515090700,S3-918070002
S1-515090700,S3-248593681
S1-439152846,S3-737166212
S1-923876088,S3-545163435
S1-923876088,S3-791399301
S1-923876088,S2-905835964
S1-384100828,S3-923726124
S1-384100828,S2-389131336
S1-384100828,S3-890668722
S1-384100828,S2-612551107
S1-778385714,S3-567534471
S1-778385714,S2-882634063
S1-778385714,S2-879652452
S1-778385714,S3-140023485
S1-778385714,S3-190645576
S1-778385714,S3-768885901
S1-778385714,S3-481626929
S1-778385714,S2-885077368
S1-205099854,S2-84589759
S1-788641874,S3-986736257
S1-788641874,S3-898170231
S1-173322839,S2-162892363
S1-173322839,S3-914822259
S1-173322839,S3-711009366
S1-173322839,S2-635235797
S1-173322839,S2-289861035
S1-173322839,S2-191820805
S1-787762564,S2-452085056
S1-787762564,S2-734209696
S1-787762564,S2-174025512
S1-309275,S3-499870580
S1-309275,S3-374044014
S1-309275,S2-691670898
S1-164805653,S3-2031084
S1-164805653,S3-738543078
S1-164805653,S2-78915312
S1-743469842,S2-553953406
S1-331299685,S2-615966456
S1-331299685,S2-527836720
S1-331299685,S3-727567613
S1-929645864,S2-599183118
S1-929645864,S2-675701345
S1-929645864,S3-478140237
S1-929645864,S2-240885620
S1-929645864,S2-487495125
S1-224560042,S3-529733497
S1-224560042,S3-162637191
S1-224560042,S3-287155830
S1-224560042,S2-104558070
S1-327816594,S3-226431245
S1-327816594,S2-523971909
S1-327816594,S2-187994942
S1-327816594,S2-370097762
S1-327816594,S2-766612942
S1-897771930,S3-153366548
S1-897771930,S2-617715811
S1-897771930,S2-184520862
S1-259171598,S2-613206335
S1-259171598,S3-796459330
S1-259171598,S3-122036707
S1-259171598,S2-29154323
S1-259171598,S3-777250920
S1-168938773,S2-617111669
S1-168938773,S3-222921120
S1-833411606,S3-816485511
S1-717593731,S2-285237744
S1-717593731,S3-531835832
S1-776981259,S2-685466293
S1-776981259,S2-750111240
S1-244634911,S3-601372818
S1-244634911,S2-73305400
S1-244634911,S2-951699064
S1-244634911,S2-95522956
S1-244634911,S2-899234382
S1-318107857,S3-763477776
S1-727414309,S2-146837546
S1-727414309,S3-635567159
S1-727414309,S2-416288555
S1-727414309,S2-4156876
S1-727414309,S3-348053017
S1-737440954,S3-625403595
S1-737440954,S2-386034885
S1-737440954,S2-463908811
S1-737440954,S3-153642591
S1-737440954,S2-396022678
S1-737440954,S2-648034216
S1-139528085,S2-769296830
S1-139528085,S3-416385892
S1-139528085,S3-801512288
S1-859043162,S3-569949541
S1-859043162,S2-895188960
S1-859043162,S2-723783175
S1-859043162,S3-819753051
S1-812109216,S3-43441421
S1-812109216,S3-673851166
S1-812109216,S3-727222735
S1-812109216,S2-408477685
S1-812109216,S2-315891226
S1-523462903,S2-318949238
S1-523462903,S2-850747344
S1-523462903,S3-487132823
S1-523462903,S2-476850539
S1-523462903,S2-759697862
S1-523462903,S2-916808125
S1-523462903,S3-267374262
S1-616649726,S3-531569403
S1-616649726,S2-533318912
S1-616649726,S3-171956801
S1-616649726,S2-660299849
S1-616649726,S3-909558968
S1-616649726,S2-670777451
S1-515484030,S3-266621047
S1-515484030,S2-625693372
S1-515484030,S3-778923599
S1-664926832,S2-893384549
S1-664926832,S3-409581749
S1-470444342,S3-402500145
S1-470444342,S3-163337160
S1-969241071,S2-404246869
S1-969241071,S2-2364642
S1-969241071,S2-242774266
S1-969241071,S3-450895297
S1-969241071,S2-598661560
S1-295248187,S2-83466610
S1-295248187,S3-644301074
S1-983070105,S2-36894055
S1-983070105,S3-324927926
S1-161469813,S3-577169787
S1-727988082,S2-868935105
S1-727988082,S3-295551349
S1-727988082,S2-169181053
S1-727988082,S2-108213608
S1-831926209,S2-733998667
S1-831926209,S3-41260570
S1-831926209,S3-8539511
S1-831926209,S3-704590674
S1-831926209,S2-932232266
S1-831926209,S3-684756955
S1-305756793,S3-256905675
S1-197022115,S2-806175110
S1-197022115,S3-401917904
S1-83135743,S3-115446363
S1-83135743,S3-832106193
S1-83135743,S3-192313900
S1-83135743,S2-900489757
S1-207456317,S3-288128083
S1-207456317,S3-643460776
S1-207456317,S2-261433982
S1-207456317,S2-538185490
S1-905724591,S3-505575699
S1-905724591,S3-468316424
S1-905724591,S2-687609479
S1-905724591,S3-586865791
S1-71800180,S2-465920194
S1-71800180,S3-763043297
S1-540537380,S3-617926872
S1-521726153,S2-507911974
S1-521726153,S3-36155992
S1-521726153,S3-612247210
S1-677306915,S2-206004538
S1-677306915,S3-541116276
S1-246029593,S2-861097138
S1-246029593,S2-72804302
S1-246029593,S3-319578301
S1-246029593,S3-705225792
S1-246029593,S3-17690025
S1-246029593,S3-365468458
S1-305661951,S3-984465625
S1-305661951,S3-691466248
S1-305661951,S2-712350095
S1-305661951,S2-491692680
S1-305661951,S3-266364587
S1-750314877,S3-358591234
S1-750314877,S3-450999700
S1-750314877,S3-454038288
S1-750314877,S2-780875927
S1-750314877,S3-875903765
S1-328084954,S2-696944329
S1-328084954,S3-441154657
S1-328084954,S3-338913038
S1-513273087,S2-148862213
S1-513273087,S2-198867122
S1-513273087,S2-396720809
S1-513273087,S2-264385667
S1-513273087,S3-696633870
S1-390624607,S3-40927312
S1-390624607,S2-121741960
S1-390624607,S3-624071783
S1-390624607,S3-898554004
S1-390624607,S2-344752723
S1-771143878,S2-888437748
S1-771143878,S2-372518694
S1-771143878,S2-550087902
S1-771143878,S3-674563770
S1-771143878,S2-49070475
S1-159780618,S3-781796187
S1-159780618,S2-283573566
S1-159780618,S3-196531534
S1-159780618,S2-552357903
S1-159780618,S3-391542690
S1-806196392,S2-349625591
S1-806196392,S3-357521373
S1-806196392,S2-303486806
S1-806196392,S2-183389257
S1-806196392,S3-894037341
S1-743222351,S3-541943815
S1-743222351,S3-889903495
S1-743222351,S3-575666632
S1-743222351,S3-994367785
S1-743222351,S2-666511058
S1-866981551,S2-306864605
S1-866981551,S3-384627320
S1-866981551,S2-763772293
S1-866981551,S2-878490263
S1-866981551,S2-563600277
S1-984100326,S3-853148573
S1-984100326,S3-263321691
S1-984100326,S2-882291566
S1-242978409,S2-660304136
S1-242978409,S3-481501257
S1-242978409,S3-173509680
S1-242978409,S2-954352524
S1-507450623,S2-293086294
S1-507450623,S3-999826578
S1-507450623,S3-142470809
S1-290533208,S3-914382394
S1-290533208,S3-475439220
S1-290533208,S2-622764236
S1-290533208,S2-559071877
S1-279381091,S3-903373547
S1-279381091,S3-535239709
S1-279381091,S3-54428936
S1-143669192,S3-417545624
S1-143669192,S2-118095018
S1-143669192,S3-566282750
S1-956704369,S3-194085373
S1-956704369,S2-188504282
S1-956704369,S3-279320321
S1-956704369,S3-612317912
S1-956704369,S2-579573200
S1-956704369,S2-622411030
S1-956704369,S2-826434177
S1-343463160,S2-896018638
S1-343463160,S3-755900537
S1-343463160,S3-734597784
S1-343463160,S2-377614635
S1-343463160,S3-797682298
S1-617279816,S3-230336561
S1-629528509,S2-615203350
S1-629528509,S3-846447415
S1-629528509,S3-737740967
S1-971654087,S3-707513523
S1-971654087,S2-228292594
S1-39494364,S3-469248516
S1-39494364,S2-197308004
S1-39494364,S3-615684148
S1-16497483,S3-64273264
S1-16497483,S3-822546429
S1-16497483,S2-967636471
S1-16497483,S3-805460899
S1-217570021,S3-827728796
S1-217570021,S2-495860240
S1-217570021,S3-92528308
S1-217570021,S2-847943521
S1-596784437,S3-891169097
S1-574729652,S3-621548153
S1-574729652,S3-524520398
S1-574729652,S2-745645780
S1-840383174,S3-208972157
S1-840383174,S3-418188470
S1-17487135,S3-46934812
S1-17487135,S3-202891
S1-786345204,S3-951709044
S1-786345204,S3-87232968
S1-786345204,S2-634678042
S1-786345204,S2-934131797
S1-871945785,S3-998501926
S1-871945785,S2-27434307
S1-871945785,S2-606062373
S1-871945785,S2-941791592
S1-871945785,S3-765848406
S1-871945785,S3-736657083
S1-871945785,S3-140667463
S1-513234461,S2-306593501
S1-513234461,S3-630026740
S1-992782796,S3-363573827
S1-992782796,S2-605958570
S1-256450670,S3-972841055
S1-524806570,S2-487705055
S1-524806570,S2-466989917
S1-524806570,S3-88172410
S1-524806570,S3-553944064
S1-842184678,S2-944686869
S1-842184678,S3-426312615
S1-842184678,S3-849775727
S1-842184678,S2-485420203
S1-389624737,S3-2248264
S1-389624737,S3-907309455
S1-389624737,S3-421866937
S1-389624737,S2-487365381
S1-857257334,S2-400483350
S1-857257334,S2-629702484
S1-857257334,S3-211745022
S1-857257334,S3-510171690
S1-857257334,S3-295673470
S1-254943215,S3-877670799
S1-254943215,S2-506247416
S1-254943215,S2-540368716
S1-254943215,S2-292533542
S1-938660336,S2-616907023
S1-938660336,S3-515161423
S1-938660336,S3-61789937
S1-938660336,S2-916246615
S1-938660336,S3-603930667
S1-904806600,S3-399344684
S1-904806600,S3-2807417
S1-185852009,S2-599879127
S1-185852009,S2-657731293
S1-135776112,S3-876594928
S1-135776112,S2-156498949
S1-135776112,S3-487668744
S1-135776112,S3-439471297
S1-336170288,S3-697524803
S1-336170288,S2-47663196
S1-336170288,S2-1195101
S1-336170288,S2-327099381
S1-336170288,S2-105141087
S1-985526877,S3-245310639
S1-985526877,S3-330924460
S1-985526877,S2-177336415
S1-712217363,S3-591964251
S1-712217363,S3-295009383
S1-712217363,S2-670368919
S1-712217363,S3-491126542
S1-712217363,S2-748684743
S1-712217363,S2-310982219
S1-519764293,S2-502461565
S1-519764293,S2-849417542
S1-519764293,S3-122738243
S1-519764293,S3-306679622
S1-390254188,S3-843332694
S1-390254188,S2-472806133
S1-390254188,S2-107439898
S1-390254188,S3-809620047
S1-408239346,S2-90087796
S1-408239346,S2-417915497
S1-408239346,S3-398853308
S1-408239346,S2-373371637
S1-224230303,S3-726527451
S1-224230303,S3-583171844
S1-224230303,S2-770260127
S1-224230303,S2-392409399
S1-787091815,S2-147587777
S1-787091815,S2-298977881
S1-572464827,S3-885333484
S1-572464827,S3-965156580
S1-50663297,S3-43120208
S1-50663297,S3-971962556
S1-50663297,S2-244351365
S1-50663297,S2-735861524
S1-367995784,S2-219343778
S1-367995784,S2-686459703
S1-367995784,S2-476590615
S1-367995784,S3-143255520
S1-367995784,S2-425778519
S1-270991817,S2-8056630
S1-270991817,S2-657402056
S1-270991817,S3-361774455
S1-270991817,S2-525790942
S1-287696590,S3-447313809
S1-287696590,S2-552925709
S1-224255597,S3-287902510
S1-224255597,S2-514353517
S1-148727962,S2-696647548
S1-749591845,S2-245136576
S1-749591845,S3-382675845
S1-749591845,S2-852525575
S1-749591845,S3-800310968
S1-749591845,S2-922550397
S1-675118486,S2-106811953
S1-675118486,S2-451382317
S1-675118486,S3-704904360
S1-675118486,S3-590843646
S1-675118486,S3-486313383
S1-675118486,S3-920386931
S1-41855830,S3-658645963
S1-41855830,S2-335053390
S1-41855830,S2-741349062
S1-41855830,S2-374909796
S1-41855830,S2-141921534
S1-41855830,S2-732532708
S1-658263935,S3-149710400
S1-658263935,S2-472527982
S1-658263935,S2-16952310
S1-658263935,S3-890237440
S1-658263935,S2-930913045
S1-658263935,S3-92702350
S1-251657565,S3-768191250
S1-251657565,S2-466408797
S1-251657565,S2-885346047
S1-251657565,S3-789891837
S1-251657565,S3-863659429
S1-251657565,S2-628891903
S1-445902616,S3-847690016
S1-445902616,S3-921350587
S1-358311105,S2-449379934
S1-358311105,S2-237702095
S1-358311105,S2-420738053
S1-358311105,S2-694550813
S1-915863734,S2-600990305
S1-915863734,S2-830651163
S1-915863734,S3-32317512
S1-428949544,S2-996206460
S1-428949544,S3-757831799
S1-428949544,S2-486316792
S1-428949544,S3-966306113
S1-428949544,S3-207945413
S1-428949544,S2-602063536
S1-285442964,S3-910024761
S1-285442964,S3-81736229
S1-285442964,S3-419561349
S1-285442964,S3-414914979
S1-285442964,S3-811381606
S1-285442964,S2-321457063
S1-625110277,S2-877436146
S1-625110277,S2-579529534
S1-625110277,S3-496547478
S1-625110277,S3-713627731
S1-369424937,S3-815542114
S1-369424937,S2-140770450
S1-369424937,S2-773824045
S1-488413252,S3-9154544
S1-488413252,S2-221061127
S1-488413252,S3-284755653
S1-488413252,S3-932355820
S1-499386637,S2-400838617
S1-499386637,S3-992972468
S1-499386637,S2-364662041
S1-499386637,S2-74847377
S1-499386637,S3-772772228
S1-499386637,S2-653937250
S1-778906622,S3-607675873
S1-778906622,S2-404643296
S1-778906622,S2-764772657
S1-778906622,S3-440853974
S1-542112947,S3-666164953
S1-542112947,S3-934754202
S1-542112947,S2-566087385
S1-542112947,S3-131927715
S1-201516538,S2-276169614
S1-201516538,S2-283832306
S1-201516538,S3-186926070
S1-60730377,S2-667702892
S1-60730377,S3-936358055
S1-60730377,S2-163535600
S1-60730377,S2-650813277
S1-28324145,S3-150061307
S1-28324145,S2-319465719
S1-254455780,S3-33399769
S1-254455780,S2-520902350
S1-254455780,S3-299885894
S1-218191432,S2-930272214
S1-218191432,S3-539984043
S1-397274285,S3-96540038
S1-397274285,S2-535624502
S1-397274285,S2-8487397
S1-397274285,S3-267304710
S1-308361570,S3-686828220
S1-308361570,S3-618258067
S1-214747066,S3-651660889
S1-214747066,S3-465530075
S1-214747066,S2-610325860
S1-214747066,S2-432472281
S1-947576329,S3-817597933
S1-947576329,S3-237612471
S1-947576329,S2-822973860
S1-518916720,S2-131645272
S1-518916720,S2-170695598
S1-541388075,S3-10166651
S1-541388075,S2-960587720
S1-309736578,S2-180017017
S1-309736578,S2-15567566
S1-309736578,S2-252399947
S1-309736578,S2-184319235
S1-309736578,S3-512387708
S1-781180637,S3-163267499
S1-781180637,S2-178417192
S1-781180637,S3-571457999
S1-132945830,S2-150306793
S1-132945830,S3-275683705
S1-132945830,S2-97033190
S1-132945830,S3-761736701
S1-132945830,S3-863455319
S1-298288469,S3-653289110
S1-298288469,S2-688585471
S1-298288469,S2-336899961
S1-298288469,S3-312701975
S1-499205551,S2-405453191
S1-499205551,S2-724464833
S1-499205551,S3-972104511
S1-499205551,S2-620529232
S1-532250303,S3-777315905
S1-532250303,S2-423567325
S1-532250303,S2-165056640
S1-532250303,S3-315323406
S1-483346360,S3-619165529
S1-782404804,S3-679491706
S1-782404804,S3-264780946
S1-782404804,S3-410561999
S1-782404804,S2-470560110
S1-782404804,S3-303875540
S1-335976337,S2-509798243
S1-335976337,S2-945819864
S1-335976337,S2-550528433
S1-335976337,S3-36923435
S1-335976337,S2-584817980
S1-335976337,S2-530969536
S1-305725751,S3-894464516
S1-305725751,S2-576888482
S1-305725751,S2-737908920
S1-305725751,S3-756281880
S1-305725751,S2-143771879
S1-37459632,S3-699710173
S1-37459632,S2-506564852
S1-37459632,S3-255727254
S1-640135151,S2-617918710
S1-640135151,S3-349010665
S1-640135151,S2-12544499
S1-167635774,S3-835148955
S1-167635774,S2-910157779
S1-167635774,S2-435508199
S1-167635774,S2-109320044
S1-114222889,S2-705452873
S1-114222889,S3-116779519
S1-114222889,S3-544040067
S1-114222889,S2-378004361
S1-114222889,S3-640478041
S1-827960505,S2-816635340
S1-827960505,S2-119434799
S1-527083956,S2-822348725
S1-77081966,S3-89413012
S1-77081966,S2-796645123
S1-77081966,S2-188703848
S1-490497760,S2-935154695
S1-490497760,S2-888551346
S1-490497760,S3-427085647
S1-490497760,S3-190023625
S1-223163086,S3-27187731
S1-223163086,S2-842090687
S1-222351568,S3-114993732
S1-222351568,S3-215029213
S1-222351568,S2-882890317
S1-442505168,S3-625042446
S1-442505168,S3-806509340
S1-400071334,S2-881446976
S1-400071334,S3-236096252
S1-400071334,S2-920213778
S1-400071334,S3-261656352
S1-400071334,S3-995070417
S1-401943085,S2-304726085
S1-401943085,S3-103714477
S1-148934965,S3-372009402
S1-148934965,S3-806874787
S1-148934965,S3-230293880
S1-148934965,S2-810557555
S1-300869860,S3-216303823
S1-300869860,S2-447757127
S1-300869860,S2-770247005
S1-24535786,S3-424972972
S1-24535786,S3-775100325
S1-24535786,S2-76796266
S1-24535786,S2-35274276
S1-24535786,S3-510947919
S1-803839474,S2-34573427
S1-803839474,S3-83625412
S1-961785229,S2-104638783
S1-961785229,S3-360584360
S1-961785229,S2-696651985
S1-961785229,S3-303978553
S1-961785229,S3-614624405
S1-110818108,S2-716842815
S1-110818108,S3-891185743
S1-110818108,S3-100271285
S1-110818108,S2-750985192
S1-110818108,S2-439569782
S1-864793302,S3-124835338
S1-864793302,S3-709778919
S1-864793302,S2-648385636
S1-88970267,S2-208623211
S1-88970267,S2-843950602
S1-702446358,S2-519029770
S1-702446358,S2-243364310
S1-702446358,S2-126052945
S1-702446358,S3-401186411
S1-702446358,S3-88761844
S1-495845525,S2-213948342
S1-495845525,S3-828587259
S1-495845525,S2-557624526
S1-495845525,S3-185374005
S1-787458003,S3-705405615
S1-787458003,S3-696468559
S1-787458003,S3-745553700
S1-334614789,S3-448942798
S1-334614789,S2-712812355
S1-334614789,S2-695475179
S1-946805752,S3-542493516
S1-946805752,S3-800145323
S1-274417045,S3-464369613
S1-274417045,S3-32376672
S1-274417045,S2-737221877
S1-274417045,S2-485398137
S1-954853545,S2-883828099
S1-92803513,S3-333943989
S1-92803513,S3-925735561
S1-92803513,S3-562860652
S1-92803513,S2-814635318
S1-702376127,S3-961580026
S1-702376127,S2-961055992
S1-702376127,S3-229421103
S1-702376127,S2-997604575
S1-702376127,S2-821341849
S1-702376127,S3-800982448
S1-702376127,S2-42299190
S1-702376127,S3-479433610
S1-702376127,S3-111491050
S1-893140995,S3-669713575
S1-893140995,S3-638085841
S1-893140995,S2-940435510
S1-893140995,S3-183423746
S1-615423857,S3-691652541
S1-615423857,S2-626163352
S1-615423857,S2-27746493
S1-615423857,S2-583341060
S1-615423857,S2-429619462
S1-318789296,S2-834295388
S1-318789296,S2-478934400
S1-318789296,S3-150150727
S1-298371238,S3-204236215
S1-298371238,S3-99900753
S1-298371238,S3-678838688
S1-855169717,S3-561112747
S1-855169717,S3-624079970
S1-554513559,S3-681710047
S1-554513559,S2-797161541
S1-554513559,S2-183721708
S1-554513559,S3-783998011
S1-430553931,S2-196766504
S1-430553931,S2-902003710
S1-430553931,S2-674041157
S1-643814561,S2-109524510
S1-643814561,S3-352811244
S1-643814561,S3-55848623
S1-643814561,S2-987114614
S1-643814561,S3-188672088
S1-643814561,S3-865030922
S1-983546752,S3-858823152
S1-983546752,S3-846847185
S1-983546752,S2-974876136
S1-983546752,S3-170626331
S1-983546752,S3-237846752
S1-35162577,S3-153633931
S1-35162577,S3-922030445
S1-35162577,S3-580940146
S1-35162577,S3-313230814
S1-35162577,S3-860271833
S1-216341868,S3-29806468
S1-216341868,S3-751932345
S1-248141920,S3-107477110
S1-248141920,S2-770469203
S1-248141920,S3-594498295
S1-248141920,S3-764197761
S1-491102136,S3-670926125
S1-194491905,S2-408553597
S1-194491905,S3-306518306
S1-194491905,S2-149845649
S1-570960495,S2-809834068
S1-570960495,S3-227922225
S1-570960495,S3-800913736
S1-570960495,S3-517108007
S1-570960495,S3-185914153
S1-570960495,S2-9922139
S1-115969639,S3-354738188
S1-115969639,S2-973144712
S1-140220790,S3-659413549
S1-140220790,S2-781837563
S1-433176560,S3-757014645
S1-433176560,S2-348594631
S1-433176560,S2-866046547
S1-433176560,S3-194268459
S1-433176560,S3-70359032
S1-323951745,S3-497190710
S1-323951745,S3-716903380
S1-323951745,S3-680143330
S1-323951745,S2-608154432
S1-323951745,S2-154664660
S1-323951745,S2-937565608
S1-773691798,S2-402803750
S1-773691798,S3-383507383
S1-550085738,S3-983613396
S1-550085738,S2-417673827
S1-550085738,S3-749852131
S1-550085738,S3-323146035
S1-145833103,S2-532235171
S1-145833103,S3-342946999
S1-489768614,S3-833851709
S1-489768614,S2-614453296
S1-489768614,S3-294543316
S1-959274620,S2-7258911
S1-670137002,S3-75508906
S1-670137002,S3-598953797
S1-670137002,S2-582459512
S1-670137002,S2-631843880
S1-670137002,S2-141305457
S1-159231636,S3-795957676
S1-159231636,S3-883174971
S1-159231636,S2-476832944
S1-25710621,S3-515462431
S1-25710621,S2-545250042
S1-25710621,S3-399271362
S1-873998271,S2-54709631
S1-873998271,S3-630595155
S1-873998271,S3-293869772
S1-873998271,S2-886900265
S1-434713625,S2-528997087
S1-434713625,S3-41295931
S1-434713625,S2-987219309
S1-434713625,S3-627881837
S1-221790917,S2-723431162
S1-221790917,S3-642798275
S1-221790917,S2-915763577
S1-28728876,S3-60661553
S1-28728876,S2-278832438
S1-947252116,S3-203523688
S1-947252116,S2-181300656
S1-947252116,S2-351650302
S1-947252116,S3-337977295
S1-947252116,S2-442409463
S1-184469432,S3-773436357
S1-184469432,S3-525813876
S1-184469432,S2-249613176
S1-849747156,S2-625568652
S1-402319489,S3-725229828
S1-402319489,S3-548456108
S1-402319489,S2-58230228
S1-402319489,S3-141852755
S1-402319489,S3-534258251
S1-675858869,S3-21960652
S1-675858869,S2-218109714
S1-675858869,S2-494044235
S1-48748623,S2-477516530
S1-48748623,S3-234810555
S1-48748623,S3-559843668
S1-48748623,S2-518258885
S1-394731034,S2-505345605
S1-394731034,S3-34972451
S1-394731034,S3-281042687
S1-394731034,S3-942795659
S1-970245716,S2-878393324
S1-970245716,S3-518374497
S1-970245716,S2-439774292
S1-970245716,S3-315786268
S1-970245716,S3-473047200
S1-133751874,S3-932672680
S1-133751874,S3-600078462
S1-133751874,S2-677322286
S1-133751874,S2-250575035
S1-133751874,S3-825733373
S1-133751874,S2-143936030
S1-194246322,S2-713876214
S1-194246322,S3-736316619
S1-194246322,S3-658917436
S1-194246322,S3-328229843
S1-105330277,S3-713382206
S1-105330277,S3-977481878
S1-105330277,S3-422989084
S1-105330277,S3-145643811
S1-105330277,S2-782546677
S1-550800376,S2-708327240
S1-550800376,S3-473706818
S1-138396005,S2-485337487
S1-138396005,S2-619795166
S1-539291082,S3-640031813
S1-539291082,S3-448041987
S1-539291082,S3-876749890
S1-539291082,S3-469502486
S1-539291082,S2-150923445
S1-996965076,S2-510677758
S1-996965076,S2-644980414
S1-996965076,S3-259325218
S1-996965076,S3-73167220
S1-996965076,S3-532134740
S1-162248477,S3-101250998
S1-162248477,S3-819789955
S1-162248477,S3-157623470
S1-162248477,S2-391031677
S1-995349303,S3-540713496
S1-995349303,S3-840834606
S1-8275246,S3-490163048
S1-8275246,S2-251250683
S1-8275246,S2-859919212
S1-890896652,S2-518126546
S1-455181823,S3-446079908
S1-455181823,S2-108292355
S1-455181823,S3-747013176
S1-455181823,S2-222890457
S1-455181823,S3-910519687
S1-814524146,S2-398352120
S1-814524146,S3-413486243
S1-814524146,S3-368400687
S1-921468793,S3-705521067
S1-921468793,S3-25752481
S1-921468793,S3-517133906
S1-158117323,S3-967029584
S1-158117323,S3-543449549
S1-158117323,S2-503993012
S1-125325582,S2-158912413
S1-125325582,S3-315768285
S1-203022474,S2-210433204
S1-203022474,S3-33926806
S1-203022474,S3-184283058
S1-203022474,S3-590495118
S1-203022474,S3-309465512
S1-747779257,S2-116301012
S1-747779257,S3-567300175
S1-79345854,S2-620529338
S1-79345854,S2-704617484
S1-79345854,S3-683623738
S1-79345854,S3-902420017
S1-657247997,S2-313674443
S1-657247997,S3-909869831
S1-657247997,S3-741129910
S1-422884465,S2-357645120
S1-422884465,S3-469174309
S1-422884465,S3-55783124
S1-422884465,S2-830136600
S1-422884465,S2-379745072
S1-422884465,S3-375695196
S1-422884465,S2-531348937
S1-769596131,S2-300057275
S1-769596131,S3-342402921
S1-769596131,S2-623708432
S1-769596131,S3-427170634
S1-769596131,S2-501507936
S1-769596131,S3-204586115
S1-422598345,S2-783017207
S1-422598345,S2-360389754
S1-422598345,S2-260085212
S1-666079922,S2-733755879
S1-666079922,S3-924854209
S1-666079922,S2-921210935
S1-156496579,S2-996571282
S1-156496579,S3-909714758
S1-156496579,S3-829667165
S1-16526862,S2-333990718
S1-16526862,S3-722855845
S1-16526862,S3-698808524
S1-16526862,S2-909666063
S1-16526862,S3-948399610
S1-539592720,S3-342423778
S1-539592720,S2-762441384
S1-539592720,S2-638889636
S1-364386210,S2-162465330
S1-584778782,S3-182707231
S1-584778782,S2-353859765
S1-584778782,S3-789459424
S1-584778782,S3-703873966
S1-584778782,S2-701917311
S1-188918554,S2-931713039
S1-188918554,S3-779093942
S1-188918554,S2-303389482
S1-188918554,S3-620683455
S1-188918554,S3-847779898
S1-830770646,S2-818289106
S1-830770646,S2-701086326
S1-830770646,S2-97105895
S1-536903775,S2-766415172
S1-536903775,S2-506519319
S1-536903775,S3-551673161
S1-112949674,S3-261645462
S1-112949674,S2-847387119
S1-112949674,S2-190677162
S1-112949674,S2-278984281
S1-534221227,S2-242798858
S1-534221227,S3-309425275
S1-534221227,S2-270943387
S1-668758580,S2-318082813
S1-668758580,S2-327829262
S1-668758580,S3-842648752
S1-668758580,S2-342314861
S1-500317300,S2-585368733
S1-500317300,S3-210346658
S1-500317300,S2-344393756
S1-407476623,S2-555425401
S1-407476623,S2-60490320
S1-407476623,S3-383707715
S1-407476623,S3-104175831
S1-127965619,S2-388726895
S1-127965619,S2-200206418
S1-127965619,S2-633609486
S1-127965619,S2-482452061
S1-127965619,S2-189653811
S1-127965619,S3-576811819
S1-687772273,S2-487044574
S1-687772273,S2-992186792
S1-687772273,S3-570520377
S1-687772273,S3-311239113
S1-483862544,S3-16342247
S1-483862544,S3-36004380
S1-483862544,S2-256258728
S1-483862544,S3-825279221
S1-483862544,S2-902431844
S1-483862544,S2-936889637
S1-417962951,S3-541827548
S1-417962951,S3-323567295
S1-152051953,S3-381793461
S1-152051953,S2-864799503
S1-152051953,S3-935820718
S1-125087630,S3-269311642
S1-125087630,S3-697161077
S1-125087630,S2-876005696
S1-58270129,S3-769439653
S1-58270129,S2-628347314
S1-449539984,S3-789534990
S1-449539984,S3-653638911
S1-449539984,S2-506480167
S1-449539984,S2-402222378
S1-449539984,S3-340937793
S1-449539984,S3-400324494
S1-449539984,S2-897299824
S1-449539984,S3-151097198
S1-75604659,S3-493101997
S1-75604659,S2-992107268
S1-75604659,S2-272937602
S1-75604659,S3-429607687
S1-809491632,S2-817421926
S1-668696644,S2-251393611
S1-668696644,S2-987244418
S1-668696644,S3-310066156
S1-768486358,S3-592404553
S1-768486358,S3-229305580
S1-768486358,S2-331383757
S1-768486358,S2-458992598
S1-768486358,S3-82449201
S1-768486358,S2-247285331
S1-768486358,S3-842483489
S1-834810345,S3-300810896
S1-834810345,S3-281965119
S1-191701408,S3-694171807
S1-191701408,S2-416158442
S1-191701408,S3-776422743
S1-57788066,S3-648404078
S1-57788066,S3-837215006
S1-57788066,S3-65036524
S1-563835439,S2-105513039
S1-563835439,S3-549593400
S1-156790003,S3-806281212
S1-156790003,S3-860035319
S1-156790003,S3-213308720
S1-355319794,S2-703805597
S1-355319794,S2-844874640
S1-355319794,S3-471159348
S1-991328311,S2-729016344
S1-364310329,S2-492427986
S1-364310329,S3-780976644
S1-582225788,S3-364339357
S1-582225788,S2-134136431
S1-582225788,S3-423633469
S1-582225788,S2-365657605
S1-582225788,S3-99380790
S1-153439097,S2-910774980
S1-153439097,S3-804198884
S1-153439097,S2-286699556
S1-153439097,S3-723696375
S1-153439097,S2-388541484
S1-153439097,S3-269712734
S1-153439097,S2-622590784
S1-699563097,S2-346192741
S1-800763342,S2-621102858
S1-836413431,S2-396461103
S1-836413431,S2-776673632
S1-836413431,S3-594756969
S1-902275899,S3-170737137
S1-902275899,S3-185551309
S1-902275899,S3-264041852
S1-902275899,S3-161322257
S1-902275899,S2-938296013
S1-902275899,S2-355819199
S1-274625062,S2-752218089
S1-274625062,S2-77591129
S1-274625062,S2-860349174
S1-274625062,S2-600144942
S1-320095457,S2-153336376
S1-320095457,S3-825844692
S1-320095457,S3-941710469
S1-156971605,S3-506576137
S1-156971605,S3-751331149
S1-156971605,S3-111117326
S1-156971605,S2-730824540
S1-268529015,S3-78779459
S1-268529015,S3-352014587
S1-268529015,S2-654784686
S1-83915309,S3-874200929
S1-718074125,S2-780671323
S1-718074125,S3-179707541
S1-718074125,S3-428320947
S1-718074125,S3-93792663
S1-264327070,S2-318486063
S1-264327070,S3-277596800
S1-264327070,S2-101774456
S1-264327070,S3-797158301
S1-441429161,S2-687731535
S1-441429161,S3-148203258
S1-441429161,S2-226158509
S1-441429161,S3-800822609
S1-441429161,S2-12633212
S1-275121492,S2-504674610
S1-275121492,S3-10805059
S1-521026477,S2-734396630
S1-521026477,S3-520130814
S1-848177860,S3-461142645
S1-848177860,S2-774645278
S1-848177860,S3-396542433
S1-848177860,S2-7553212
S1-500728641,S3-838943638
S1-500728641,S3-321098986
S1-500728641,S2-147883386
S1-125488211,S2-30283228
S1-125488211,S3-581356426
S1-125488211,S3-156981265
S1-125488211,S2-711797242
S1-152615961,S3-474728724
S1-152615961,S3-822507084
S1-213509979,S3-648991741
S1-213509979,S2-292560974
S1-213509979,S3-824529965
S1-213509979,S3-734141287
S1-213509979,S3-293168353
S1-151895849,S3-936776111
S1-151895849,S3-12845807
S1-151895849,S3-555768411
S1-151895849,S2-612141654
S1-151895849,S3-223068499
S1-151895849,S2-988172266
S1-891876421,S2-155610802
S1-891876421,S3-296064538
S1-891876421,S2-923187798
S1-891876421,S3-140328266
S1-891876421,S3-157486116
S1-891876421,S3-322517246
S1-38698992,S2-179471468
S1-38698992,S3-498862800
S1-657213309,S3-835744670
S1-657213309,S2-201606640
S1-65307514,S3-419718609
S1-65307514,S2-51957615
S1-65307514,S3-77105550
S1-136266196,S3-323534401
S1-136266196,S2-796488497
S1-440876501,S3-297277926
S1-440876501,S3-842620395
S1-440876501,S3-699944561
S1-440876501,S2-141152853
S1-440876501,S2-567976982
S1-560699755,S2-253818872
S1-560699755,S2-969024931
S1-560699755,S3-194911947
S1-560699755,S2-340421256
S1-560699755,S2-606440476
S1-646175293,S3-859567937
S1-646175293,S2-931261128
S1-646175293,S2-891896274
S1-646175293,S2-528687348
S1-646175293,S3-42514460
S1-646175293,S2-406974784
S1-152292284,S2-477148809
S1-152292284,S2-79286106
S1-152292284,S2-585081470
S1-582549200,S3-226494566
S1-582549200,S3-696189648
S1-582549200,S2-195643459
S1-582549200,S2-828420355
S1-484614591,S2-458443450
S1-484614591,S3-104891756
S1-399163669,S2-618941867
S1-399163669,S3-761584150
S1-729276797,S2-738572197
S1-729276797,S2-383887488
S1-729276797,S3-495865832
S1-729276797,S3-672449459
S1-729276797,S2-826427519
S1-729276797,S3-233978091
S1-729276797,S3-910514890
S1-917463233,S2-235156718
S1-917463233,S2-481886112
S1-7117874,S3-183756601
S1-7117874,S3-393728024
S1-863574107,S3-417101986
S1-863574107,S2-602545743
S1-863574107,S2-915844859
S1-25437231,S3-977469415
S1-25437231,S3-904481128
S1-25437231,S2-941642677
S1-318018611,S3-499334431
S1-318018611,S2-836265036
S1-534716935,S2-665444124
S1-534716935,S3-257332517
S1-534716935,S2-27703718
S1-944249419,S3-991117571
S1-944249419,S2-276566228
S1-548956829,S3-503238125
S1-548956829,S3-912902169
S1-548956829,S2-223856134
S1-548956829,S3-753734071
S1-939222465,S2-339726379
S1-939222465,S3-453227011
S1-939222465,S2-814214714
S1-281831472,S3-479838570
S1-281831472,S2-590665999
S1-281831472,S3-951961601
S1-281831472,S2-161450534
S1-281831472,S3-212302890
S1-281831472,S2-530459322
S1-489594791,S3-272102787
S1-489594791,S2-648418286
S1-489594791,S2-516464062
S1-489594791,S3-955847145
S1-116059681,S3-433263313
S1-116059681,S3-201535808
S1-116059681,S3-313745880
S1-116059681,S2-326472980
S1-116059681,S2-68268218
S1-116059681,S3-583095189
S1-145794710,S3-696641849
S1-722260999,S2-57359584
S1-722260999,S2-508988190
S1-722260999,S3-796820529
S1-722260999,S3-550746542
S1-722260999,S3-39169632
S1-722260999,S3-287312878
S1-722260999,S3-653920561
S1-146816972,S2-2447932
S1-146816972,S3-37895274
S1-146816972,S2-662133312
S1-526706424,S3-942707012
S1-526706424,S3-610847348
S1-526706424,S2-558938504
S1-526706424,S3-182714399
S1-526706424,S2-265980817
S1-526706424,S3-210963187
S1-747621013,S3-390405570
S1-747621013,S2-54183876
S1-747621013,S2-876308667
S1-824856428,S3-586543685
S1-824856428,S2-210088188
S1-824856428,S2-126897901
S1-824856428,S2-348052763
S1-824856428,S2-531555673
S1-17411583,S2-233398482
S1-17411583,S2-208211199
S1-17411583,S3-185206104
S1-956545178,S3-78470847
S1-956545178,S3-93270488
S1-956545178,S2-208149950
S1-797360439,S2-230027042
S1-797360439,S3-329471797
S1-797360439,S2-891080819
S1-375831941,S3-570160032
S1-375831941,S2-19650570
S1-704648848,S3-590875062
S1-704648848,S3-636966020
S1-704648848,S3-248639722
S1-704648848,S2-482708296
S1-704648848,S3-313600523
S1-125200729,S2-521147855
S1-740137979,S2-461762954
S1-740137979,S2-446235193
S1-547174055,S3-281973689
S1-631240370,S3-716183094
S1-631240370,S2-869554949
S1-631240370,S3-390837109
S1-631240370,S2-753652279
S1-41843572,S3-199377734
S1-41843572,S3-346820206
S1-41843572,S2-723800897
S1-41843572,S3-993479591
S1-41843572,S3-523540207
S1-41843572,S2-248708078
S1-119783341,S3-364996760
S1-119783341,S2-225659591
S1-334295489,S2-318859127
S1-334295489,S2-493420013
S1-334295489,S3-854667078
S1-334295489,S2-755305556
S1-94393293,S3-443528851
S1-94393293,S2-503950971
S1-228598919,S2-493604693
S1-271441614,S3-633678664
S1-271441614,S3-769592141
S1-271441614,S3-398296619
S1-87568106,S2-831768428
S1-87568106,S2-121374844
S1-485735035,S3-735132496
S1-485735035,S2-91357562
S1-485735035,S2-995596020
S1-185666867,S2-424189138
S1-185666867,S3-797822814
S1-185666867,S3-627818888
S1-401621774,S3-833359860
S1-401621774,S2-229006222
S1-401621774,S3-545833420
S1-954989308,S3-149920137
S1-954989308,S2-723694133
S1-954989308,S2-915206877
S1-954989308,S2-266501640
S1-954989308,S3-318069385
S1-954989308,S3-932336101
S1-954989308,S2-930816737
S1-954989308,S2-728454836
S1-832727813,S3-831468670
S1-832727813,S3-903070828
S1-832727813,S2-725037242
S1-832727813,S2-454915282
S1-832727813,S2-667274293
S1-132233836,S2-83429282
S1-132233836,S3-525638899
S1-813138405,S2-524888908
S1-813138405,S3-33019614
S1-859508316,S2-625880988
S1-859508316,S2-644248280
S1-859508316,S3-16751166
S1-315254391,S2-111863301
S1-527030212,S2-156135628
S1-527030212,S2-613303816
S1-527030212,S3-375566156
S1-527030212,S2-955685519
S1-527030212,S2-9287338
S1-119973915,S2-107030338
S1-119973915,S2-52991238
S1-235735731,S3-721761179
S1-235735731,S2-240335933
S1-235735731,S3-848985113
S1-235735731,S2-132539496
S1-235735731,S2-732463069
S1-235735731,S2-379494332
S1-235735731,S3-991366561
S1-557291379,S2-549671697
S1-557291379,S3-855804041
S1-557291379,S3-436012638
S1-557291379,S2-995304488
S1-490023573,S3-153587287
S1-490023573,S2-830681282
S1-72427683,S2-300773009
S1-72427683,S3-911390225
S1-72427683,S2-428901061
S1-72427683,S2-810700526
S1-72427683,S3-166783536
S1-544494504,S3-233191199
S1-269805605,S3-918341634
S1-722730565,S3-361953107
S1-722730565,S3-813526684
S1-722730565,S2-404991748
S1-818047142,S3-527268429
S1-818047142,S2-864534975
S1-652527258,S3-701938806
S1-652527258,S3-713815311
S1-652527258,S3-171269553
S1-652527258,S2-563322930
S1-190763186,S3-382981774
S1-190763186,S3-547878125
S1-190763186,S2-378814905
S1-190763186,S3-968995893
S1-895726382,S2-534090720
S1-895726382,S2-277246664
S1-895726382,S3-477009054
S1-895726382,S3-897378796
S1-895726382,S2-133286596
S1-517879402,S2-783049470
S1-517879402,S2-805820982
S1-517879402,S3-822142717
S1-517879402,S3-122699655
S1-261776747,S3-865004515
S1-261776747,S2-196368057
S1-261776747,S2-998027891
S1-261776747,S3-883328975
S1-113257644,S2-322438904
S1-113257644,S3-31784813
S1-113257644,S2-443413299
S1-661406398,S3-851162826
S1-661406398,S2-243157634
S1-661406398,S3-227316739
S1-851920654,S2-207749902
S1-851920654,S3-275440348
S1-378905385,S2-197154168
S1-378905385,S3-984940221
S1-266925467,S3-623289129
S1-266925467,S3-858591940
S1-266925467,S2-327227601
S1-266925467,S2-331356296
S1-588034323,S2-390716880
S1-588034323,S3-218895112
S1-588034323,S3-763611420
S1-588034323,S3-655834892
S1-588034323,S3-480328629
S1-347092729,S3-719399458
S1-347092729,S2-30214481
S1-347092729,S3-458878468
S1-513073152,S3-451221923
S1-513073152,S3-52487286
S1-513073152,S3-324175704
S1-513073152,S2-42119272
S1-513073152,S3-694476183
S1-513073152,S2-819790758
S1-513073152,S2-2099663
S1-702049326,S3-228241631
S1-702049326,S2-189327082
S1-425934506,S2-489240287
S1-425934506,S3-913589473
S1-425934506,S3-113956244
S1-425934506,S3-842736309
S1-303603046,S2-195501657
S1-630347666,S3-2942701
S1-630347666,S2-929857444
S1-454126030,S3-555941523
S1-454126030,S3-478310247
S1-454126030,S2-129403776
S1-454126030,S3-276248565
S1-207718019,S3-517467997
S1-207718019,S2-608399996
S1-207718019,S2-223948872
S1-207718019,S3-948465599
S1-213560722,S3-6407652
S1-213560722,S3-68750797
S1-890194351,S3-322359507
S1-890194351,S2-671807417
S1-890194351,S3-96745395
S1-890194351,S2-221299134
S1-12692358,S3-596890735
S1-12692358,S2-40022505
S1-387099214,S3-848233003
S1-387099214,S3-656138670
S1-387099214,S2-881954050
S1-387099214,S2-805119883
S1-482609333,S2-669169571
S1-482609333,S3-481572634
S1-482609333,S2-3504917
S1-482609333,S3-975740664
S1-482609333,S2-225702598
S1-76619310,S3-915588786
S1-76619310,S3-653879508
S1-76619310,S3-287267832
S1-76619310,S3-897791095
S1-76619310,S2-294240419
S1-713802031,S2-535011263
S1-713802031,S3-912474124
S1-126897433,S3-753530788
S1-126897433,S2-59847058
S1-126897433,S3-910600923
S1-976095061,S3-150573849
S1-976095061,S2-22420504
S1-976095061,S2-511814980
S1-976095061,S3-513324602
S1-976095061,S3-608428799
S1-75093746,S2-896728267
S1-75093746,S3-301653304
S1-75093746,S2-765256331
S1-322216622,S3-173771852
S1-322216622,S2-642694407
S1-322216622,S3-82591588
S1-480292882,S2-915929351
S1-480292882,S3-562386753
S1-540077544,S2-771987788
S1-540077544,S3-797939992
S1-540077544,S3-68344666
S1-76098906,S2-545164985
S1-76098906,S2-731120548
S1-76098906,S2-636723003
S1-76098906,S3-376286159
S1-76098906,S3-352601133
S1-186416662,S2-11831558
S1-186416662,S2-110991259
S1-542147628,S2-910186955
S1-542147628,S3-964067037
S1-542147628,S3-578334333
S1-90968379,S2-166569621
S1-90968379,S2-619272324
S1-90968379,S3-865602500
S1-90968379,S2-742179526
S1-90968379,S2-574753690
S1-90968379,S3-941862467
S1-90968379,S2-322723619
S1-90968379,S3-444695568
S1-216877188,S3-842562840
S1-216877188,S3-61175712
S1-216877188,S2-266619172
S1-216877188,S2-457995319
S1-216877188,S2-7919905
S1-216877188,S3-726373996
S1-524224914,S3-224505828
S1-524224914,S2-464023624
S1-524224914,S2-121296358
S1-524224914,S3-571345157
S1-524224914,S3-839024761
S1-524224914,S3-757559503
S1-524224914,S3-258645170
S1-817256046,S3-687686764
S1-817256046,S2-176326437
S1-838845987,S2-47263541
S1-838845987,S2-901527657
S1-838845987,S3-964036140
S1-838845987,S2-949504877
S1-52454913,S2-427186984
S1-52454913,S3-197968436
S1-52454913,S2-64597663
S1-105744024,S3-163141266
S1-105744024,S3-49470221
S1-105744024,S2-155735955
S1-708644320,S2-765239479
S1-708644320,S3-48349086
S1-782439138,S2-750412671
S1-782439138,S3-511119895
S1-782439138,S2-201251865
S1-782439138,S2-774120368
S1-782439138,S3-550904772
S1-929661748,S3-501516102
S1-929661748,S2-411825837
S1-929661748,S3-52734702
S1-929661748,S2-610233908
S1-963105153,S3-499227260
S1-963105153,S2-897852974
S1-923235925,S2-612375677
S1-923235925,S3-43994659
S1-258435067,S2-358177526
S1-258435067,S3-207709990
S1-258435067,S2-802563874
S1-127295740,S3-881322228
S1-127295740,S2-92731992
S1-127295740,S3-495747182
S1-371813029,S3-572288251
S1-30021055,S2-1190654
S1-30021055,S2-842641804
S1-30021055,S3-981803938
S1-30021055,S3-935313528
S1-145109833,S3-54616447
S1-60495451,S2-893163825
S1-60495451,S2-980947547
S1-60495451,S3-939737759
S1-32059605,S2-61917558
S1-32059605,S3-518100837
S1-979524608,S3-446609932
S1-979524608,S2-805723568
S1-979524608,S3-535154497
S1-979524608,S2-765991458
S1-205501651,S2-692963153
S1-205501651,S3-78101353
S1-205501651,S2-425201985
S1-205501651,S3-839162911
S1-192729023,S2-72449175
S1-192729023,S2-719547839
S1-192729023,S2-584219984
S1-192729023,S3-658355886
S1-858889820,S2-824801826
S1-858889820,S2-780311460
S1-858889820,S3-214929239
S1-54153988,S2-585945071
S1-54153988,S3-747733265
S1-54153988,S2-190230595
S1-54153988,S3-538536510
S1-434974502,S3-299302087
S1-434974502,S3-165857022
S1-818267567,S3-655875015
S1-818267567,S2-609554227
S1-818267567,S2-517014544
S1-818267567,S2-948588053
S1-599369448,S3-77707868
S1-599369448,S3-512849687
S1-599369448,S2-481817364
S1-599369448,S3-172990534
S1-830729152,S2-960456062
S1-830729152,S3-499300089
S1-693636864,S2-87482569
S1-693636864,S2-241975532
S1-693636864,S2-507465711
S1-114598699,S3-330939939
S1-114598699,S2-282422258
S1-238598067,S2-422780537
S1-238598067,S3-852440364
S1-769943289,S3-475337633
S1-769943289,S2-69369829
S1-769943289,S2-917253184
S1-769943289,S3-285013826
S1-769943289,S3-42114789
S1-769943289,S2-792823068
S1-388523118,S3-601658438
S1-388523118,S2-990911543
S1-388523118,S2-189641281
S1-388523118,S2-983454038
S1-683853508,S3-409227098
S1-683853508,S3-956058256
S1-683853508,S3-152257362
S1-905794742,S2-889212721
S1-905794742,S3-734970488
S1-905794742,S3-708429513
S1-905794742,S3-546992254
S1-350791434,S3-659390586
S1-350791434,S3-769116372
S1-350791434,S2-898834931
S1-350791434,S2-631378034
S1-956044429,S2-28187361
S1-956044429,S2-370730518
S1-956044429,S3-492233892
S1-956044429,S3-330098894
S1-369353987,S2-259188091
S1-369353987,S3-16268903
S1-369353987,S3-289461202
S1-534269453,S2-445415470
S1-534269453,S3-462887752
S1-534269453,S2-456235304
S1-534269453,S3-148405578
S1-534269453,S3-433250461
S1-534269453,S3-222905077
S1-971983480,S3-128703796
S1-971983480,S2-922390434
S1-971983480,S3-939918004
S1-971983480,S2-345301676
S1-751936716,S2-163125002
S1-751936716,S2-443800890
S1-751936716,S3-571932801
S1-751936716,S2-679124516
S1-751936716,S2-44741561
S1-751936716,S3-351107691
S1-751936716,S3-219771961
S1-751936716,S2-142032707
S1-790552644,S2-379275783
S1-790552644,S2-367834644
S1-790552644,S3-251113842
S1-790552644,S2-982548224
S1-340640529,S3-459405188
S1-744967906,S3-12954921
S1-744967906,S2-742937571
S1-744967906,S3-704452997
S1-744967906,S3-813099020
S1-685750093,S2-165252100
S1-803065055,S2-268921822
S1-803065055,S3-996907990
S1-803065055,S3-912559957
S1-658119104,S3-924683049
S1-658119104,S3-236683923
S1-658119104,S2-104982718
S1-658119104,S2-412633146
S1-630894365,S2-947421570
S1-630894365,S3-38976078
S1-630894365,S3-307332237
S1-630894365,S3-95919155
S1-630894365,S2-982385802
S1-630894365,S3-233375572
S1-630894365,S2-232667553
S1-630894365,S3-741580985
S1-243526108,S2-949983810
S1-243526108,S3-87061795
S1-243526108,S2-600032459
S1-821934940,S3-259573392
S1-821934940,S3-230304555
S1-821934940,S2-5235180
S1-502681657,S2-463206382
S1-502681657,S3-648999351
S1-502681657,S2-872767198
S1-502681657,S2-634139269
S1-502681657,S3-765074921
S1-502681657,S3-855835907
S1-909362536,S2-878359778
S1-909362536,S2-697429558
S1-909362536,S2-497141948
S1-103151642,S2-320989715
S1-103151642,S3-146304662
S1-103151642,S3-961849896
S1-973111965,S2-698747392
S1-973111965,S3-316455407
S1-599391577,S2-910962347
S1-599391577,S3-813873148
S1-599391577,S3-441315983
S1-599391577,S2-429123004
S1-599391577,S3-241760130
S1-562463707,S2-937718807
S1-562463707,S2-522033664
S1-562463707,S2-251232923
S1-442681520,S3-973169416
S1-442681520,S2-109749827
S1-442681520,S3-207812730
S1-442681520,S2-898472951
S1-475939730,S3-251870567
S1-475939730,S3-749125170
S1-890556071,S2-216014429
S1-890556071,S3-185127317
S1-890556071,S2-150512732
S1-634407042,S2-762082788
S1-634407042,S3-67696547
S1-634407042,S2-324593928
S1-634407042,S2-838891897
S1-634407042,S2-782456382
S1-634407042,S3-973975204
S1-743695426,S3-392271892
S1-743695426,S2-239296133
S1-743695426,S3-171833789
S1-743695426,S3-190922165
S1-743695426,S3-608932152
S1-54169033,S2-976029755
S1-54169033,S2-528536842
S1-54169033,S2-780201177
S1-54169033,S3-370848361
S1-255142521,S3-913159688
S1-255142521,S3-206389447
S1-255142521,S2-937597799
S1-995298173,S3-925753678
S1-995298173,S3-397876481
S1-995298173,S2-278913367
S1-995298173,S3-545952613
S1-430782136,S2-475871261
S1-430782136,S2-4488747
S1-430782136,S3-477352027
S1-430782136,S3-187068036
S1-430782136,S3-205798010
S1-430782136,S2-220444646
S1-430782136,S3-559599024
S1-430782136,S2-774189750
S1-430782136,S2-92557169
S1-679832458,S2-653663362
S1-679832458,S3-339971367
S1-66338502,S2-833291687
S1-66338502,S2-765958366
S1-66338502,S2-840644564
S1-66338502,S3-445718497
S1-488868829,S2-266924581
S1-488868829,S3-729041346
S1-505287492,S3-755431155
S1-505287492,S3-410118273
S1-505287492,S2-759795127
S1-505287492,S2-802604438
S1-772180317,S3-752674723
S1-772180317,S2-588557154
S1-772180317,S3-111828310
S1-772180317,S3-248259341
S1-772180317,S2-170537809
S1-547139749,S2-840924027
S1-547139749,S2-360041709
S1-547139749,S2-705034399
S1-547139749,S3-985970005
S1-547139749,S3-378418030
S1-763653102,S2-66738411
S1-763653102,S2-434615899
S1-807688831,S3-775300793
S1-807688831,S2-978168781
S1-807688831,S2-835101470
S1-807688831,S2-915822053
S1-807688831,S3-539766139
S1-500570219,S2-86344547
S1-500570219,S2-441270104
S1-500570219,S3-97607569
S1-500570219,S3-130433727
S1-906164406,S2-479804464
S1-906164406,S3-472772647
S1-906164406,S2-495594898
S1-906164406,S2-742796512
S1-288783062,S3-44789166
S1-288783062,S2-328197269
S1-288783062,S3-519642542
S1-288783062,S3-658253662
S1-288783062,S2-535751756
S1-288783062,S2-472033237
S1-288783062,S2-283501868
S1-288783062,S3-910830198
S1-763105550,S3-239902266
S1-763105550,S2-335714176
S1-120648306,S2-685838555
S1-120648306,S3-771579267
S1-120648306,S3-995115490
S1-27274738,S2-653546940
S1-27274738,S3-834721210
S1-27274738,S2-669311629
S1-27274738,S3-282741063
S1-295200573,S2-267205726
S1-295200573,S2-566434377
S1-295200573,S2-306986607
S1-366730430,S2-772431096
S1-366730430,S2-752490428
S1-366730430,S3-507197644
S1-842369652,S3-825268361
S1-842369652,S2-169865453
S1-842369652,S2-530865862
S1-847495105,S2-476060311
S1-847495105,S3-912024619
S1-847495105,S2-562358686
S1-847495105,S2-476812431
S1-847495105,S2-547488503
S1-847495105,S3-141305403
S1-847495105,S3-200462441
S1-847495105,S3-372036742
S1-494471197,S3-243157800
S1-494471197,S2-819571239
S1-494501448,S2-236364788
S1-494501448,S3-932765528
S1-494501448,S2-155424256
S1-735411463,S3-771135463
S1-735411463,S2-146824933
S1-735411463,S2-223058605
S1-735411463,S2-730995275
S1-378023693,S3-356263953
S1-378023693,S2-250194345
S1-378023693,S3-456642324
S1-378023693,S3-591162208
S1-529485801,S3-700708402
S1-529485801,S3-506036947
S1-529485801,S2-195394580
S1-529485801,S3-173986134
S1-211600107,S2-954568782
S1-211600107,S2-437937833
S1-211600107,S2-118593457
S1-51736550,S3-977153789
S1-51736550,S2-65153395
S1-51736550,S2-473771124
S1-260568123,S2-366247497
S1-260568123,S2-282498687
S1-260568123,S2-107041437
S1-260568123,S3-680590442
S1-260568123,S3-463715510
S1-260568123,S3-405424937
S1-493267587,S3-521626249
S1-493267587,S2-706547638
S1-493267587,S2-414312197
S1-925050610,S2-545320424
S1-925050610,S3-489474306
S1-925050610,S2-752438727
S1-925050610,S3-329287336
S1-925050610,S2-942231600
S1-925050610,S2-543630694
S1-184862966,S2-107366661
S1-184862966,S3-315430214
S1-184862966,S3-918536968
S1-429778791,S3-951375609
S1-429778791,S2-513500160
S1-429778791,S2-109446844
S1-790867422,S3-950397304
S1-889630011,S2-410673436
S1-889630011,S2-326446189
S1-889630011,S3-250955080
S1-889630011,S2-374009559
S1-889630011,S2-536186218
S1-850031348,S3-154819721
S1-850031348,S3-401501492
S1-850031348,S3-514696690
S1-850031348,S2-393294154
S1-174009917,S3-220404849
S1-174009917,S2-456924583
S1-118604197,S2-769913592
S1-118604197,S3-772944746
S1-118604197,S2-352749304
S1-118604197,S2-17875879
S1-293475123,S2-971273727
S1-293475123,S3-505408868
S1-293475123,S3-201528920
S1-293475123,S3-961087994
S1-293475123,S3-562407
S1-293475123,S2-779297508
S1-372467775,S3-818125375
S1-631705778,S3-577191967
S1-631705778,S2-203936151
S1-177432698,S2-186854298
S1-177432698,S3-105116871
S1-177432698,S2-713172181
S1-177432698,S3-981978843
S1-177432698,S3-221318101
S1-296764236,S2-734094919
S1-296764236,S3-316275242
S1-296764236,S3-452935742
S1-296764236,S2-513504956
S1-4759721,S3-451294805
S1-4759721,S2-634110662
S1-4759721,S2-704339091
S1-430313387,S3-732345745
S1-430313387,S2-541861025
S1-430313387,S2-78658318
S1-175675894,S2-964800693
S1-175675894,S3-19367181
S1-709953495,S3-605653135
S1-709953495,S2-678809606
S1-709953495,S2-189015274
S1-214449133,S3-748956541
S1-214449133,S2-627841897
S1-777783962,S2-270434102
S1-777783962,S2-904019084
S1-777783962,S2-955311256
S1-716620236,S2-859723584
S1-716620236,S3-935510631
S1-654522340,S2-271700965
S1-654522340,S3-782830521
S1-654522340,S3-911430137
S1-654522340,S3-589419010
S1-152265461,S2-351800733
S1-152265461,S2-793846347
S1-152265461,S3-451590966
S1-152265461,S3-753565365
S1-772380507,S2-716488425
S1-772380507,S3-726352209
S1-772380507,S3-891736990
S1-772380507,S3-239433636
S1-673116317,S2-926402974
S1-673116317,S3-598079734
S1-673116317,S3-977998695
S1-673116317,S2-540742108
S1-673116317,S2-178334629
S1-442832958,S2-694194066
S1-442832958,S3-250304726
S1-442832958,S3-329788151
S1-442832958,S2-604704081
S1-343170906,S3-597955427
S1-343170906,S3-5268815
S1-343170906,S2-400757744
S1-343170906,S2-217007109
S1-343170906,S3-218210459
S1-343170906,S3-101305802
S1-343170906,S2-466004189
S1-571564352,S2-73839739
S1-571564352,S2-317332440
S1-571564352,S3-788207340
S1-571564352,S2-543998
S1-571564352,S3-451440631
S1-916196049,S2-195637090
S1-15862146,S3-413767858
S1-15862146,S3-971618526
S1-15862146,S2-785046176
S1-15862146,S3-151776113
S1-501782592,S2-527476784
S1-501782592,S2-548472818
S1-501782592,S3-328979190
S1-501782592,S3-69680930
S1-501782592,S2-493724179
S1-955932835,S3-776388195
S1-955932835,S3-663770957
S1-427774175,S3-18681368
S1-427774175,S2-809145604
S1-427774175,S2-489408383
S1-427774175,S3-160746166
S1-427774175,S3-940803995
S1-427774175,S3-646723333
S1-294181221,S2-684391207
S1-294181221,S2-885091154
S1-538735884,S3-947370798
S1-538735884,S2-357929283
S1-538735884,S2-768243392
S1-538735884,S3-656489200
S1-919835905,S2-795289585
S1-919835905,S3-71039030
S1-919835905,S2-194487368
S1-919835905,S3-647122359
S1-919835905,S2-771715657
S1-919835905,S2-359542457
S1-440413200,S2-801817116
S1-440413200,S3-487162953
S1-440413200,S2-3284772
S1-53580510,S3-231027165
S1-53580510,S3-273665522
S1-53580510,S2-840357307
S1-53580510,S2-356622413
S1-53580510,S3-566499644
S1-926449657,S2-304508261
S1-926449657,S3-407975202
S1-926449657,S2-262561061
S1-197838176,S3-938816389
S1-197838176,S2-826778081
S1-197838176,S2-6401014
S1-197838176,S2-296884117
S1-6350256,S3-138804961
S1-6350256,S2-115466345
S1-6350256,S3-371348493
S1-784542207,S2-662060788
S1-784542207,S3-702194065
S1-784542207,S3-62961909
S1-784542207,S3-242665264
S1-784542207,S2-979582301
S1-788333186,S3-387517032
S1-788333186,S2-243702003
S1-788333186,S3-262889425
S1-585743125,S3-359386022
S1-585743125,S3-192121532
S1-585743125,S2-213478152
S1-649027320,S3-902859371
S1-649027320,S3-102926101
S1-649027320,S2-208717781
S1-391541879,S3-401818713
S1-391541879,S2-223351053
S1-391541879,S2-289180721
S1-391541879,S3-919626508
S1-391541879,S3-506437828
S1-391541879,S2-657705621
S1-362320662,S3-544236545
S1-873093810,S2-699781605
S1-873093810,S3-831712697
S1-873093810,S2-385681564
S1-873093810,S3-860756273
S1-143399043,S3-614353012
S1-919787403,S2-107635809
S1-919787403,S3-619644059
S1-816132952,S2-710941277
S1-816132952,S2-886620924
S1-937662220,S3-353820070
S1-937662220,S2-678313023
S1-937662220,S3-468185474
S1-405718400,S3-679236739
S1-405718400,S2-98432587
S1-405718400,S2-395517756
S1-981642855,S3-184964038
S1-981642855,S2-976908043
S1-129581762,S3-871071442
S1-129581762,S3-935920055
S1-129581762,S2-413303992
S1-129581762,S2-864242791
S1-129581762,S3-893811654
S1-129581762,S3-991862991
S1-129581762,S2-419513950
S1-997082504,S3-614183567
S1-997082504,S2-476039851
S1-997082504,S2-572398198
S1-997082504,S3-314687351
S1-997082504,S3-101317379
S1-454117179,S2-593877293
S1-454117179,S2-816429685
S1-454117179,S3-21115715
S1-454117179,S3-547361767
S1-454117179,S3-770551264
S1-454117179,S2-797377391
S1-93758685,S3-552955640
S1-831383064,S2-62480572
S1-831383064,S2-722592890
S1-831383064,S3-352580275
S1-831383064,S2-382090845
S1-102532482,S3-499281986
S1-102532482,S2-147330880
S1-102532482,S2-807074573
S1-102532482,S2-600970937
S1-102532482,S2-643019479
S1-733725446,S3-726399361
S1-733725446,S2-624107195
S1-733725446,S3-616196212
S1-733725446,S3-44371378
S1-733725446,S3-621700368
S1-733725446,S2-402197056
S1-848921448,S3-524379445
S1-619121948,S2-302839863
S1-619121948,S3-920046177
S1-619121948,S3-808757861
S1-619121948,S2-62005887
S1-275209852,S2-236020596
S1-275209852,S3-661492575
S1-275209852,S3-440028528
S1-275209852,S3-184476802
S1-275209852,S3-479796223
S1-796934260,S2-83617271
S1-796934260,S3-855302570
S1-796934260,S2-265067569
S1-796934260,S3-31991979
S1-796934260,S3-987906670
S1-796934260,S3-152237113
S1-453909222,S2-933419748
S1-453909222,S2-260790952
S1-453909222,S2-762732898
S1-453909222,S2-680523994
S1-118199745,S3-554460458
S1-118199745,S3-587557080
S1-118199745,S3-816033119
S1-17410401,S3-483967373
S1-17410401,S3-179036842
S1-17410401,S3-396221957
S1-722607456,S2-262334472
S1-722607456,S3-610558998
S1-722607456,S3-612742270
S1-722607456,S2-148686663
S1-8357437,S3-340940778
S1-8357437,S3-879051560
S1-8357437,S2-53293317
S1-8357437,S2-354934631
S1-8357437,S3-632246929
S1-8357437,S3-828360460
S1-8357437,S2-349781088
S1-93544421,S2-232859534
S1-515950979,S3-737174687
S1-469781927,S3-136456769
S1-469781927,S2-829842636
S1-469781927,S2-588711624
S1-469781927,S3-497074108
S1-469781927,S2-190404193
S1-469781927,S2-60202106
S1-469781927,S2-352192538
S1-149441147,S3-266418050
S1-149441147,S2-837476859
S1-149441147,S3-252575981
S1-149441147,S3-47154144
S1-149441147,S3-530940855
S1-149441147,S3-226524657
S1-149441147,S2-375828290
S1-149441147,S2-992385771
S1-546575599,S2-984894862
S1-760566436,S3-779091061
S1-760566436,S2-777003440
S1-760566436,S3-105807562
S1-760566436,S3-92408624
S1-802642548,S3-568240802
S1-802642548,S3-591650288
S1-802642548,S2-757933179
S1-802642548,S3-899380474
S1-802642548,S3-870172391
S1-394241591,S2-56660258
S1-394241591,S2-73779642
S1-394241591,S2-134290284
S1-518535108,S2-499069340
S1-518535108,S3-135673306
S1-518535108,S2-30348539
S1-518535108,S2-743902495
S1-518535108,S3-218226927
S1-518535108,S3-942527822
S1-235349233,S2-485942064
S1-235349233,S3-981261307
S1-235349233,S3-907160159
S1-948479434,S2-929577411
S1-948479434,S3-713347699
S1-948479434,S2-293931269
S1-948479434,S3-693425374
S1-690388437,S2-911069720
S1-269308925,S3-168193307
S1-269308925,S3-704985320
S1-269308925,S2-193509960
S1-895598943,S2-230149764
S1-895598943,S2-46044760
S1-895598943,S2-487587227
S1-939420692,S3-47432522
S1-939420692,S2-67214353
S1-939420692,S2-133878942
S1-939420692,S3-779336827
S1-218602244,S3-229348654
S1-218602244,S2-5420492
S1-218602244,S3-730517754
S1-218602244,S2-437356844
S1-902574685,S3-937121400
S1-902574685,S2-41272317
S1-902574685,S3-798402997
S1-902574685,S3-320434883
S1-835023267,S3-686248988
S1-835023267,S2-174698671
S1-835023267,S3-144069843
S1-835023267,S3-503269061
S1-648516805,S2-527692179
S1-847486434,S3-881064073
S1-847486434,S3-409910511
S1-847486434,S3-887440464
S1-847486434,S2-389587780
S1-847486434,S2-228983885
S1-847486434,S3-452599997
S1-847486434,S2-515443048
S1-908456509,S3-812674327
S1-908456509,S2-385334499
S1-908456509,S3-941553793
S1-965772107,S3-188515054
S1-965772107,S3-170180269
S1-965772107,S3-68195803
S1-965772107,S2-779041578
S1-965772107,S2-583209147
S1-341484237,S2-516419560
S1-341484237,S2-504127668
S1-360458226,S3-655163321
S1-360458226,S3-282936095
S1-360458226,S2-29020047
S1-360458226,S3-139506571
S1-641537048,S3-298237620
S1-641537048,S2-816757747
S1-966502652,S3-813545645
S1-966502652,S3-14033858
S1-966502652,S2-96550075
S1-966502652,S3-592940495
S1-966502652,S3-993728503
S1-111597660,S2-464456023
S1-111597660,S3-198570593
S1-111597660,S3-89340360
S1-332803527,S3-769641864
S1-332803527,S3-800598281
S1-332803527,S2-2828006
S1-332803527,S2-926825383
S1-96106383,S3-705195075
S1-96106383,S2-258590401
S1-96106383,S2-143694536
S1-96106383,S3-826043917
S1-593147961,S2-696037954
S1-593147961,S2-894056330
S1-593147961,S3-590071027
S1-843435712,S2-167590246
S1-843435712,S3-426588271
S1-843435712,S3-515974052
S1-843435712,S2-925157122
S1-843435712,S2-930651549
S1-702687550,S2-85346293
S1-702687550,S3-497640139
S1-702687550,S2-897224987
S1-702687550,S3-997319824
S1-650885088,S3-219210695
S1-650885088,S2-121869629
S1-650885088,S3-869856119
S1-650885088,S2-39745552
S1-650885088,S3-636017933
S1-235027629,S2-698719609
S1-235027629,S3-162669462
S1-235027629,S3-586440178
S1-858647757,S2-125374037
S1-595500352,S2-639144209
S1-595500352,S2-313918683
S1-595500352,S3-475398011
S1-595500352,S3-503737506
S1-717900619,S2-302166793
S1-717900619,S3-288629412
S1-717900619,S2-854197010
S1-188831038,S3-223561102
S1-188831038,S2-238279746
S1-769134533,S2-688246515
S1-769134533,S3-143202744
S1-769134533,S2-733974003
S1-466436023,S3-750849837
S1-466436023,S3-353396823
S1-466436023,S3-107303718
S1-466436023,S3-967778386
S1-365969150,S3-350756620
S1-79747626,S3-733881234
S1-79747626,S2-525303631
S1-271375320,S3-123098279
S1-271375320,S3-683138831
S1-271375320,S3-518072381
S1-271375320,S2-290678010
S1-999850149,S2-972989214
S1-999850149,S3-512884563
S1-66625363,S3-848620069
S1-66625363,S3-159649843
S1-66625363,S3-462054509
S1-66625363,S2-454663394
S1-66625363,S3-951423548
S1-530120368,S2-564365314
S1-530120368,S2-617371208
S1-530120368,S2-775625492
S1-530120368,S2-465036440
S1-802211497,S2-553708019
S1-802211497,S2-924270478
S1-802211497,S3-986752622
S1-802211497,S2-29863091
S1-802211497,S3-363963480
S1-802211497,S3-89284189
S1-366418998,S3-21692653
S1-366418998,S2-308613427
S1-366418998,S3-232483211
S1-366418998,S3-108349968
S1-264934684,S3-40213443
S1-264934684,S2-333393071
S1-164255267,S3-384969764
S1-164255267,S2-215671141
S1-164255267,S2-77445092
S1-269534332,S3-188321217
S1-269534332,S3-50205723
S1-269534332,S3-686116849
S1-269534332,S2-777042772
S1-269534332,S2-867627954
S1-740489170,S2-314598504
S1-740489170,S2-121554521
S1-740489170,S2-810289417
S1-740489170,S3-496624682
S1-740489170,S3-637283065
S1-740489170,S3-261551031
S1-740489170,S2-564907122
S1-740489170,S3-363493419
S1-740489170,S3-953340319
S1-896921899,S3-289635102
S1-896921899,S2-520398957
S1-414600381,S3-406102028
S1-414600381,S3-785111783
S1-414600381,S2-315841031
S1-414600381,S2-913114652
S1-414600381,S3-402348772
S1-414600381,S3-612801406
S1-632907047,S3-956521790
S1-632907047,S3-678767568
S1-632907047,S2-665745404
S1-632907047,S3-863082390
S1-679012524,S2-124404434
S1-679012524,S3-78858465
S1-166682154,S2-62189903
S1-166682154,S3-589201155
S1-166682154,S3-319407337
S1-166682154,S3-500916733
S1-166682154,S3-789151824
S1-166682154,S3-184524438
S1-341201612,S3-617192547
S1-341201612,S3-993466610
S1-341201612,S2-244081716
S1-341201612,S2-353682913
S1-341201612,S3-970873627
S1-127670783,S2-125836791
S1-127670783,S3-303730198
S1-127670783,S3-769051082
S1-127670783,S2-308052933
S1-604864038,S3-327665078
S1-604864038,S3-775870096
S1-604864038,S3-735618100
S1-454442729,S3-254642650
S1-454442729,S2-180188112
S1-454442729,S3-763956808
S1-383886605,S2-904978944
S1-383886605,S3-468526177
S1-383886605,S3-572038576
S1-383886605,S2-136662976
S1-383886605,S3-730713431
S1-557914677,S3-362674966
S1-557914677,S3-591412571
S1-557914677,S2-332968125
S1-295847525,S2-139816136
S1-295847525,S2-6092715
S1-295847525,S2-766023730
S1-295847525,S3-453838519
S1-721549197,S3-488171797
S1-721549197,S2-577956300
S1-721549197,S3-423414903
S1-721549197,S2-11912089
S1-721549197,S2-949345732
S1-721549197,S3-99377393
S1-77876276,S2-334446190
S1-77876276,S3-636747233
S1-77876276,S2-417643038
S1-77876276,S3-800184023
S1-207895781,S2-664252334
S1-207895781,S2-566275965
S1-207895781,S3-138578143
S1-207895781,S2-198722433
S1-97712314,S3-969578122
S1-789262512,S3-102270754
S1-789262512,S2-854704855
S1-898502160,S3-703051294
S1-898502160,S3-187468743
S1-898502160,S3-523729900
S1-137823648,S2-335648636
S1-137823648,S2-280785459
S1-137823648,S3-94304386
S1-374860070,S3-4211526
S1-374860070,S2-101846020
S1-374860070,S3-704244412
S1-374860070,S2-620157713
S1-374860070,S2-116708290
S1-39887895,S2-139814593
S1-39887895,S3-91713990
S1-516272215,S3-907169084
S1-516272215,S3-500322785
S1-516272215,S2-255034039
S1-516272215,S3-693418275
S1-830197038,S3-582444249
S1-830197038,S3-431260967
S1-830197038,S2-356733239
S1-89774607,S2-642590124
S1-89774607,S3-458709568
S1-89774607,S2-842807819
S1-89774607,S3-966594597
S1-119512717,S2-474748462
S1-119512717,S2-315297827
S1-119512717,S3-57622314
S1-102583556,S2-51918560
S1-102583556,S2-328165983
S1-102583556,S3-662031000
S1-102583556,S3-479994776
S1-102583556,S3-363720170
S1-102583556,S3-764460446
S1-159888543,S3-180080797
S1-159888543,S3-627089584
S1-159888543,S3-657965840
S1-416008483,S2-593841165
S1-453358895,S2-782953910
S1-453358895,S3-518648441
S1-453358895,S2-22667991
S1-453358895,S2-416650225
S1-307498109,S3-811755695
S1-307498109,S2-970885274
S1-424138265,S2-931091841
S1-424138265,S2-356165764
S1-424138265,S3-931606421
S1-424138265,S2-33322557
S1-424138265,S2-955697696
S1-424138265,S3-273981944
S1-245880338,S3-188757031
S1-245880338,S2-309693559
S1-245880338,S3-917421427
S1-245880338,S3-232178601
S1-245880338,S2-728048305
S1-245880338,S3-635585060
S1-649406937,S3-564048423
S1-649406937,S2-323390300
S1-649406937,S2-906345949
S1-649406937,S2-825670516
S1-649406937,S2-297277506
S1-976252945,S2-177079483
S1-976252945,S3-578698411
S1-739130436,S2-278185984
S1-739130436,S3-362294288
S1-739130436,S3-332448967
S1-739130436,S2-254454089
S1-739130436,S3-510036269
S1-574404757,S2-143690994
S1-574404757,S3-567021452
S1-574404757,S2-386719445
S1-574404757,S2-422270620
S1-298570676,S2-197961269
S1-298570676,S3-875113549
S1-298570676,S2-336377240
S1-298570676,S2-14684663
S1-319247519,S3-120768733
S1-319247519,S3-999425308
S1-978090720,S2-94284949
S1-978090720,S2-70839012
S1-460653584,S3-473968277
S1-460653584,S2-437825243
S1-460653584,S2-690433461
S1-460653584,S2-86905075
S1-469681616,S2-201958167
S1-469681616,S2-973652282
S1-469681616,S3-732319590
S1-469681616,S3-538568616
S1-490525863,S3-106738826
S1-490525863,S2-277459834
S1-490525863,S2-861167211
S1-490525863,S2-919510278
S1-490525863,S2-27940267
S1-944976087,S2-499246983
S1-944976087,S3-313178255
S1-944976087,S3-771322406
S1-944976087,S2-603576499
S1-600331829,S2-919407348
S1-600331829,S2-585142479
S1-600331829,S3-748976645
S1-600331829,S3-634430954
S1-600331829,S3-579149507
S1-600331829,S2-489117736
S1-882496403,S3-614164855
S1-882496403,S3-876356590
S1-882496403,S2-405921264
S1-605713380,S2-133591826
S1-605713380,S3-954993671
S1-590561689,S3-427600224
S1-590561689,S3-402236288
S1-590561689,S2-236100042
S1-590561689,S3-438275066
S1-590561689,S3-768689321
S1-590561689,S2-388288407
S1-930672659,S3-21859076
S1-930672659,S2-842700351
S1-930672659,S3-488686694
S1-703325891,S2-564289724
S1-703325891,S3-887467444
S1-703325891,S2-72954888
S1-703325891,S2-600115918
S1-703325891,S3-930510113
S1-703325891,S3-515485366
S1-469577394,S3-147372124
S1-469577394,S2-461280391
S1-469577394,S2-898397745
S1-469577394,S2-333216198
S1-617186665,S2-292252029
S1-617186665,S3-357258559
S1-617186665,S2-290362982
S1-408869117,S3-41064811
S1-408869117,S3-136966177
S1-408869117,S3-744595481
S1-408869117,S2-91296288
S1-51389858,S2-826562362
S1-51389858,S3-231204097
S1-921977145,S2-611718908
S1-921977145,S2-653407849
S1-241472638,S3-333072396
S1-241472638,S2-347750214
S1-76558692,S2-732440539
S1-76558692,S2-252266502
S1-291070005,S3-12337307
S1-291070005,S3-753499866
S1-291070005,S2-706681418
S1-291070005,S3-828026184
S1-855598915,S3-841162600
S1-855598915,S3-882507923
S1-855598915,S2-979285606
S1-855598915,S3-692645284
S1-164161032,S3-512042743
S1-164161032,S3-850848051
S1-164161032,S2-990952571
S1-164161032,S2-984901739
S1-164161032,S3-8971257
S1-164161032,S3-443799631
S1-164161032,S2-902922461
S1-267776423,S2-164085758
S1-267776423,S3-428191056
S1-267776423,S2-222314925
S1-267776423,S3-526663771
S1-601984567,S3-593359938
S1-601984567,S2-18586015
S1-271909005,S3-75252890
S1-972542084,S3-448959861
S1-972542084,S3-604994763
S1-972542084,S3-427313324
S1-972542084,S3-661529135
S1-359499357,S3-305127675
S1-359499357,S2-218092934
S1-359499357,S3-141337587
S1-359499357,S3-96715578
S1-359499357,S2-819428682
S1-217395892,S3-762855902
S1-217395892,S2-165874077
S1-217395892,S2-499706438
S1-217395892,S3-194522746
S1-217395892,S3-438618168
S1-217395892,S2-828824674
S1-217395892,S2-827528217
S1-315260797,S3-475180892
S1-315260797,S2-524078925
S1-315260797,S2-190739982
S1-519018750,S3-282659492
S1-519018750,S2-368988860
S1-519018750,S2-247975166
S1-519018750,S3-526595894
S1-519018750,S3-962892995
S1-641910728,S2-328391250
S1-641910728,S3-834242504
S1-641910728,S2-617889676
S1-641910728,S3-220448395
S1-641910728,S3-40126432
S1-641910728,S3-7801165
S1-997301694,S3-81169372
S1-997301694,S3-746674350
S1-997301694,S2-750998759
S1-997301694,S2-375141604
S1-997301694,S2-734756473
S1-165804174,S3-127320791
S1-165804174,S3-499151510
S1-165804174,S2-68246436
S1-165804174,S3-756605665
S1-165804174,S3-382521965
S1-165804174,S3-501398086
S1-165804174,S2-670740037
S1-165804174,S2-701281912
S1-715123268,S2-330291298
S1-715123268,S3-941694297
S1-540510560,S3-312794022
S1-540510560,S2-915413495
S1-352164222,S3-890567345
S1-352164222,S3-100425086
S1-352164222,S3-922709605
S1-352164222,S2-360974908
S1-840747072,S3-787769949
S1-840747072,S2-918965077
S1-840747072,S2-43722870
S1-840747072,S3-710035603
S1-840747072,S3-368931288
S1-840747072,S3-466041361
S1-343800708,S3-345726010
S1-343800708,S2-492320554
S1-343800708,S3-42207993
S1-343800708,S3-742681405
S1-343800708,S2-23157171
S1-343800708,S2-368070958
S1-343800708,S3-724571688
S1-461119750,S2-572636593
S1-461119750,S2-793714045
S1-371902438,S3-374517438
S1-371902438,S2-27967854
S1-371902438,S3-280934225
S1-371902438,S2-287463033
S1-44525906,S3-436261037
S1-44525906,S3-766498315
S1-44525906,S3-520366940
S1-44525906,S2-377737483
S1-397568072,S2-754339626
S1-397568072,S3-625083489
S1-397568072,S3-780515446
S1-654370210,S2-263469290
S1-654370210,S2-970215178
S1-932286449,S2-95429094
S1-932286449,S2-726996157
S1-932286449,S3-564709508
S1-427365130,S2-561050019
S1-427365130,S3-371146408
S1-427365130,S2-985830420
S1-427365130,S2-500130804
S1-637189852,S3-667199227
S1-637189852,S2-59679593
S1-371570552,S2-202447997
S1-371570552,S2-584520353
S1-371570552,S3-137449876
S1-203169385,S3-769609909
S1-203169385,S3-841686940
S1-203169385,S2-880815635
S1-203169385,S3-407633149
S1-203169385,S2-922681449
S1-692745137,S3-580901185
S1-692745137,S2-466625927
S1-471817072,S2-378823640
S1-471817072,S3-706978402
S1-471817072,S3-8211634
S1-471817072,S3-535882539
S1-471817072,S3-837271116
S1-471817072,S2-367099559
S1-471817072,S3-517439258
S1-209026439,S3-733396575
S1-209026439,S2-624597233
S1-209026439,S3-734256633
S1-209026439,S3-481824510
S1-65244504,S3-617400428
S1-65244504,S2-553428504
S1-65244504,S3-724253880
S1-65244504,S3-258377971
S1-65244504,S2-762008235
S1-65244504,S2-837776749
S1-92751454,S2-392055321
S1-92751454,S2-64910989
S1-92751454,S3-474976422
S1-92751454,S2-175246468
S1-92751454,S3-357845076
S1-649811533,S3-277841856
S1-649811533,S3-297982884
S1-649811533,S2-757925613
S1-649811533,S2-522170675
S1-649811533,S3-878617066
S1-649811533,S3-112919522
S1-780503864,S2-319429231
S1-780503864,S3-66306415
S1-780503864,S2-373250272
S1-590526101,S3-825888940
S1-590526101,S3-42132180
S1-590526101,S2-323913652
S1-590526101,S2-311746190
S1-590526101,S3-474847999
S1-9389975,S2-645069663
S1-9389975,S3-945937871
S1-9389975,S2-734349943
S1-738370411,S2-227597747
S1-738370411,S3-637908865
S1-738370411,S3-65521642
S1-104671378,S3-397378774
S1-104671378,S3-566767201
S1-104671378,S2-782572489
S1-451715202,S3-80615852
S1-451715202,S2-760465895
S1-451715202,S3-653188423
S1-451715202,S3-703888700
S1-249013945,S2-221523886
S1-249013945,S2-487801559
S1-249013945,S2-53803144
S1-249013945,S2-199700731
S1-866374487,S2-601634828
S1-866374487,S3-632839122
S1-866374487,S2-385827080
S1-866374487,S3-105031826
S1-926546182,S2-347118266
S1-926546182,S3-483860597
S1-926546182,S2-179509097
S1-926546182,S3-772068430
S1-16544850,S2-986577108
S1-16544850,S3-421496921
S1-248537924,S3-899524460
S1-248537924,S2-912845508
S1-248537924,S2-925007851
S1-248537924,S2-160783776
S1-248537924,S3-280626978
S1-248537924,S3-196314563
S1-248537924,S3-970906084
S1-840426297,S3-534665738
S1-840426297,S3-379829334
S1-596458643,S2-710097028
S1-596458643,S2-531368150
S1-408396709,S3-973696306
S1-408396709,S3-84715383
S1-408396709,S3-79431297
S1-408396709,S3-417875376
S1-408396709,S2-761758468
S1-43216188,S2-250358017
S1-43216188,S2-88453013
S1-43216188,S3-256743036
S1-43216188,S2-363393915
S1-43216188,S3-401060212
S1-43216188,S3-498324761
S1-43216188,S2-223835270
S1-967040873,S2-252634146
S1-967040873,S3-104249406
S1-967040873,S2-775754777
S1-695326452,S3-711529996
S1-695326452,S3-641883934
S1-695326452,S3-502899298
S1-695326452,S2-723295211
S1-695326452,S3-195313561
S1-425837654,S2-204961902
S1-425837654,S2-383961393
S1-425837654,S2-636554467
S1-425837654,S2-579105180
S1-404367841,S3-273690401
S1-404367841,S3-838002737
S1-404367841,S2-421896889
S1-985091559,S2-104602336
S1-985091559,S3-544403467
S1-985091559,S3-145379774
S1-985091559,S2-383767713
S1-985091559,S2-946560677
S1-985091559,S2-68873527
S1-866560305,S2-502969519
S1-866560305,S3-925119766
S1-866560305,S2-33471317
S1-866560305,S3-808583435
S1-866560305,S2-233170477
S1-866560305,S2-840366241
S1-866560305,S2-386394680
S1-933838991,S2-14523456
S1-933838991,S2-31467443
S1-933838991,S2-672188836
S1-933838991,S2-719862580
S1-381372493,S3-844556966
S1-381372493,S2-862743441
S1-276568693,S3-923006030
S1-276568693,S3-63528141
S1-276568693,S2-517639851
S1-276568693,S3-119881640
S1-276568693,S3-625756466
S1-122452254,S2-230059857
S1-739473174,S2-89127745
S1-739473174,S3-259707591
S1-739473174,S3-539455861
S1-707132443,S3-247042135
S1-707132443,S2-345445207
S1-707132443,S2-880697762
S1-430751663,S3-394443362
S1-430751663,S3-8618885
S1-430751663,S2-673343939
S1-573597503,S2-409443409
S1-573597503,S3-367059178
S1-573597503,S2-362452358
S1-573597503,S2-207134332
S1-652170574,S3-696471796
S1-652170574,S2-377358103
S1-652170574,S2-805807092
S1-652170574,S2-533292127
S1-652170574,S3-536399328
S1-680824446,S3-367423176
S1-680824446,S3-702449163
S1-680824446,S2-178926671
S1-680824446,S2-928925044
S1-52243942,S3-977828765
S1-52243942,S3-620359167
S1-52243942,S2-886557519
S1-52243942,S2-9879594
S1-52243942,S3-662401200
S1-221005602,S3-226287962
S1-221005602,S2-525417947
S1-579280218,S2-61805162
S1-564899086,S2-571414855
S1-802613653,S3-409275237
S1-802613653,S2-56730325
S1-13019350,S2-107586129
S1-13019350,S2-38572210
S1-13019350,S2-828902933
S1-13019350,S3-940688605
S1-13019350,S3-228214580
S1-104522727,S3-978602849
S1-104522727,S2-532175630
S1-104522727,S2-180628633
S1-104522727,S3-853115867
S1-104522727,S3-411247527
S1-292530541,S2-210623251
S1-292530541,S3-173086842
S1-292530541,S3-116419484
S1-292530541,S3-94089733
S1-292530541,S3-994373516
S1-961541568,S3-22316580
S1-961541568,S3-664024503
S1-961541568,S2-398576026
S1-961541568,S3-764458112
S1-961541568,S2-670039782
S1-62580850,S3-897721092
S1-62580850,S2-518695871
S1-62580850,S3-337443230
S1-62580850,S2-841931919
S1-978085452,S2-286114816
S1-978085452,S3-493025922
S1-978085452,S3-642479032
S1-978085452,S2-772493751
S1-978085452,S2-248788006
S1-978085452,S2-548650812
S1-978085452,S2-358818241
S1-673800929,S2-680761739
S1-673800929,S3-796899858
S1-673800929,S3-392779125
S1-673800929,S2-550808078
S1-673800929,S2-657634400
S1-24607588,S2-568262441
S1-24607588,S2-464483175
S1-24607588,S2-233621791
S1-967129830,S2-771681987
S1-967129830,S3-37683933
S1-967129830,S2-339789671
S1-164300290,S2-73588225
S1-740316968,S3-179585443
S1-740316968,S3-747423703
S1-532890594,S3-575413073
S1-532890594,S2-579072308
S1-532890594,S2-734636275
S1-825548493,S2-682662276
S1-825548493,S3-319289639
S1-825548493,S3-351298152
S1-351134897,S3-808858267
S1-351134897,S2-719020294
S1-351134897,S3-306773946
S1-351134897,S3-241039489
S1-970036398,S2-186998889
S1-970036398,S3-143915175
S1-970036398,S3-314786687
S1-914487897,S3-605288171
S1-164320833,S2-688986860
S1-164320833,S3-12239243
S1-164320833,S3-921130082
S1-164320833,S3-112287573
S1-164320833,S3-901524748
S1-274561872,S2-508457253
S1-274561872,S2-878591229
S1-274561872,S3-220848965
S1-274561872,S2-604852368
S1-963515631,S2-678131791
S1-963515631,S2-231136936
S1-963515631,S3-307138026
S1-963515631,S3-562801872
S1-963515631,S2-491177738
S1-450651110,S2-290340707
S1-450651110,S3-656126669
S1-450651110,S2-259393311
S1-450651110,S2-592205742
S1-450651110,S3-913257568
S1-122251547,S3-622448482
S1-122251547,S2-72468157
S1-437993060,S2-738143017
S1-437993060,S3-324845607
S1-437993060,S2-792436224
S1-437993060,S2-221731618
S1-437993060,S2-831153567
S1-528656470,S3-909573611
S1-528656470,S2-670354156
S1-528656470,S2-38331835
S1-528656470,S3-481952217
S1-223527076,S3-150714284
S1-223527076,S2-198218823
S1-223527076,S3-858260228
S1-515043687,S3-700477380
S1-515043687,S2-253450392
S1-515043687,S3-183376781
S1-515043687,S3-117251481
S1-515043687,S2-400525403
S1-909036117,S3-383152973
S1-909036117,S2-269412171
S1-909036117,S3-357293959
S1-909036117,S2-993808296
S1-610991534,S3-372157009
S1-610991534,S3-810397528
S1-610991534,S2-167938217
S1-610991534,S3-946236760
S1-610991534,S2-279483237
S1-610991534,S2-265067726
S1-235510499,S2-388037832
S1-235510499,S3-691171316
S1-2738292,S2-966997628
S1-2738292,S2-691229491
S1-2738292,S2-859579211
S1-31327178,S3-589039638
S1-31327178,S3-34757456
S1-31327178,S3-801375084
S1-31327178,S3-187644414
S1-31327178,S2-697765784
S1-803940269,S2-497656299
S1-803940269,S3-906854964
S1-803940269,S2-575788737
S1-803940269,S3-43098090
S1-803940269,S2-18227936
S1-803940269,S3-128646183
S1-747157856,S3-822215220
S1-747157856,S3-491130747
S1-747157856,S3-559134996
S1-747157856,S3-739838881
S1-747157856,S3-644532463
S1-747157856,S3-876220164
S1-143386255,S2-721144687
S1-143386255,S3-112049634
S1-143386255,S3-930057763
S1-143386255,S2-105796404
S1-143386255,S2-698141291
S1-561355903,S3-941520766
S1-561355903,S2-897874116
S1-561355903,S3-937743205
S1-126060023,S3-423345050
S1-126060023,S2-955439020
S1-126060023,S3-832974508
S1-126060023,S3-392105605
S1-126060023,S2-514668580
S1-498654599,S3-601192030
S1-498654599,S2-887825241
S1-498654599,S2-331925340
S1-498654599,S2-478435414
S1-498654599,S3-828649493
S1-498654599,S2-554766280
S1-18284697,S2-457449244
S1-18284697,S2-637806747
S1-18284697,S3-212774937
S1-18284697,S3-462615252
S1-18284697,S3-933507415
S1-467422513,S3-404668720
S1-929295019,S3-245297018
S1-929295019,S2-663078526
S1-929295019,S3-280862312
S1-929295019,S2-990346710
S1-962305866,S3-798154650
S1-962305866,S2-231866600
S1-404762390,S3-53671340
S1-404762390,S2-752005519
S1-404762390,S3-694996425
S1-404762390,S3-991560679
S1-404762390,S3-410413314
S1-598181790,S3-354006475
S1-598181790,S3-835317085
S1-598181790,S2-137444674
S1-598181790,S3-507866886
S1-598181790,S2-311990762
S1-605771892,S2-677107775
S1-605771892,S2-370782464
S1-605771892,S3-49907910
S1-605771892,S3-39048783
S1-605771892,S3-611460883
S1-163108576,S3-849968029
S1-163108576,S2-542994168
S1-163108576,S2-456665899
S1-359186427,S2-89805638
S1-359186427,S2-848859843
S1-670529771,S2-591604581
S1-670529771,S2-654640387
S1-670529771,S3-58699222
S1-670529771,S2-47445296
S1-545666466,S3-324212322
S1-545666466,S2-941259771
S1-374203015,S2-768164014
S1-374203015,S2-229529684
S1-374203015,S3-995415189
S1-374203015,S3-686114239
S1-339111869,S2-384981524
S1-339111869,S3-147390767
S1-339111869,S2-506514114
S1-339111869,S3-541677213
S1-185402241,S3-916651674
S1-185402241,S3-386730111
S1-185402241,S3-597527828
S1-185402241,S2-914074210
S1-185402241,S3-662175794
S1-349599836,S3-113860298
S1-349599836,S2-30218724
S1-168613613,S3-235723144
S1-168613613,S2-129324076
S1-168613613,S3-115667772
S1-168613613,S3-234297382
S1-168613613,S2-233294251
S1-681711814,S3-289579994
S1-681711814,S2-209027099
S1-363766241,S3-939892292
S1-363766241,S3-978162694
S1-363766241,S3-184884206
S1-363766241,S2-530560154
S1-363766241,S3-649259937
S1-363766241,S2-807555824
S1-835583453,S3-854288801
S1-835583453,S3-746886807
S1-835583453,S3-626224831
S1-835583453,S3-422277049
S1-835583453,S2-718232234
S1-308920544,S2-708427252
S1-308920544,S3-380885104
S1-308920544,S3-429392110
S1-738335544,S3-262097741
S1-738335544,S3-780436642
S1-738335544,S3-563356621
S1-738335544,S2-789460902
S1-319342875,S3-159905492
S1-319342875,S3-813745057
S1-319342875,S3-722216754
S1-319342875,S2-749162126
S1-882948961,S2-39010500
S1-882948961,S3-319352850
S1-882948961,S3-509951285
S1-882948961,S3-560372500
S1-882948961,S2-891564458
S1-975578729,S2-231106421
S1-960368752,S3-103593115
S1-960368752,S2-429694226
S1-257578345,S3-742699087
S1-257578345,S3-881384768
S1-58604317,S2-48234018
S1-58604317,S3-16397614
S1-58604317,S3-266344917
S1-58604317,S3-726448615
S1-58604317,S3-418357001
S1-412169787,S3-811839729
S1-412169787,S3-992877933
S1-412169787,S2-447435663
S1-412169787,S3-153830415
S1-708208636,S2-574765981
S1-708208636,S3-756375918
S1-708208636,S3-892998713
S1-262919029,S2-267169172
S1-262919029,S2-875556056
S1-262919029,S3-782969795
S1-262919029,S3-860010869
S1-224568426,S2-640628981
S1-224568426,S3-132318502
S1-224568426,S2-108317962
S1-800501246,S3-587620042
S1-800501246,S2-477177568
S1-800501246,S3-436882726
S1-130928360,S2-150845183
S1-130928360,S2-816456525
S1-130928360,S2-625458665
S1-130928360,S3-236547512
S1-126899736,S3-406030261
S1-126899736,S3-59865979
S1-126899736,S3-530275703
S1-760891679,S3-247158027
S1-760891679,S2-384007402
S1-760891679,S2-194867630
S1-760891679,S3-560203594
S1-760891679,S2-861060203
S1-915382719,S2-852240987
S1-915382719,S2-664457041
S1-915382719,S2-870734703
S1-91931715,S3-262694651
S1-91931715,S2-55095824
S1-91931715,S3-748530260
S1-91931715,S3-383240881
S1-222718775,S3-899938404
S1-222718775,S3-639295692
S1-222718775,S2-233226964
S1-690030184,S2-367898511
S1-690030184,S3-298182775
S1-711260007,S3-918798325
S1-711260007,S2-712133266
S1-711260007,S2-411610918
S1-128020615,S2-930351010
S1-128020615,S3-576355989
S1-128020615,S2-93570115
S1-128020615,S3-744341614
S1-254778668,S3-997432371
S1-974411199,S3-394619056
S1-974411199,S2-144310877
S1-974411199,S3-386296717
S1-974411199,S3-834235744
S1-136052126,S3-410659008
S1-136052126,S3-35705725
S1-136052126,S3-357205251
S1-136052126,S2-461237602
S1-136052126,S3-569732167
S1-136052126,S2-33012152
S1-136052126,S3-802020227
S1-47792919,S3-602294976
S1-47792919,S3-548572847
S1-47792919,S2-71218182
S1-47792919,S2-472051045
S1-47792919,S3-408313140
S1-833042131,S2-203511316
S1-833042131,S3-740321655
S1-833042131,S3-54109298
S1-833042131,S2-69782634
S1-246565668,S3-597176991
S1-246565668,S2-4376544
S1-282039817,S2-711710979
S1-282039817,S3-241976553
S1-282039817,S2-348073616
S1-387548406,S2-313453155
S1-387548406,S2-93687371
S1-387548406,S3-848913004
S1-387548406,S3-923112417
S1-227866694,S2-746671545
S1-227866694,S3-498905621
S1-227866694,S2-69086066
S1-873780476,S3-871312710
S1-873780476,S2-530843424
S1-873780476,S3-317012560
S1-784990697,S3-870942722
S1-784990697,S3-863935756
S1-784990697,S3-726609346
S1-784990697,S2-800936534
S1-688003299,S2-835522610
S1-688003299,S3-508622736
S1-688003299,S3-406233534
S1-225803273,S3-467648713
S1-225803273,S2-228055469
S1-225803273,S3-437674320
S1-755122701,S2-226561396
S1-368027540,S3-782145409
S1-368027540,S2-658492835
S1-368027540,S2-109046755
S1-822878386,S2-797282969
S1-822878386,S3-415887846
S1-822878386,S2-716899393
S1-822878386,S2-309605568
S1-675151443,S2-649910456
S1-675151443,S2-869981858
S1-675151443,S3-527082185
S1-249169942,S3-269022777
S1-249169942,S2-900850937
S1-249169942,S3-486803417
S1-249169942,S3-619329602
S1-781321008,S3-928339458
S1-781321008,S2-317641526
S1-781321008,S2-290084160
S1-781321008,S3-151644135
S1-121289710,S2-160983320
S1-121289710,S2-886144067
S1-121289710,S2-348070966
S1-121289710,S2-184525159
S1-121289710,S3-830100017
S1-121289710,S3-1763923
S1-195583629,S2-181047464
S1-195583629,S3-76406526
S1-195583629,S3-808629159
S1-233046323,S3-96128853
S1-233046323,S2-586191022
S1-233046323,S2-265054933
S1-701452336,S2-239680641
S1-701452336,S2-138460683
S1-701452336,S3-421691302
S1-976669565,S2-470903274
S1-976669565,S3-430704611
S1-976669565,S3-589615682
S1-976669565,S2-666307101
S1-976669565,S2-213012621
S1-668169570,S3-867972988
S1-668169570,S3-114827116
S1-668169570,S2-839837892
S1-668169570,S2-864948438
S1-995893492,S2-181197449
S1-995893492,S3-274064704
S1-995893492,S3-228666496
S1-995893492,S2-552705767
S1-995893492,S2-754537205
S1-995893492,S3-456187046
S1-88647184,S2-79612715
S1-88647184,S3-53505272
S1-88647184,S2-195863140
S1-88647184,S3-872578995
S1-88647184,S2-767986307
S1-871156839,S3-468780516
S1-871156839,S3-974081336
S1-871156839,S2-497984619
S1-827582479,S2-937671853
S1-827582479,S2-367667459
S1-827582479,S3-412157058
S1-827582479,S2-508380594
S1-827582479,S2-99479188
S1-677309299,S2-191400244
S1-677309299,S3-569259597
S1-320475836,S3-192974595
S1-320475836,S2-355276539
S1-152765184,S2-484535940
S1-720800292,S2-754172065
S1-188458018,S2-359440645
S1-188458018,S2-32930829
S1-188458018,S2-758059678
S1-188458018,S3-826987162
S1-538521457,S3-446513564
S1-538521457,S2-325573834
S1-538521457,S3-407690777
S1-289884161,S3-744380641
S1-289884161,S3-408044169
S1-289884161,S2-407416340
S1-289884161,S3-505921242
S1-658215499,S3-553736823
S1-658215499,S3-831247938
S1-658215499,S3-279410969
S1-658215499,S2-817076452
S1-658215499,S3-15330293
S1-658215499,S3-582062606
S1-621053447,S3-531246486
S1-621053447,S2-406231098
S1-413656566,S3-906803786
S1-413656566,S3-255808029
S1-413656566,S2-856580282
S1-136412751,S2-578237545
S1-136412751,S2-944194573
S1-238270884,S2-356135151
S1-238270884,S2-819639671
S1-238270884,S3-629513535
S1-344307795,S2-897379790
S1-344307795,S2-576237530
S1-344307795,S2-701378559
S1-344307795,S3-897821547
S1-344307795,S2-367792999
S1-344307795,S2-440168810
S1-344307795,S3-586871303
S1-344307795,S3-537151408
S1-211964254,S3-433918108
S1-211964254,S2-708339359
S1-211964254,S3-870865669
S1-3832229,S3-734909288
S1-3832229,S2-934768072
S1-3832229,S3-324214840
S1-3832229,S2-30890262
S1-962805913,S2-17743546
S1-962805913,S3-789405792
S1-114011235,S3-20397426
S1-114011235,S3-668357936
S1-650675491,S2-813808966
S1-650675491,S2-528300851
S1-787680,S2-372448483
S1-787680,S2-751798344
S1-787680,S3-313287456
S1-240941009,S3-190627531
S1-240941009,S3-710961549
S1-240941009,S3-274745128
S1-240941009,S2-371623053
S1-240941009,S3-507482181
S1-532665442,S3-999563805
S1-532665442,S2-855441270
S1-532665442,S2-803332036
S1-532665442,S2-648764510
S1-532665442,S2-324328654
S1-532665442,S3-956145543
S1-532665442,S3-951627344
S1-507155310,S3-752861797
S1-507155310,S2-541075288
S1-507155310,S2-446918375
S1-507155310,S3-21208575
S1-525987586,S2-130344514
S1-525987586,S2-166013210
S1-525987586,S2-333663468
S1-525987586,S2-355632553
S1-689539674,S3-697160477
S1-689539674,S2-452380965
S1-213287084,S2-459971307
S1-213287084,S2-524975940
S1-213287084,S3-979112310
S1-575870466,S2-700440142
S1-575870466,S3-350035818
S1-374917960,S3-563764034
S1-127984986,S3-362497570
S1-127984986,S2-850014069
S1-127984986,S2-938187446
S1-127984986,S2-733922324
S1-127984986,S2-505619111
S1-127984986,S3-539948366
S1-127984986,S3-647098843
S1-883081672,S2-215196704
S1-883081672,S2-736698098
S1-883081672,S2-226318895
S1-536365625,S2-421287293
S1-536365625,S3-983936022
S1-207836370,S3-26919680
S1-207836370,S3-395333478
S1-207836370,S3-508537970
S1-588469422,S3-403725613
S1-588469422,S2-607647127
S1-588469422,S2-67365188
S1-588469422,S3-729061443
S1-588469422,S2-304895729
S1-588469422,S3-51425098
S1-757145617,S2-212357032
S1-757145617,S3-201480879
S1-406303725,S2-972695153
S1-406303725,S3-868861391
S1-406303725,S3-996996216
S1-406303725,S3-85007181
S1-612500390,S2-135687941
S1-612500390,S2-988489299
S1-612500390,S3-670719207
S1-612500390,S3-650869992
S1-612500390,S2-153002744
S1-612500390,S3-378991566
S1-171428730,S3-724324886
S1-171428730,S2-46075363
S1-171428730,S3-358991863
S1-171428730,S3-155519713
S1-171428730,S2-474446274
S1-561086555,S2-614754371
S1-561086555,S3-647053752
S1-561086555,S2-189555078
S1-561086555,S3-729079027
S1-561086555,S2-173467934
S1-561086555,S3-401523345
S1-561086555,S3-646841653
S1-317780493,S2-655253402
S1-317780493,S3-321746746
S1-317780493,S2-395937980
S1-926323532,S3-595869419
S1-926323532,S2-830711613
S1-926323532,S2-208724225
S1-573219710,S3-241251714
S1-573219710,S2-398020368
S1-573219710,S3-897109265
S1-573219710,S3-165734346
S1-21178485,S2-105418914
S1-21178485,S3-764047249
S1-21178485,S2-567834699
S1-21178485,S3-667669290
S1-691340679,S3-695330011
S1-691340679,S2-379336173
S1-809030741,S3-750763299
S1-809030741,S2-286635659
S1-809030741,S3-448345282
S1-232595277,S2-30643311
S1-232595277,S3-547231833
S1-232595277,S2-881908270
S1-954048933,S3-437035341
S1-954048933,S2-308710585
S1-687428039,S2-915807169
S1-687428039,S3-169830217
S1-687428039,S3-387255609
S1-332346515,S3-177029989
S1-332346515,S3-192992523
S1-332346515,S2-7028350
S1-332346515,S2-443033388
S1-431270452,S3-662525617
S1-431270452,S2-373930216
S1-431270452,S3-624911116
S1-431270452,S3-520214771
S1-232073030,S3-509500368
S1-583880082,S3-420661659
S1-583880082,S3-122547806
S1-583880082,S3-196848210
S1-112151307,S3-447687864
S1-112151307,S2-859609675
S1-491902641,S3-516333870
S1-491902641,S2-696957554
S1-491902641,S3-582039878
S1-491902641,S3-90901942
S1-491902641,S3-169705292
S1-491902641,S2-557140623
S1-460170093,S2-238721240
S1-460170093,S2-780156186
S1-460170093,S3-289072019
S1-290122124,S2-596079404
S1-290122124,S3-126673875
S1-958964357,S3-815394344
S1-958964357,S2-768307382
S1-97982813,S3-435179324
S1-97982813,S2-473469035
S1-147225897,S3-434936100
S1-911576937,S3-676319120
S1-911576937,S2-127784010
S1-793222810,S3-295145831
S1-793222810,S2-309183035
S1-793222810,S2-582744924
S1-793222810,S3-751199835
S1-814631955,S2-840823775
S1-814631955,S3-174196727
S1-814631955,S3-696414288
S1-814631955,S3-154410621
S1-814631955,S2-553919233
S1-849686653,S3-624663830
S1-849686653,S3-774536661
S1-849686653,S3-484022807
S1-849686653,S3-486365457
S1-849686653,S2-922793159
S1-44970019,S2-885172637
S1-44970019,S2-244641470
S1-44970019,S2-625303945
S1-44970019,S2-986424696
S1-44970019,S2-269692553
S1-44970019,S3-601295433
S1-74179270,S2-430443823
S1-461864783,S2-902716289
S1-461864783,S2-742051229
S1-461864783,S3-700092631
S1-461864783,S2-30374240
S1-561724066,S3-969788758
S1-561724066,S3-262309195
S1-561724066,S2-335605077
S1-561724066,S3-154767541
S1-561724066,S2-524784490
S1-96238428,S3-504215323
S1-96238428,S2-6220584
S1-779438990,S3-100047037
S1-779438990,S2-96319076
S1-532982150,S3-968384709
S1-532982150,S2-168568678
S1-532982150,S3-222677598
S1-532982150,S2-379882455
S1-532982150,S3-715983416
S1-532982150,S2-881502925
S1-97041390,S3-49979098
S1-97041390,S2-2721616
S1-97041390,S2-153288610
S1-97041390,S3-263662422
S1-97041390,S3-898806876
S1-97041390,S3-636479425
S1-97041390,S2-253583020
S1-719439964,S2-484924322
S1-957061190,S2-685018776
S1-957061190,S2-931496005
S1-957061190,S2-505685496
S1-957061190,S2-46119952
S1-957061190,S3-82211846
S1-855759822,S2-241736713
S1-160344007,S3-746222448
S1-160344007,S2-444335919
S1-160344007,S3-570606054
S1-589676283,S2-792838685
S1-589676283,S3-659056285
S1-589676283,S3-964850160
S1-589676283,S3-289250390
S1-589676283,S2-467964704
S1-589676283,S3-176483456
S1-307233060,S2-532750954
S1-307233060,S3-338762101
S1-307233060,S2-32766864
S1-307233060,S2-894346255
S1-307233060,S2-325575089
S1-546050890,S3-632792769
S1-546050890,S2-948402487
S1-546050890,S3-462710673
S1-546050890,S3-498563837
S1-517559230,S3-912166584
S1-517559230,S2-986899239
S1-517559230,S2-19659608
S1-625399416,S2-817350027
S1-625399416,S3-53358501
S1-625399416,S3-749573966
S1-625399416,S3-638272003
S1-625399416,S3-169959214
S1-490698163,S3-714147325
S1-490698163,S3-583278440
S1-490698163,S2-156387364
S1-490698163,S3-550024316
S1-490698163,S3-369532142
S1-490698163,S3-992822187
S1-347310319,S3-388560438
S1-347310319,S2-573689557
S1-347310319,S2-756061298
S1-355459315,S3-682559643
S1-355459315,S2-439189465
S1-355459315,S2-440899678
S1-177811837,S3-455753617
S1-177811837,S2-435873045
S1-177811837,S3-142101096
S1-765937107,S2-445612324
S1-765937107,S3-804445081
S1-765937107,S2-739757835
S1-765937107,S3-843624176
S1-765937107,S2-948987736
S1-310043703,S3-512622605
S1-310043703,S2-749444993
S1-310043703,S2-703288117
S1-241624249,S2-881511771
S1-241624249,S3-519779688
S1-241624249,S2-321664876
S1-573627426,S3-563607610
S1-573627426,S2-644977062
S1-573627426,S2-35051882
S1-573627426,S3-796572787
S1-573627426,S2-5713791
S1-483075472,S3-774335574
S1-483075472,S2-863152759
S1-483075472,S2-986542887
S1-483075472,S3-52768889
S1-483075472,S2-474612150
S1-19791056,S2-583111097
S1-19791056,S3-770597079
S1-19791056,S2-634559891
S1-19791056,S3-447076651
S1-704872414,S2-334224791
S1-704872414,S3-419985318
S1-736430836,S2-677853447
S1-696701536,S3-870063210
S1-696701536,S2-696856003
S1-696701536,S2-60556938
S1-403375064,S2-406705750
S1-403375064,S3-492089604
S1-403375064,S2-248430473
S1-958612765,S3-28632096
S1-958612765,S3-287937403
S1-382883643,S3-196554350
S1-382883643,S2-875556905
S1-382883643,S2-818034951
S1-33218074,S3-865490325
S1-33218074,S3-309372747
S1-33218074,S2-693386628
S1-894499429,S2-975093773
S1-894499429,S3-362644869
S1-894499429,S2-569517332
S1-894499429,S3-451710011
S1-638528261,S2-79794127
S1-638528261,S2-433814926
S1-983433609,S2-693412351
S1-983433609,S3-655826189
S1-983433609,S3-214258338
S1-318542686,S2-121501234
S1-318542686,S2-761962444
S1-318542686,S2-158421705
S1-318542686,S2-677658865
S1-318542686,S3-812039009
S1-318542686,S2-236065545
S1-318542686,S3-950802814
S1-663822112,S2-822145994
S1-663822112,S2-215951123
S1-663822112,S3-84620962
S1-453774701,S2-857287915
S1-453774701,S3-368734666
S1-453774701,S3-945546668
S1-544544740,S2-989051202
S1-544544740,S3-631354989
S1-544544740,S2-209281165
S1-544544740,S3-797688875
S1-442927776,S3-274645705
S1-442927776,S3-319067529
S1-25824704,S3-752011999
S1-25824704,S2-825437050
S1-41491222,S2-685683436
S1-41491222,S2-290525976
S1-185842891,S3-202252705
S1-185842891,S3-857913964
S1-185842891,S2-265201815
S1-185842891,S3-566497140
S1-185842891,S3-174529415
S1-185842891,S3-13316534
S1-744680952,S3-574783005
S1-744680952,S2-88939504
S1-744680952,S2-913888592
S1-744680952,S2-645052252
S1-744680952,S3-599920105
S1-557154288,S2-437491854
S1-557154288,S3-331569367
S1-171921475,S2-701768468
S1-171921475,S3-595196522
S1-176607659,S3-331231190
S1-176607659,S3-447889761
S1-176607659,S3-346966524
S1-176607659,S2-821694506
S1-740645518,S3-982071928
S1-740645518,S3-569191416
S1-740645518,S2-253663028
S1-740645518,S2-613989647
S1-740645518,S3-905515361
S1-378130762,S2-131453801
S1-378130762,S3-188544085
S1-378130762,S3-384193256
S1-425701041,S3-752469312
S1-425701041,S2-703542685
S1-425701041,S2-160869511
S1-425701041,S3-380828274
S1-197650684,S2-278727603
S1-678742868,S2-396398234
S1-678742868,S3-452404258
S1-678742868,S2-526747822
S1-455085650,S3-99521436
S1-455085650,S3-834079571
S1-748618339,S3-475240339
S1-748618339,S2-202553562
S1-734497252,S3-702697128
S1-734497252,S3-431053383
S1-734497252,S2-506990806
S1-734497252,S3-758270869
S1-734497252,S3-651712622
S1-481049817,S3-333448760
S1-481049817,S2-621252733
S1-285568593,S3-222762734
S1-285568593,S2-643121074
S1-606264626,S3-814057789
S1-606264626,S3-964954769
S1-606264626,S2-929211946
S1-18519356,S3-38839113
S1-985133742,S2-158832445
S1-555117334,S3-651909747
S1-555117334,S3-559063570
S1-555117334,S2-737836881
S1-555117334,S2-148872836
S1-555117334,S2-30241818
S1-555117334,S3-937717278
S1-555117334,S2-385403787
S1-847720108,S2-362784000
S1-847720108,S3-131652002
S1-847720108,S3-156115817
S1-2367109,S3-285877449
S1-2367109,S2-179965755
S1-2367109,S2-803183210
S1-2367109,S3-722046153
S1-480316713,S3-750695048
S1-480316713,S2-905101781
S1-818800842,S2-703178491
S1-818800842,S2-749446496
S1-818800842,S3-297239252
S1-317138872,S2-180532612
S1-849203096,S3-804547278
S1-849203096,S2-283646225
S1-849203096,S3-295442001
S1-849203096,S3-420218046
S1-849203096,S2-481212167
S1-849203096,S2-875231412
S1-388093451,S2-850281977
S1-388093451,S3-269442893
S1-388093451,S2-929383066
S1-145109619,S3-487861029
S1-145109619,S3-364251975
S1-145109619,S2-775230331
S1-83950654,S3-937713201
S1-83950654,S2-79482187
S1-83950654,S3-742353198
S1-419082909,S2-719391518
S1-419082909,S2-956093907
S1-136678061,S3-132277760
S1-136678061,S2-308718205
S1-359505227,S3-560508145
S1-359505227,S2-791842319
S1-359505227,S3-466769362
S1-280948280,S3-843505743
S1-280948280,S3-264882037
S1-280948280,S3-555225831
S1-231408258,S2-243926117
S1-231408258,S2-779936255
S1-231408258,S3-607246643
S1-305431003,S3-346702688
S1-305431003,S3-806444328
S1-305431003,S2-714134685
S1-685139253,S3-672799694
S1-685139253,S3-344476492
S1-801954605,S2-339583193
S1-801954605,S2-688037895
S1-192306775,S3-757948738
S1-192306775,S3-519587546
S1-192306775,S2-870104032
S1-192306775,S2-566976218
S1-69931057,S3-313276887
S1-69931057,S3-660746146
S1-69931057,S3-730859118
S1-69931057,S3-997494131
S1-69931057,S2-950240422
S1-774683452,S2-470121871
S1-774683452,S3-965163222
S1-774683452,S2-368355383
S1-774683452,S2-825361312
S1-774683452,S3-182027666
S1-774683452,S2-927354221
S1-774683452,S3-460435367
S1-774683452,S2-969244503
S1-898938564,S2-102233752
S1-898938564,S2-501587351
S1-898938564,S3-49009267
S1-898938564,S2-627317352
S1-898938564,S3-535807772
S1-898938564,S3-666878797
S1-913185028,S3-90500357
S1-913185028,S3-273685690
S1-913185028,S3-134763423
S1-909011897,S3-608859126
S1-909011897,S2-663495880
S1-909011897,S2-701182459
S1-909011897,S2-383846171
S1-909011897,S3-356534926
S1-161417634,S3-827406184
S1-161417634,S2-901047668
S1-161417634,S2-741274087
S1-161417634,S3-662221301
S1-814838213,S3-648467792
S1-814838213,S2-221283264
S1-814838213,S3-465847667
S1-206109391,S3-593323064
S1-206109391,S3-940748153
S1-206109391,S2-682609768
S1-206109391,S3-227274083
S1-206109391,S3-728371955
S1-206109391,S3-241239805
S1-71887586,S2-142476038
S1-71887586,S3-402074104
S1-71887586,S2-433579956
S1-71887586,S3-973000998
S1-71887586,S2-878399538
S1-71887586,S3-723617298
S1-73628433,S2-476684902
S1-73628433,S3-374262217
S1-73628433,S3-660526842
S1-73628433,S3-313204490
S1-73628433,S2-150782785
S1-73628433,S3-148043832
S1-317338527,S3-25894610
S1-317338527,S2-995512626
S1-317338527,S3-113748695
S1-317338527,S2-911653970
S1-317338527,S3-966316526
S1-317338527,S2-855445021
S1-167680239,S2-783464786
S1-167680239,S2-373593351
S1-167680239,S3-214551431
S1-167680239,S3-102200700
S1-167680239,S2-66791440
S1-260442043,S3-966146658
S1-260442043,S2-150965879
S1-260442043,S3-403967893
S1-741018786,S3-688202092
S1-741018786,S3-204749824
S1-741018786,S3-938018096
S1-741018786,S3-160210859
S1-741018786,S2-266537926
S1-539782429,S3-92810013
S1-294031040,S2-435551488
S1-294031040,S3-84621785
S1-995357852,S3-885444493
S1-995357852,S3-240857314
S1-995357852,S2-134043416
S1-507367672,S3-25310763
S1-507367672,S2-369062356
S1-507367672,S3-474084995
S1-507367672,S2-830678735
S1-87825212,S3-782321337
S1-87825212,S3-601445034
S1-87825212,S2-704544771
S1-750386506,S3-996090858
S1-750386506,S2-706043333
S1-750386506,S3-207772582
S1-750386506,S3-647225520
S1-750386506,S3-666977948
S1-761886532,S3-134139593
S1-761886532,S2-396848115
S1-761886532,S3-395015798
S1-949546663,S3-622245986
S1-949546663,S2-100979791
S1-407378913,S3-430541362
S1-407378913,S3-695490246
S1-407378913,S2-45168811
S1-407378913,S3-908079266
S1-407378913,S2-937388807
S1-407378913,S3-848185323
S1-4443277,S2-222383231
S1-4443277,S3-51444572
S1-4443277,S2-600834680
S1-4443277,S3-311314457
S1-4443277,S2-634637630
S1-406968662,S2-881775842
S1-406968662,S2-221060838
S1-406968662,S2-293019520
S1-406968662,S3-98798257
S1-253595160,S2-165573993
S1-253595160,S3-827601209
S1-156808157,S3-130293007
S1-156808157,S3-666726209
S1-156808157,S2-234683119
S1-156808157,S3-267892337
S1-107737264,S3-633455412
S1-337144662,S2-405361498
S1-136336551,S2-688420713
S1-136336551,S2-177398460
S1-136336551,S3-392009747
S1-136336551,S2-414732846
S1-959327403,S3-612560062
S1-959327403,S2-958272963
S1-959327403,S2-18019179
S1-745282752,S2-41031391
S1-745282752,S3-421693767
S1-745282752,S3-559833952
S1-306699596,S3-573243479
S1-306699596,S3-329986352
S1-306699596,S3-860953155
S1-306699596,S3-417059100
S1-306699596,S2-785211062
S1-306699596,S3-957584703
S1-406339836,S2-909135670
S1-406339836,S3-299558295
S1-488470104,S3-526240100
S1-488470104,S3-507812105
S1-488470104,S3-716402237
S1-488470104,S2-978085999
S1-488470104,S3-194624182
S1-488470104,S3-520752869
S1-496569912,S3-538587664
S1-496569912,S2-918718072
S1-496569912,S2-733826589
S1-385580295,S3-404691393
S1-385580295,S3-20139284
S1-385580295,S3-105397513
S1-385580295,S2-863695612
S1-123481646,S2-54845477
S1-123481646,S3-416571624
S1-123481646,S2-394542580
S1-123481646,S3-340277279
S1-123481646,S3-634558031
S1-631479238,S2-489230796
S1-631479238,S3-831426241
S1-758670826,S3-423822560
S1-758670826,S2-51370111
S1-758670826,S2-176642958
S1-758670826,S2-100045149
S1-758670826,S3-224140388
S1-922366667,S3-278357363
S1-922366667,S3-254872065
S1-922366667,S3-128152677
S1-539226983,S3-387341016
S1-539226983,S2-583380118
S1-539226983,S2-149206602
S1-539226983,S2-661218922
S1-539226983,S3-260043246
S1-352844940,S2-335544689
S1-352844940,S2-898095517
S1-352844940,S3-926865443
S1-352844940,S2-430925408
S1-352844940,S2-905625688
S1-627793617,S3-95287225
S1-627793617,S2-117456327
S1-627793617,S3-667895516
S1-779442250,S2-577354393
S1-779442250,S2-67074770
S1-779442250,S3-971751121
S1-779442250,S2-289007629
S1-779442250,S2-273109642
S1-903976634,S3-722951253
S1-903976634,S2-558005808
S1-12821483,S3-277778490
S1-12821483,S3-310043416
S1-12821483,S3-346389255
S1-12821483,S2-897362607
S1-272584801,S3-116893763
S1-272584801,S2-645517491
S1-272584801,S2-382456740
S1-272584801,S3-329908725
S1-272584801,S2-555604194
S1-272584801,S3-817230295
S1-367614863,S2-478393315
S1-367614863,S3-697227424
S1-367614863,S2-592860372
S1-367614863,S2-650019546
S1-367614863,S3-559404685
S1-367614863,S2-626847765
S1-398012700,S3-883754678
S1-398012700,S2-112057460
S1-702184262,S2-359464516
S1-702184262,S2-827886930
S1-702184262,S3-396039153
S1-702184262,S3-427037944
S1-702184262,S2-240334431
S1-723147089,S2-526450466
S1-723147089,S3-609466875
S1-723147089,S3-473272086
S1-723147089,S3-687578369
S1-723147089,S2-499938161
S1-390579229,S2-181556286
S1-390579229,S2-441071026
S1-390579229,S2-490813748
S1-390579229,S2-232216466
S1-512678936,S2-462365354
S1-512678936,S2-308161258
S1-512678936,S3-278324007
S1-512678936,S3-36631560
S1-512678936,S2-949718678
S1-292938335,S2-723874366
S1-292938335,S2-126513958
S1-292938335,S3-90578767
S1-292938335,S3-334022224
S1-337674549,S3-264549531
S1-337674549,S2-453519080
S1-337674549,S3-50696576
S1-337674549,S3-940959567
S1-337674549,S2-566734623
S1-337674549,S3-306484994
S1-237125221,S2-172007156
S1-237125221,S2-988047062
S1-237125221,S3-210569636
S1-237125221,S3-244943167
S1-237125221,S3-195172376
S1-237125221,S3-179433576
S1-237125221,S3-906900140
S1-300883063,S3-761191922
S1-300883063,S2-272084419
S1-300883063,S3-264070913
S1-93204673,S3-475962133
S1-93204673,S3-453155860
S1-93204673,S2-822458042
S1-93204673,S2-281862756
S1-742507512,S3-826444590
S1-742507512,S3-639822147
S1-742507512,S2-78028700
S1-158610684,S3-555900261
S1-158610684,S2-956989547
S1-158610684,S2-350062508
S1-373940076,S3-357198201
S1-373940076,S3-237216435
S1-373940076,S2-8463196
S1-373940076,S2-296662998
S1-373940076,S2-452189182
S1-75721839,S3-489559221
S1-75721839,S2-84605073
S1-147798433,S3-783306100
S1-147798433,S2-723775959
S1-383463933,S3-713056873
S1-383463933,S2-800147413
S1-383463933,S2-700668551
S1-383463933,S2-545159105
S1-383463933,S3-425912307
S1-44470987,S2-47422659
S1-44470987,S2-38895670
S1-44470987,S2-23819074
S1-44470987,S2-40233929
S1-44470987,S3-920489845
S1-44470987,S3-873709867
S1-452405606,S3-463921064
S1-452405606,S2-135711192
S1-452405606,S2-703361049
S1-407937591,S2-527067924
S1-407937591,S3-172669080
S1-819185372,S2-131950302
S1-819185372,S3-622751017
S1-819185372,S3-406162856
S1-819185372,S2-431286045
S1-221768985,S3-568894277
S1-221768985,S2-435749490
S1-221768985,S2-679589216
S1-221768985,S3-780067023
S1-578774361,S2-703550114
S1-578774361,S3-559524278
S1-578774361,S2-350473559
S1-103145015,S2-879814410
S1-103145015,S3-47623097
S1-103145015,S3-432784068
S1-103145015,S2-137033178
S1-103145015,S2-848043272
S1-511123612,S2-637577149
S1-511123612,S3-741566992
S1-511123612,S3-777798741
S1-511123612,S3-267622067
S1-928561460,S2-277924444
S1-928561460,S2-999322215
S1-543205615,S3-729445816
S1-543205615,S2-393049647
S1-543205615,S3-132079129
S1-543205615,S2-92113031
S1-662007542,S3-70452133
S1-662007542,S3-502686773
S1-662007542,S2-649506099
S1-17520189,S3-940456549
S1-17520189,S2-148797977
S1-350033196,S2-255288377
S1-350033196,S2-648639946
S1-350033196,S3-218148047
S1-350033196,S2-420950020
S1-424446791,S3-420038561
S1-451052687,S2-174268675
S1-451052687,S3-415210718
S1-451052687,S2-395884852
S1-107041295,S2-31121404
S1-833613051,S2-219454280
S1-833613051,S3-998562136
S1-833613051,S3-32688109
S1-833613051,S3-737900876
S1-218168932,S2-997547062
S1-218168932,S3-457447682
S1-218168932,S2-707503498
S1-455625215,S2-938873913
S1-455625215,S3-990120892
S1-455625215,S3-872360358
S1-455625215,S3-881518496
S1-856778567,S2-832094295
S1-856778567,S2-990872102
S1-302523558,S3-196233610
S1-302523558,S3-917112745
S1-302523558,S2-430959264
S1-302523558,S3-444968332
S1-302523558,S3-281827076
S1-302523558,S2-770249703
S1-302523558,S2-227516992
S1-481184856,S3-159518019
S1-481184856,S2-199944376
S1-481184856,S2-753487479
S1-481184856,S2-138652038
S1-481184856,S2-620863838
S1-481184856,S3-657687457
S1-377921696,S2-445056454
S1-377921696,S3-102212416
S1-222104151,S3-846167934
S1-222104151,S2-484004147
S1-222104151,S3-599706841
S1-222104151,S2-363521189
S1-222104151,S3-938013998
S1-146561957,S2-906561470
S1-146561957,S2-604148960
S1-146561957,S2-795527046
S1-146561957,S2-383423489
S1-146561957,S3-769456034
S1-42586099,S3-85285053
S1-42586099,S3-153939656
S1-42586099,S2-6265972
S1-42586099,S3-520287179
S1-250957754,S2-136604401
S1-250957754,S3-973138730
S1-250957754,S3-663776055
S1-404853920,S2-978706092
S1-404853920,S3-398459776
S1-404853920,S3-634292115
S1-404853920,S3-739173694
S1-365144981,S2-575587952
S1-365144981,S2-189876585
S1-365144981,S2-885967336
S1-225774567,S2-116787840
S1-225774567,S2-663136417
S1-225774567,S3-73578011
S1-225774567,S3-304345224
S1-225774567,S2-157904747
S1-991644297,S3-791413366
S1-991644297,S2-745843779
S1-991644297,S3-668594777
S1-277195681,S2-967446909
S1-277195681,S3-641480540
S1-88156202,S2-840550108
S1-88156202,S2-514835491
S1-88156202,S3-215794703
S1-88156202,S3-899978044
S1-88156202,S3-832550929
S1-88156202,S2-600751926
S1-705297733,S3-710343668
S1-705297733,S2-785155904
S1-705297733,S2-941069547
S1-758529062,S2-404355588
S1-758529062,S3-883090679
S1-758529062,S2-542824039
S1-460939785,S3-493277363
S1-460939785,S2-830723712
S1-460939785,S3-651364422
S1-460939785,S3-45993107
S1-460939785,S3-810383192
S1-460939785,S2-45964152
S1-6046795,S3-349448929
S1-6046795,S2-692981286
S1-6046795,S2-306399016
S1-6046795,S2-203441693
S1-251556475,S3-202687483
S1-251556475,S2-518053803
S1-251556475,S3-373888883
S1-251556475,S2-386346482
S1-14047202,S2-583466722
S1-14047202,S3-852741421
S1-14047202,S2-738725710
S1-14047202,S2-95531587
S1-546487171,S3-402465926
S1-546487171,S2-516648926
S1-528274232,S3-768257361
S1-528274232,S2-752159160
S1-528274232,S2-149776132
S1-528274232,S3-635800594
S1-528274232,S3-746225745
S1-528274232,S3-833631379
S1-585292554,S3-247915104
S1-585292554,S2-415600064
S1-585292554,S2-980041841
S1-697469324,S2-58921339
S1-697469324,S3-722324144
S1-697469324,S2-753947394
S1-697469324,S3-127086173
S1-697469324,S3-704711757
S1-838099455,S3-821534271
S1-838099455,S2-844480715
S1-838099455,S3-125001443
S1-838099455,S3-120876218
S1-838099455,S3-779335606
S1-838099455,S3-785713061
S1-838466591,S2-189409695
S1-838466591,S3-363591561
S1-139743865,S2-265406746
S1-505579471,S2-804603639
S1-505579471,S2-847840318
S1-505579471,S2-508585004
S1-505579471,S3-484106950
S1-505579471,S2-329406565
S1-267547212,S2-174700019
S1-267547212,S2-803991189
S1-267547212,S3-493353923
S1-267547212,S3-408652978
S1-267547212,S3-614351921
S1-267547212,S2-296075185
S1-267547212,S2-95426551
S1-718243219,S2-657719025
S1-718243219,S3-111320337
S1-718243219,S3-935743753
S1-213686647,S2-446139357
S1-213686647,S2-369989405
S1-213686647,S3-351737412
S1-213686647,S2-14463204
S1-898638830,S3-394373071
S1-898638830,S3-497484153
S1-898638830,S3-195895516
S1-199578606,S2-689062013
S1-199578606,S2-882622766
S1-199578606,S3-103713549
S1-199578606,S3-641814033
S1-33707898,S2-390144366
S1-33707898,S3-368876024
S1-531362455,S2-195111037
S1-531362455,S2-242080934
S1-531362455,S3-603376291
S1-531362455,S3-494187709
S1-288912703,S2-689147647
S1-288912703,S2-903556836
S1-288912703,S3-760774240
S1-288912703,S2-461911129
S1-651710804,S2-50798423
S1-651710804,S2-573680774
S1-651710804,S3-780246874
S1-651710804,S3-638153626
S1-651710804,S2-355324138
S1-651710804,S2-247000456
S1-858637623,S3-778643561
S1-858637623,S2-301830379
S1-858637623,S2-214408312
S1-858637623,S2-831541032
S1-893681148,S3-546101513
S1-893681148,S3-611692942
S1-893681148,S2-27249460
S1-893681148,S3-162208773
S1-893681148,S2-698503891
S1-788529161,S2-656562288
S1-788529161,S3-503403327
S1-788529161,S2-231818808
S1-788529161,S3-706191504
S1-482718341,S3-25934847
S1-482718341,S2-694785062
S1-482718341,S3-349354801
S1-482718341,S2-181962773
S1-86823307,S3-495141034
S1-86823307,S3-169979893
S1-86823307,S2-949331749
S1-155951196,S3-33324991
S1-155951196,S2-115164498
S1-155951196,S3-586915530
S1-931242048,S3-611307167
S1-931242048,S2-523484899
S1-765531936,S2-158917270
S1-765531936,S3-650597179
S1-829133704,S2-790988860
S1-829133704,S3-998460839
S1-829133704,S2-389348243
S1-140959764,S2-235061296
S1-140959764,S3-377691645
S1-140959764,S3-916237051
S1-140959764,S2-805533676
S1-140959764,S2-743024699
S1-140959764,S3-398333706
S1-140959764,S2-328178111
S1-140959764,S3-104460945
S1-492408205,S2-836943144
S1-492408205,S2-733724552
S1-492408205,S3-380208934
S1-492408205,S3-827124713
S1-492408205,S2-127741984
S1-882755022,S3-653897441
S1-882755022,S3-936279027
S1-379399675,S3-448700921
S1-379399675,S2-935286352
S1-379399675,S2-658559102
S1-379399675,S2-712618227
S1-866322002,S2-430486077
S1-866322002,S3-908084569
S1-866322002,S3-900768284
S1-866322002,S3-924977939
S1-79348849,S3-626232947
S1-79348849,S2-332083169
S1-79348849,S3-87859994
S1-79348849,S3-788438522
S1-422217386,S2-859408009
S1-251803246,S3-988828535
S1-251803246,S2-571910363
S1-635463618,S2-502358700
S1-635463618,S3-703478865
S1-431219805,S2-680645586
S1-431219805,S2-347106143
S1-431219805,S2-301522403
S1-431219805,S3-277860259
S1-915507208,S2-956696018
S1-785059259,S2-129555427
S1-785059259,S3-827011032
S1-785059259,S2-206532181
S1-785059259,S3-634796957
S1-477143788,S3-472361812
S1-477143788,S2-977756146
S1-477143788,S2-617113218
S1-18450768,S3-813115342
S1-18450768,S2-348263513
S1-641381442,S3-381998698
S1-641381442,S3-779758139
S1-641381442,S3-561134186
S1-71384683,S3-234942578
S1-71384683,S2-954352704
S1-71384683,S2-165331475
S1-71384683,S2-970205766
S1-71384683,S2-841121973
S1-253621552,S3-219305825
S1-253621552,S2-44590278
S1-107383974,S2-739617751
S1-107383974,S3-736603108
S1-459679953,S2-277357448
S1-459679953,S2-328077442
S1-459679953,S3-145336031
S1-459679953,S3-818300629
S1-459679953,S2-315344739
S1-459679953,S2-290968765
S1-414155968,S3-933728735
S1-414155968,S2-966106230
S1-940109347,S2-527653599
S1-867057224,S3-239880074
S1-867057224,S3-329845590
S1-867057224,S2-837758463
S1-867057224,S3-617852561
S1-867057224,S3-772708462
S1-867057224,S3-782936734
S1-402202079,S3-535987101
S1-402202079,S2-455613527
S1-402202079,S2-192477829
S1-402202079,S3-537287742
S1-690162425,S2-13861171
S1-690162425,S2-968907935
S1-690162425,S2-808979571
S1-863967792,S3-979190678
S1-863967792,S3-817158475
S1-863967792,S3-125748549
S1-863967792,S2-655195789
S1-863967792,S2-139844
S1-863967792,S3-881960494
S1-522530917,S3-959780705
S1-522530917,S2-518748840
S1-522530917,S3-273774920
S1-522530917,S3-244556531
S1-522530917,S3-202214691
S1-930924084,S3-946429855
S1-930924084,S3-439441568
S1-930924084,S2-72005254
S1-930924084,S2-170120659
S1-930924084,S3-504199763
S1-930924084,S2-549019491
S1-672680510,S2-554779499
S1-672680510,S3-959706071
S1-672680510,S3-518524311
S1-672680510,S2-596401517
S1-672680510,S2-483569939
S1-544147451,S3-637075292
S1-544147451,S2-321871901
S1-544147451,S3-314507000
S1-544147451,S2-918445170
S1-877629432,S3-141860780
S1-877629432,S2-255692039
S1-171957657,S2-318526460
S1-171957657,S3-991041377
S1-171957657,S2-161248503
S1-171957657,S2-184353624
S1-171957657,S3-391046820
S1-171957657,S2-54831066
S1-171957657,S3-700081772
S1-820663951,S2-431248901
S1-820663951,S3-469347869
S1-329185172,S2-285528735
S1-329185172,S3-47136344
S1-329185172,S3-595635390
S1-399910141,S2-161937471
S1-399910141,S3-757499209
S1-399910141,S2-29166725
S1-399910141,S3-339200306
S1-399910141,S2-19341870
S1-399315890,S2-854225673
S1-399315890,S3-792359020
S1-369092954,S3-166974087
S1-369092954,S3-226415710
S1-369092954,S2-290571654
S1-863107948,S3-271241988
S1-863107948,S3-438103612
S1-863107948,S2-545062110
S1-863107948,S2-988529229
S1-497220099,S3-504771004
S1-497220099,S3-198688825
S1-398892532,S2-545605967
S1-398892532,S2-704272803
S1-398892532,S3-879261215
S1-398892532,S3-501155462
S1-789935483,S2-666737792
S1-789935483,S2-359416566
S1-789935483,S3-366973712
S1-258854614,S2-271821638
S1-919110763,S3-62810972
S1-919110763,S2-613726721
S1-919110763,S3-167062544
S1-919110763,S2-533439582
S1-919110763,S2-747538172
S1-701507228,S2-630514051
S1-701507228,S2-91486652
S1-701507228,S3-184718532
S1-701507228,S3-999856969
S1-701507228,S2-174598395
S1-701507228,S2-505320780
S1-911976140,S3-457887462
S1-911976140,S2-765679967
S1-911976140,S3-785950895
S1-137524443,S3-370423785
S1-137524443,S3-320334151
S1-137524443,S2-170279735
S1-137524443,S2-259868407
S1-137524443,S2-892331853
S1-247230685,S3-473744767
S1-247230685,S3-826857230
S1-247230685,S2-474550291
S1-247230685,S2-608551852
S1-112210878,S3-731493390
S1-112210878,S2-718899713
S1-112210878,S2-16179212
S1-112210878,S3-672779813
S1-215354921,S2-488278342
S1-215354921,S3-712216384
S1-125684695,S2-432153436
S1-125684695,S2-112490958
S1-842265962,S2-553779787
S1-842265962,S2-311298538
S1-842265962,S2-287233289
S1-842265962,S2-234020284
S1-842265962,S3-965214983
S1-842265962,S3-395872221
S1-731750287,S3-11624703
S1-731750287,S3-73368857
S1-731750287,S2-819901827
S1-731750287,S2-637446405
S1-731750287,S3-10465715
S1-731750287,S2-472929388
S1-731750287,S2-930604058
S1-79958258,S2-48398489
S1-79958258,S2-948253552
S1-871874177,S3-190900991
S1-871874177,S2-688290645
S1-871874177,S2-816283781
S1-871874177,S2-54300009
S1-871874177,S2-935159548
S1-408934002,S3-820851024
S1-408934002,S2-141444202
S1-408934002,S2-144328820
S1-754761322,S2-259279022
S1-754761322,S3-501525644
S1-754761322,S2-870307145
S1-754761322,S3-135036821
S1-288204478,S2-204192286
S1-288204478,S2-387957035
S1-288204478,S3-413171361
S1-371082688,S2-639135118
S1-371082688,S2-893380447
S1-371082688,S2-441847013
S1-371082688,S3-976396057
S1-371082688,S3-214845038
S1-860010247,S2-271187938
S1-860010247,S2-350965963
S1-860010247,S2-228074801
S1-860010247,S3-602686948
S1-133766246,S3-171390946
S1-133766246,S2-774071316
S1-804598535,S2-726891761
S1-804598535,S2-198071022
S1-422952170,S3-17422307
S1-422952170,S2-348639222
S1-422952170,S3-405956766
S1-546375941,S3-319429531
S1-546375941,S2-449330516
S1-546375941,S3-285391600
S1-546375941,S2-804386291
S1-238002809,S2-794189655
S1-631992370,S3-366724035
S1-631992370,S3-392377510
S1-146834163,S3-921718827
S1-146834163,S2-865357902
S1-146834163,S3-484048594
S1-949978246,S3-968609359
S1-949978246,S2-920892532
S1-949978246,S3-19654316
S1-949978246,S2-374738625
S1-949978246,S3-127885281
S1-949978246,S3-667811138
S1-926634735,S3-789715459
S1-926634735,S2-780637010
S1-926634735,S2-157236879
S1-12696359,S2-263715521
S1-12696359,S2-268677072
S1-12696359,S2-243638495
S1-12696359,S3-931170243
S1-12696359,S3-442240844
S1-12696359,S3-456357721
S1-42925468,S3-810169213
S1-42925468,S3-726986409
S1-42925468,S2-310729766
S1-579096041,S3-88905426
S1-579096041,S2-767116355
S1-579096041,S3-636681330
S1-998579999,S2-418320280
S1-998579999,S2-382535988
S1-998579999,S3-955995209
S1-41652026,S3-539730485
S1-41652026,S2-177107910
S1-41652026,S2-892639963
S1-41652026,S3-847021824
S1-41652026,S2-263474722
S1-41652026,S3-546381234
S1-926277293,S2-661975817
S1-926277293,S3-218104041
S1-926277293,S2-262811320
S1-507610029,S2-67491963
S1-507610029,S3-822668723
S1-718080545,S2-609663834
S1-728058200,S3-358427367
S1-728058200,S2-300877214
S1-728058200,S2-723094974
S1-960765771,S3-941050445
S1-960765771,S3-503647776
S1-960765771,S2-54028554
S1-960765771,S3-454456606
S1-960765771,S2-597425542
S1-553032937,S3-803032155
S1-553032937,S2-60919564
S1-553032937,S3-217595314
S1-553032937,S3-72153283
S1-566518214,S3-885559403
S1-566518214,S2-550340536
S1-566518214,S3-127723774
S1-566518214,S2-992725308
S1-566518214,S2-390029334
S1-566518214,S2-668095600
S1-903597657,S2-86008268
S1-903597657,S3-343393906
S1-903597657,S2-33786615
S1-903597657,S3-865352276
S1-864416112,S3-453038773
S1-864416112,S3-511472719
S1-864416112,S2-980597698
S1-864416112,S2-971069801
S1-993134253,S3-829453839
S1-993134253,S3-331226445
S1-993134253,S2-46435706
S1-957921594,S3-200322515
S1-957921594,S2-488227900
S1-957921594,S3-120001865
S1-957921594,S2-529735954
S1-957921594,S3-951257783
S1-60212528,S2-583793260
S1-60212528,S3-355393564
S1-60212528,S3-277364313
S1-60212528,S3-715372687
S1-709520071,S3-184728886
S1-709520071,S2-151720265
S1-709520071,S2-99065377
S1-709520071,S3-562326919
S1-709520071,S3-239239624
S1-903860661,S2-709256041
S1-903860661,S2-534431507
S1-903860661,S2-980717407
S1-903860661,S3-924269229
S1-903860661,S3-613485319
S1-903860661,S2-975537188
S1-538184428,S3-143950184
S1-538184428,S3-31462975
S1-538184428,S2-289238195
S1-538184428,S3-717368107
S1-291157504,S3-671759388
S1-443876343,S2-974737681
S1-443876343,S3-69155519
S1-443876343,S3-393681887
S1-443876343,S2-914248357
S1-529060876,S2-263484475
S1-529060876,S2-614129324
S1-529060876,S3-45981526
S1-529060876,S2-733168627
S1-831902805,S2-508499721
S1-831902805,S3-936594657
S1-831902805,S2-298381628
S1-831902805,S3-34949850
S1-831902805,S3-162400975
S1-150621911,S3-213486419
S1-150621911,S2-367131538
S1-103381944,S3-601521104
S1-103381944,S3-762762577
S1-103381944,S2-726057032
S1-971064455,S3-592744830
S1-971064455,S2-16350636
S1-971064455,S3-796872596
S1-971064455,S3-703150580
S1-766190974,S3-954018506
S1-766190974,S2-785028046
S1-766190974,S2-699322819
S1-796746422,S2-825925905
S1-796746422,S2-652303053
S1-796746422,S3-99449217
S1-796746422,S3-768247815
S1-796746422,S2-638989976
S1-796746422,S3-757412265
S1-978061646,S2-46562462
S1-978061646,S3-392104071
S1-978061646,S2-472492548
S1-978061646,S3-159053713
S1-978061646,S2-395285197
S1-978061646,S3-295969408
S1-978061646,S2-611086879
S1-978061646,S2-51781056
S1-922909509,S2-211753017
S1-922909509,S3-133151889
S1-922909509,S2-100753493
S1-922909509,S2-754210684
S1-922909509,S3-115319869
S1-922909509,S3-118266838
S1-922909509,S2-972988344
S1-230313971,S2-386181162
S1-230313971,S3-618993750
S1-230313971,S2-728070820
S1-230313971,S3-649109426
S1-230313971,S2-348391976
S1-230313971,S3-301841120
S1-230313971,S2-213780024
S1-994395618,S2-971803065
S1-994395618,S2-139572221
S1-994395618,S3-152842696
S1-994395618,S3-135863573
S1-975247004,S3-269511522
S1-975247004,S2-690500713
S1-975247004,S2-69847932
S1-975247004,S2-22172314
S1-975247004,S2-351611695
S1-615556742,S2-516809286
S1-615556742,S3-47537443
S1-615556742,S2-617585407
S1-615556742,S3-809782706
S1-615556742,S2-768392399
S1-615556742,S3-926238184
S1-903674299,S3-604864813
S1-903674299,S3-757880891
S1-903674299,S2-48483897
S1-708203782,S2-367907718
S1-708203782,S3-761908400
S1-708203782,S2-693194816
S1-708203782,S2-758027603
S1-189742943,S3-46207626
S1-189742943,S2-893513538
S1-189742943,S2-715012871
S1-189742943,S2-650011618
S1-383079065,S2-74068210
S1-495478728,S2-624779230
S1-495478728,S3-606576709
S1-495478728,S3-284448166
S1-495478728,S2-20454645
S1-643201911,S3-891901529
S1-643201911,S2-352472942
S1-643201911,S2-194815722
S1-608170301,S2-755049422
S1-608170301,S3-883146308
S1-608170301,S3-929064803
S1-726516003,S2-902052140
S1-726516003,S2-647261098
S1-726516003,S3-448137253
S1-726516003,S3-894566393
S1-380345364,S3-337083
S1-380345364,S3-318815766
S1-380345364,S3-82388457
S1-380345364,S2-348741214
S1-212232920,S2-678905609
S1-212232920,S2-229714060
S1-212232920,S3-510436658
S1-388505490,S3-349744497
S1-388505490,S3-187241032
S1-388505490,S2-614887271
S1-388505490,S3-261537360
S1-388505490,S2-804638355
S1-388505490,S2-961480159
S1-388505490,S3-968055690
S1-781917347,S2-91224420
S1-781917347,S3-118272340
S1-781917347,S3-196723626
S1-174627768,S3-986921584
S1-174627768,S3-229561163
S1-174627768,S2-490503605
S1-174627768,S3-528499686
S1-174627768,S3-805742732
S1-478087451,S2-306025843
S1-478087451,S2-716689244
S1-478087451,S3-444043370
S1-478087451,S2-667356550
S1-478087451,S3-996936412
S1-704717119,S2-651794349
